fips,pct_essential
17051,0.6130136986301371
17107,0.5316272332206663
17165,0.5724096142193497
17097,0.37370924569369696
17127,0.5440028388928317
17017,0.6343258614921379
18069,0.5615517055848488
18181,0.5736063103784454
18075,0.6456946755407654
18145,0.5468124353264048
18153,0.6388080549412175
18157,0.4572212650496755
18057,0.3003843882784731
18005,0.4562277402804413
18049,0.5720257234726688
18113,0.635361763296598
18019,0.5196502799821361
18063,0.4165156046138392
18053,0.5613781720651949
18071,0.5535904126800039
18119,0.6189197562738821
18183,0.5860265054638456
18023,0.6286636369623921
18161,0.5952871870397644
18029,0.5133497596639335
18093,0.5685186956105958
18123,0.6143096034400383
18129,0.5043948068704137
18015,0.611935518308957
18045,0.6224181028811998
18149,0.5925546097836121
18055,0.5598967417846926
19011,0.5279222247343432
19061,0.4606494765796608
19151,0.5770620108368453
19177,0.554900032776139
19003,0.5382317801672639
19009,0.5072264280798349
19051,0.5354593050928129
19093,0.5194090382387022
19135,0.5487450462351388
19167,0.4660474055092889
19025,0.5183124710245711
19033,0.5427618231820026
19083,0.5561182428453657
19117,0.5463165572574763
19147,0.5053481772538747
19087,0.5670336787564767
19099,0.5005269872968325
19157,0.4880233284732348
19043,0.5851216022889842
19017,0.4728682170542636
19063,0.5687354374073289
19081,0.4722861696476005
19097,0.5420550958416256
19111,0.6120612061206121
19181,0.4048025492204393
19123,0.5166515837104072
19041,0.5121440019726298
19055,0.5413696262691726
13005,0.5813047711781889
13025,0.6059979317476732
13017,0.5499184339314845
13033,0.6453128336536408
13047,0.4729150677922742
13053,0.4930148715637674
13055,0.6435480325346229
13073,0.4236521283714976
13087,0.6053116215954251
13115,0.5554730005033195
13117,0.2760194739262872
13137,0.5289913052755107
13147,0.5687951929931765
13185,0.4829410043065602
13191,0.5336958312736859
13199,0.6346177673150787
13207,0.442061600917836
13237,0.5488895905694138
13261,0.5648014898840261
13265,0.6705685618729097
13301,0.5862884160756501
19185,0.6184351554126474
19163,0.4613019570744398
20181,0.5022176731490958
20193,0.4650283553875236
20127,0.518940787054064
20163,0.5387423935091278
20025,0.458502024291498
20077,0.5470265710670603
20111,0.5459896133871899
20145,0.6028210838901262
20033,0.4518918918918919
20063,0.4953416149068323
20079,0.5370663849269237
20093,0.5599758890898131
20113,0.5085625674217907
5041,0.5474468551391628
5049,0.6001962227127791
5061,0.6347080878414569
5051,0.4914727929938624
5093,0.6077166714655917
5115,0.5425730731853181
5117,0.5660869565217391
5139,0.5075048107761385
5147,0.47606483226536
5023,0.5918169478378903
5025,0.5400196014374388
5067,0.6273908336340671
5057,0.6181384248210023
5135,0.5687426556991775
5137,0.6310207688908529
5143,0.4592638488546465
5005,0.5706186530434241
5003,0.6331452026680349
5031,0.537187757480758
5055,0.5927722402856991
5105,0.5396783548642236
5111,0.6104876555804938
5133,0.6569910057236305
5013,0.6347702510658456
5019,0.5107328605200946
5075,0.5486363636363636
5095,0.5604432505036937
5029,0.6008737537806654
5101,0.5389159138290479
5001,0.546414038657172
5085,0.4701854581183984
5015,0.5393323899109298
5123,0.6342776867244205
5119,0.4367922172397694
6047,0.599601840297953
6043,0.5231599886331344
6049,0.5262089956036523
6013,0.38482853802340505
6027,0.4768147608642874
6099,0.5438413498411308
6083,0.4747655056737788
6103,0.5650550075102505
6051,0.486911623439001
6069,0.5268000136300133
13029,0.4465078973346496
13035,0.5174155529832685
13039,0.4903108880524188
13079,0.567240280433397
13099,0.6046448825276802
13069,0.5775923295454546
13077,0.451093633064573
13123,0.553380238605078
13297,0.4797508531608715
13317,0.6104594330400782
13091,0.568037572988068
13129,0.5840377732084381
13057,0.35270498565984365
13113,0.380698615949534
13177,0.4360823193630765
13227,0.4918842625264644
13133,0.5158901573588399
13075,0.5803872053872053
13085,0.4231823847112589
13121,0.3058956098271999
15001,0.49678766827850795
15003,0.4405702401916945
15007,0.5278661546900714
15005,0.5192307692307693
16031,0.5863327088058377
16063,0.6127393513091052
16085,0.4696648281714043
16041,0.5866441251056635
16069,0.5193338537600832
16055,0.4687324944323756
16067,0.6201948255996648
16083,0.5519298158411412
16013,0.5210547667342801
16015,0.4584323040380047
16023,0.501577287066246
16047,0.5900630011454754
16001,0.3881997476302128
16007,0.5864603481624758
16011,0.5436347050476383
16025,0.5598377281947262
16035,0.6066150598170302
16051,0.4799101958659132
41039,0.4634739371172095
51181,0.5899714376388449
51043,0.4484915890449048
51117,0.5351996706463565
51015,0.503272623790552
51075,0.37834417932031816
51113,0.4687298517085751
51161,0.4169945785239593
51025,0.6363485477178423
51131,0.5358822326722552
51163,0.5102760427160992
51720,0.3466085874299938
51570,0.43434603501544805
51021,0.514533622559653
51023,0.4779580923956973
51520,0.4610967556703991
51830,0.28980294025649045
51035,0.5874432561360314
6067,0.4250878007700053
6017,0.4024629557819533
6053,0.5484156242674793
6075,0.27918380289626954
6073,0.4033959157365749
6107,0.5884367637265162
6023,0.4669998387876834
6003,0.4781341107871721
6039,0.5881787602114368
6087,0.42322918346700295
6105,0.5095184770436729
6065,0.5035836914442635
6071,0.5219438958834965
6041,0.2949054280404139
6061,0.3723987102201037
6089,0.5005665416677908
6095,0.5016040352114718
6011,0.6247420553033429
28029,0.6101961509992598
28049,0.5217005946935042
28145,0.5527601367855398
28139,0.6229526587390621
28035,0.4920474084991402
28071,0.4452934352122255
28087,0.5676041325024598
28157,0.6199671322925226
28065,0.6290959795491518
28123,0.6248332295650627
28163,0.6180712032447048
28011,0.5187633857901108
28113,0.6341830158957468
28131,0.6062642657874715
28069,0.7043189368770764
28133,0.5832927423283001
28001,0.5706766197722271
28033,0.488492054572835
42045,0.4090598590164052
42111,0.5772261867825008
29123,0.6197802197802198
29217,0.4910281006658391
29147,0.5045158959537572
29041,0.5467486250404401
29223,0.6094400740397964
29201,0.5437444013138251
29011,0.478286270691334
29039,0.5487993803253292
29073,0.6033623023222682
29121,0.5585457979225684
29149,0.5833542871511189
29186,0.5866967305524239
29067,0.6019261637239165
29083,0.5729143615844213
29109,0.5562147556390977
29169,0.5381805729939505
29215,0.6162137884572199
29027,0.5190700874864839
29053,0.5180629289136346
29075,0.5635943178064089
51191,0.5356026691443534
51139,0.5607425105679104
51510,0.2907384488448845
51650,0.4793467352950698
51013,0.2046017699115044
51027,0.5601873536299766
51179,0.3530881679230353
51760,0.4271834669639412
51057,0.43136106229252097
51185,0.558179419525066
51685,0.4762312633832976
51183,0.6282823416044326
51683,0.4485526859030231
51775,0.4519019304390323
51037,0.5911251980982567
51081,0.7001795332136446
53067,0.4152529871662487
53013,0.4979850316637882
72059,0.5720285594288115
72121,0.5308256594349929
72067,0.4102668567936443
72141,0.5307073954983923
72054,0.5064935064935064
72099,0.5276502504173622
72123,0.6034308779011099
29133,0.5807666740527365
29153,0.5912195121951219
29017,0.6009130682898992
47165,0.44148418754458396
47169,0.5248642779587405
47027,0.650936329588015
17139,0.5747338537970191
17149,0.5486426999266324
17151,0.5694200351493849
17163,0.471475220104989
17173,0.5694417801649722
17019,0.3981163885820592
17013,0.5195390781563126
17053,0.5063431652394544
17089,0.4506681862876553
17093,0.4029095894584507
17009,0.5513825835740818
17121,0.624538291061315
17125,0.5729610348635431
17075,0.5619136233232535
17025,0.6006633499170813
17059,0.6129943502824858
17133,0.4195950791636785
17181,0.6236713588049411
17201,0.5185578661844484
17153,0.6131147540983607
17169,0.5502938126512271
17045,0.5994159162813336
17007,0.5496760678123909
17011,0.5595972309628697
17029,0.5122429383051933
17033,0.5512099411379987
17155,0.5860289057123194
17039,0.4700984102952309
17103,0.5471563674051043
17117,0.5407522748284755
17159,0.6018143754361479
17189,0.539803094233474
41067,0.3704444595500053
41007,0.5212250872649477
42023,0.5992141453831041
42017,0.3909449767974447
42077,0.4843058361360291
42031,0.5820912700696322
42059,0.5778563505268997
42079,0.5302263683558648
42037,0.5543528327959466
42065,0.6364745349191827
42099,0.5185217929449208
42113,0.6357615894039735
44003,0.4252208690150711
44009,0.40103084852680976
45071,0.5922451160857432
45027,0.5772037238949929
45085,0.5523626335426757
45011,0.6008245877061469
45031,0.509884801189149
45091,0.4169199327305224
45021,0.5844975993771356
45053,0.5735640588187505
45061,0.5725589225589226
45001,0.5909540775930324
46085,0.4335294117647059
46039,0.4577434577434578
6021,0.6250554127138931
6007,0.4764659971902804
6031,0.590464637553301
6063,0.5354972197077461
6079,0.4414371312054314
6019,0.5337524631236948
6029,0.5722866834573221
6059,0.3770251690951423
6111,0.4382059497007832
6009,0.4815072867676944
6101,0.5499039569727238
6081,0.3460832748639532
6109,0.5331300909827085
6077,0.5389344327737131
6005,0.4726673984632272
8095,0.5754620123203286
8007,0.4903088042049935
8031,0.3701516741865359
8061,0.4548063127690101
8055,0.476953125
8009,0.532059186189889
8047,0.3552494802494803
8063,0.5250426863972679
8051,0.4894839437775726
8079,0.4569377990430622
8091,0.3731215113782739
8115,0.4830148619957537
8123,0.4809204834438822
8027,0.5582608695652174
8023,0.5573888091822095
8035,0.26692604014618565
8065,0.4146858084255119
8067,0.4044445959303317
8097,0.34891513780681915
8105,0.5583008235804074
8011,0.5281980742778541
8025,0.6340956340956341
8111,0.4651162790697674
8069,0.3936810266413879
8075,0.6110371750510158
8113,0.35058823529411764
8119,0.4541473684210526
8039,0.4040697674418605
8071,0.5018822724161534
8073,0.36624416277518346
8117,0.4744761423882858
8003,0.4998557830977791
8029,0.5291500181620051
8043,0.5264186501012075
8085,0.5240953621382864
8087,0.6208920187793427
8109,0.5574963609898108
8099,0.5313068802329814
8121,0.49430823117338
8049,0.5179273652556096
8089,0.5718349928876245
8014,0.2941283639581489
10005,0.4784175921544146
11001,0.2435873282900515
9009,0.4279024671523004
9003,0.4012768221315836
47157,0.475093481219973
47077,0.5939496096522356
47089,0.5592984527172309
47153,0.5855811672388426
47017,0.5695873981920702
47037,0.4158060253213776
47135,0.6050632911392405
47121,0.6351560770422847
47075,0.6496997816593887
47125,0.5039492362383373
47061,0.6156138259833135
47029,0.6291795498669734
47041,0.5575939098964183
47101,0.5396341463414634
47131,0.5598007937125515
47167,0.5131884057971015
47045,0.5719289620844343
47065,0.4447560420829567
47139,0.6296605453533667
47185,0.5964744203870473
47163,0.4953842464932262
36095,0.4653129114976783
36035,0.539298473530367
36083,0.4123412868797154
36033,0.5379772961816306
36081,0.4690684541144106
36115,0.526922680943066
36061,0.2448803114387476
36011,0.5083401695378725
36087,0.398029970463106
36063,0.4716797457037846
36031,0.5288994000922935
36059,0.3719970111847977
36097,0.5266229029905178
36017,0.5230264677352303
36045,0.5149279618880229
36103,0.41800174464373097
36121,0.5494404498026707
36075,0.5324380241622639
36117,0.4895078299776287
36007,0.4598578116871857
8053,0.421875
36029,0.43647982787396905
36105,0.5358700920988851
36071,0.4575655743250863
37087,0.5383937100448233
37067,0.4545665195277652
18089,0.5213986548247589
18107,0.5979201858108109
18001,0.5996773152629881
18041,0.6608738828202582
18021,0.6091264884669831
18037,0.5212836788139731
18047,0.5558800106185293
18059,0.4352029463669148
18067,0.5838502616106586
18115,0.5832196452933152
18121,0.6175449192208968
18135,0.6018290538163912
18007,0.5717021785970793
18013,0.459812553251917
18133,0.5468655634738495
18175,0.5918450727243013
18027,0.6042626332072877
18065,0.5675784595234497
18083,0.5849615806805708
18095,0.5467090741609747
18125,0.6669026548672566
18131,0.6207339449541285
18151,0.5483393994540491
56021,0.4745324229186989
56039,0.4623007623007623
48407,0.5561165048543689
48459,0.5074037512339585
48473,0.4842796809009854
48493,0.48460938575164003
48219,0.5649695301749558
48329,0.4580311245686923
48299,0.5152304087477221
48147,0.5128589798542649
48041,0.39801032449764456
48165,0.5550559066601848
48179,0.5728704525288376
48237,0.5242749054224464
48035,0.5575152379717287
48029,0.4603662500027543
48023,0.522077922077922
48121,0.3326135719500387
48167,0.4459156508336836
48393,0.5014005602240896
48463,0.5498748659277798
48037,0.5325605274535236
48263,0.4600760456273764
48425,0.5691300790837197
48199,0.5110068117627513
48289,0.6100287448099648
48351,0.6237393328161366
48389,0.6188060206325047
48453,0.3329080891327343
48087,0.6361556064073226
48143,0.5005479179119346
48345,0.5313588850174216
48083,0.5530773574251835
48325,0.5458741000553812
48213,0.5488376423849282
48277,0.5507859733978234
48267,0.5348610433934666
48477,0.5102251467647249
48429,0.5699328859060403
48003,0.6038937186237296
48177,0.5936684443435833
48305,0.5391993327773145
48505,0.6567049808429118
48221,0.5104384975012091
48269,0.4424778761061947
48073,0.5710829094859513
48119,0.5123400365630713
48253,0.5006007208650379
9015,0.4829982209392098
9011,0.4264172523288537
9007,0.3790731928393383
9013,0.3947278890134953
9001,0.36506798786110695
12133,0.5916755099634478
12031,0.4314649684339673
12007,0.5692536995635047
12009,0.4348292756343992
12019,0.4531414531414532
12067,0.5126964933494559
12069,0.4589289989999859
12089,0.476278004208956
12103,0.4040650639801691
12105,0.4992061127565237
12111,0.5161768039289762
12043,0.6564289432587194
12051,0.6375570454673503
12061,0.4846484494933989
12063,0.5531455961653685
12109,0.353645072830229
12117,0.3573192027458301
12005,0.5009605277465656
12035,0.4746658017283321
12045,0.5570434782608695
12077,0.5609126130004305
12097,0.5006908755939106
12131,0.4233445493450067
12039,0.5209064414441206
12065,0.4699432151948306
12083,0.4883478951548848
12049,0.6002871205906479
12093,0.648980658651333
12095,0.42254995781485294
12041,0.5789787996416841
12121,0.5860650852306591
12001,0.4075884285192885
12013,0.6272066458982347
12015,0.4930321420543943
12029,0.6078164495430682
12085,0.43232157506152585
12115,0.4559241204523136
12081,0.4559474888653756
12017,0.5222764297534871
12003,0.5237793278376665
12113,0.4521855568960717
12073,0.3499423707775512
12011,0.4306587921729629
12087,0.4883413221489914
12053,0.4923882914653083
12057,0.4156390126478285
12123,0.5538437597261127
12129,0.43881670703956543
13189,0.5619620327791534
13211,0.4911053130929791
13149,0.65076893128285
13095,0.5383647798742138
13111,0.5241048209641929
13153,0.4466320081835125
13175,0.5766983617825638
13255,0.55288228041992
13271,0.6824925816023739
18171,0.5601409159536991
18165,0.6158617634027471
18179,0.5409566089073464
18003,0.4951486114613369
18031,0.5807352608137691
18035,0.4990807952542501
18043,0.4587498711738637
18077,0.5945531796336282
18079,0.6060343583080698
18081,0.4284263572779548
18103,0.6574903550644086
18109,0.5434327107279694
18051,0.619733590500874
18111,0.6069392409187164
18117,0.5944176430048242
18141,0.4819409059839682
18085,0.548433407213379
18099,0.5884389226100152
18155,0.6525780039831821
18163,0.5048132460531383
18009,0.6193685021178282
18143,0.596250616674889
18105,0.40693070654022506
18039,0.5629683071373357
18025,0.6404520838238756
18017,0.648325628593979
18097,0.4712979434154232
18177,0.5814733625614454
19023,0.5255484587614552
19071,0.5144083384426732
19079,0.5001360914534567
19173,0.5975855130784709
19175,0.5637310760214879
19195,0.5620982257649781
19159,0.5079437131184749
19001,0.5165430690245294
19037,0.5635833716827734
19039,0.5488624052004334
19059,0.5134724033029118
19103,0.4391113646899405
19107,0.5601317957166392
19171,0.5649603972100721
19179,0.5971179092629908
19069,0.5017119838872105
19027,0.4903086187429432
19031,0.5034253684866099
19067,0.4995545373552247
19073,0.5169603524229075
19115,0.6032734388898773
19119,0.4697169190256748
13291,0.49721124796653493
37017,0.5929781898320541
37031,0.4917861799217732
37015,0.5966203325156718
37117,0.5754456706281834
37143,0.5222929936305732
37157,0.5610687022900763
37029,0.4449171518137036
37071,0.5124105479854916
37125,0.497490881496169
37167,0.5765913043478261
37199,0.5517382972898988
37037,0.4345164481820431
37101,0.4776628299749045
37145,0.5725841011356332
37009,0.5626598465473146
37107,0.5945484774238712
37133,0.4798014485514486
37161,0.5964873028302942
37197,0.5714901743362286
37023,0.6007993236492198
38097,0.4865730475486573
38021,0.5064589665653495
38101,0.4744340803094074
38067,0.4831161137440758
38041,0.4136722173531989
38017,0.4429278247309551
38029,0.4091205211726384
38077,0.5283759666864961
38001,0.5541561712846348
38027,0.42638297872340425
38057,0.6186499652052888
38073,0.6223098995695839
38085,0.4753577106518283
38033,0.4862104187946885
38095,0.4238921001926782
38023,0.477947794779478
38081,0.6035389765662362
39105,0.6151091214325686
39021,0.5915087681198762
39057,0.4012134905624453
39087,0.5563836285888821
39115,0.6196477900552486
39175,0.6070923240183941
39043,0.5698243273293306
39091,0.564126222550286
39153,0.4356116491799482
16059,0.4671258609893551
16075,0.5395909275010126
16009,0.6042504307869041
16017,0.5130334990983114
16033,0.7066014669926651
16037,0.5695006747638327
16039,0.5453401824090576
16043,0.5584391336818522
16065,0.4238025335725548
16079,0.5890547263681593
16049,0.5275185065980045
16081,0.5175379426644182
16077,0.5983656174334141
16087,0.5599415204678363
17067,0.5638755686708472
17119,0.4744996975006482
17063,0.5130338762471901
17091,0.5529451019647098
17131,0.5466737485061745
17043,0.34745202391632946
17003,0.6056137012369173
17129,0.4682628957094649
17099,0.5610830144414746
17031,0.42061246509019096
17115,0.5038828059457483
17177,0.525427779370997
17191,0.5944369063772049
17203,0.4352651048088779
17055,0.569412806884333
17109,0.4745537689924768
17111,0.4073005031477116
20071,0.4957118353344768
20051,0.4662736580825318
20107,0.5525337052533705
20175,0.6527138914443422
20091,0.3253491838688984
20121,0.455860289263638
20207,0.5134328358208955
20135,0.5572354211663066
20011,0.5268247036805989
20097,0.4381188118811881
20177,0.4609819000828558
20019,0.6004398826979472
20155,0.5262063794983642
20043,0.5482947149179901
20081,0.5579331941544885
20171,0.4856115107913669
20013,0.5020765027322405
20147,0.5448302174742464
20039,0.5407354001441961
21079,0.5345385860766325
21037,0.4218567142583569
21063,0.6773816481589714
21123,0.6215750743698136
21167,0.5921908893709328
21207,0.5918035212309514
21229,0.606926406926407
21009,0.5700075276911496
21091,0.6170212765957447
21093,0.5280131925019831
21149,0.5795119334942344
21197,0.595421393841167
21033,0.5694921725849561
21019,0.5015535568274734
21067,0.4110546340705877
21115,0.4980831613093482
21175,0.5652879156528792
21199,0.5611944917221104
21001,0.5971744940817105
21025,0.5594477115827154
21099,0.6295529801324503
21223,0.5854745673833246
21105,0.5481852315394243
21143,0.6006256517205423
21135,0.7016166281755196
21239,0.44296814296814296
21131,0.6263333333333333
21127,0.5724653148345784
21145,0.4953374317883539
46015,0.4807824296499657
46053,0.5257575757575758
46099,0.4698495562621613
46025,0.4493006993006993
46077,0.4843633655994043
46027,0.4392857142857143
46041,0.426717924074964
46065,0.3686522391257767
46111,0.5121212121212121
46059,0.448667044809983
46135,0.5362040352869246
46005,0.5631369073992025
46035,0.529406255853156
46073,0.43894736842105264
46117,0.4864864864864865
46107,0.4836427939876216
46023,0.4873109459113048
46091,0.493139628732849
46105,0.4535246412975671
21235,0.5084692842088829
21071,0.5240026407620485
21117,0.4297628111273792
21153,0.7084816132858838
21205,0.5324470704086657
21217,0.5387981069738369
21039,0.5705093833780159
21065,0.6191264748499276
22079,0.5340969681369394
22105,0.5288516473052752
22123,0.5370321210512344
22021,0.6286140089418778
22035,0.5356880058866814
22039,0.6174616695059625
22087,0.5587501989284388
22121,0.4992415169660679
22081,0.5976441413515189
22069,0.5364390764933038
22025,0.5531600708800946
22041,0.5653325485579753
22007,0.5398812736103615
22113,0.4953555281545417
22029,0.5393670692554655
23017,0.5517968779963948
23019,0.4821413886680738
23001,0.4858080002931853
23005,0.3908215137634369
23031,0.4582267215485594
23025,0.5596426455171156
24047,0.4448724320742213
24041,0.4161403113016016
25001,0.44825237667313056
25003,0.4545681789776278
25023,0.4418422173565392
25021,0.32938350212461764
25019,0.4453100654409473
26005,0.5557407009245323
26003,0.5877249357326478
26127,0.603401969561325
26035,0.5815811220273621
26073,0.49994088087496297
26157,0.5960649158014135
26007,0.5639952625345439
26111,0.4519520700595192
26135,0.5774398868458275
26037,0.4392961724843867
26057,0.5558136691527081
26091,0.5511114098772071
26117,0.5718460077434436
26147,0.5469034048195076
26161,0.37427924814965263
26027,0.5574175709078721
26143,0.5333585095669687
26023,0.6013242911304534
26075,0.5159764174976345
26099,0.4742795803535096
26013,0.5728488172780254
26045,0.4723983762650354
13293,0.5560856864654333
13303,0.5777142078735867
13311,0.4834338529020129
13225,0.5893647058823529
13223,0.440633651184251
13229,0.6167219641672197
13231,0.5059760956175299
13245,0.522503413302126
13251,0.5658688105243924
13267,0.5559317782794081
13019,0.6506105834464043
17135,0.5530204822400829
17195,0.5759594882729211
17001,0.5050953269884016
17027,0.5292667238421955
17037,0.4817264573991032
17047,0.6363946739501536
17079,0.535063752276867
17081,0.5731510254816656
17183,0.5674604443023813
17197,0.4534983409048833
17199,0.5244231968405737
17023,0.5773903856312731
17041,0.5417979416089057
17049,0.5200532438219805
17057,0.5755860415556739
17061,0.5844303591743865
17065,0.6012924978926665
17069,0.6282442748091603
17073,0.5060230484888019
17087,0.513371788148925
17095,0.5476743634725713
17105,0.5990864151179526
17171,0.5590653396797923
17179,0.4718312101910828
17187,0.553472571716155
18061,0.5377863900604126
18091,0.5585988330604877
18169,0.5750407830342578
18073,0.5984702403907958
18101,0.6044633368756642
18127,0.5031565261960421
18137,0.5900042961477875
18147,0.5787884886295029
18159,0.5503320053120849
18167,0.5319897172236504
18173,0.491213125098596
18033,0.5842347151942807
18087,0.6565878579066176
18139,0.6033320111067036
18011,0.3802993976960412
26053,0.6043827367012379
27093,0.5679565629578557
27131,0.4875131902919451
27125,0.5045180722891566
27027,0.4321110009910803
27045,0.5357873210633947
27119,0.5339700732250876
27143,0.571518588531821
27165,0.5706306306306306
27011,0.4923534409515718
27021,0.5220483641536273
27057,0.5543970510795155
27091,0.5149344096871846
27105,0.6064780342516753
27141,0.492547175311425
27019,0.3399603084002178
27085,0.5530899171125799
27123,0.4092029087828297
27169,0.4929192372406057
27039,0.5369133415362981
27035,0.5028371323887033
27171,0.4549491516131685
27081,0.5240488155061019
27095,0.6041070113720036
27017,0.5537592867756315
27065,0.6061766207248597
1115,0.5228140338120342
1043,0.5836741848778778
1069,0.5225807905530265
1125,0.5061654584859129
1031,0.5598210617610809
1021,0.5870135798242611
1037,0.6075678248453118
1055,0.563094958968347
1075,0.5953470633104501
1013,0.5935687263556116
1127,0.5984271319734579
1063,0.6139398998330551
1011,0.6573280852049086
1017,0.6264703905357263
2100,0.4360711261642676
2110,0.4102848470698109
2290,0.4726027397260274
2068,0.5305039787798409
2105,0.48737864077669896
2275,0.4728110599078341
4019,0.4486550787104348
4007,0.5284300615137737
4003,0.4872029250457038
4001,0.5517391304347826
4027,0.5659591847489559
4017,0.5471494837647763
5021,0.5809732436238461
5043,0.5105442606389695
5121,0.6482224770642202
5009,0.5107580066773835
5079,0.6235587410408227
5035,0.5591961555264308
5045,0.4554308920704846
13295,0.5452811244979919
13135,0.4138982925551229
13013,0.4829047223190582
13049,0.6412752494524215
13065,0.5846774193548387
13015,0.5025869054792528
13097,0.4605790645879733
13131,0.5865019011406845
13141,0.5469330855018587
13313,0.6048999454629358
13193,0.6526268115942029
13285,0.5562194092827004
13145,0.4595992243051066
13249,0.5808463251670378
13321,0.5811530184618869
13093,0.6075849872273531
13109,0.5547727272727273
13307,0.5203703703703704
13103,0.5267421331394745
13125,0.5832072617246596
13239,0.6548347613219094
13051,0.4794051003766832
13167,0.6505811015664477
13173,0.5137101287073307
13195,0.538647531393807
13205,0.5643098455598455
13277,0.5405449413808077
13233,0.6304837204194806
13263,0.6579150579150579
13273,0.5375446960667462
13275,0.4880500564160426
13319,0.6022588522588522
13221,0.5340595274624118
13243,0.5619524405506884
13299,0.5567258501354198
13305,0.5727630735415331
13315,0.6078506097560976
13009,0.5486351819757366
13031,0.5202391367745699
13061,0.537117903930131
13101,0.5676905574516496
13089,0.3866804188317623
13143,0.5614171999375683
13163,0.6483185544587585
13181,0.5998783824870781
13213,0.6143973532599395
13235,0.4869989165763814
13241,0.5476422764227642
13281,0.4567372690401082
13283,0.7044617273843635
13155,0.5308539944903581
13001,0.6368831892946752
39149,0.5692940753465703
39171,0.5801492453571229
39029,0.5876054724504858
39051,0.573210922787194
39053,0.5747747747747748
39099,0.5187570255491836
39145,0.5810781863620136
39117,0.5508036739380023
5089,0.5774721448467967
5129,0.5786244752986761
5007,0.4300728127287437
5059,0.5765978517559229
5087,0.5575367096194186
8033,0.4911616161616162
8057,0.5397815912636506
8083,0.5027648947556189
8013,0.3092596489033205
8125,0.5262298428250664
8107,0.4495298672566372
8019,0.4320987654320987
8101,0.5215945390101956
8093,0.4385135135135135
8077,0.4848861517599865
8041,0.4136287677167791
8005,0.3886578580561924
10003,0.4013385427971927
10001,0.5107970406719827
9005,0.42471701996295536
12099,0.4314688238183221
12086,0.4544427164966783
12037,0.5787253983130272
12047,0.5416445623342175
12119,0.4474090495229801
12059,0.5627098846546941
12071,0.4721306063264058
12021,0.5104384924141064
12101,0.43905604395100456
12055,0.5304425569959768
12027,0.6944956156510206
12023,0.5708631737655484
12107,0.576619761867945
12125,0.5434486515935713
12075,0.5774519979242345
12127,0.4719514559684129
12079,0.5402280646183085
12033,0.4557116721551409
12091,0.4399905735543311
13187,0.5217916137229988
13201,0.5494641384995878
13219,0.3610071634769593
13151,0.4582912101423536
13183,0.5536205316223648
13257,0.6325306938231655
13161,0.559239028065549
13037,0.5664877757901013
13021,0.4911186696900983
13197,0.5854568054692355
13023,0.5746416758544652
13119,0.5575947317283817
13171,0.5506347374495095
13107,0.638755701087592
13159,0.5392605633802817
13179,0.5688151743976987
13253,0.5955510616784631
13289,0.5930915371329879
13269,0.5226537216828478
13279,0.6266348448687351
39135,0.5737622264797821
39003,0.5841387445932242
39033,0.5984783540505787
39059,0.5808032512550799
39107,0.6107398454903076
39023,0.5660290691951836
39093,0.490991652848037
39113,0.4743718796931445
39165,0.37137961481636894
39007,0.6131184815382335
40071,0.5509347779902273
40035,0.5550683970536654
40017,0.4399559153914629
40077,0.5980546792849631
40139,0.5991471215351812
40127,0.5753459119496855
40069,0.5202898550724637
40007,0.4969274887341253
40063,0.5624399615754082
40031,0.4983967685516782
40001,0.6375186846038864
40137,0.5358021990044308
40019,0.5668931031229362
40055,0.5393878575012544
40091,0.6054301313265457
40099,0.5842330762639246
40115,0.5645274212368728
40145,0.4710296069561449
40015,0.5435090201627166
40101,0.5261530339027793
40013,0.5107056694813028
41029,0.5036647897071314
41023,0.4653432032301481
41005,0.4171712633799516
41057,0.5598137188318618
41033,0.5339065186806315
41059,0.5648525237566333
41009,0.5360824742268041
41065,0.5322785345629918
13209,0.5764439411098528
13247,0.4734720959378763
13309,0.6547571256523484
13011,0.5792817321405419
13059,0.4484639304495059
13127,0.4874862310116044
13157,0.4664221128165525
13169,0.4778156996587031
13215,0.4826064014620146
13259,0.5447811447811448
13287,0.5703225806451613
13003,0.6477272727272727
13007,0.5164835164835165
13043,0.5680109364319891
13045,0.5094980287110222
13081,0.5056912366007293
13067,0.3518415396516231
13083,0.5526427660478958
13027,0.5176160684886401
13105,0.5852748101428755
13165,0.5685447423922868
13217,0.5402209651397879
13071,0.5930960663633931
13063,0.5418828990692689
13139,0.525233284821505
15009,0.5015724566838243
16071,0.6168115942028985
16045,0.5391953546246371
16003,0.4780673871582963
16053,0.604161013116237
16061,0.577028885832187
16073,0.5849458204334366
16021,0.5614561027837259
16029,0.565538048944016
16005,0.4786795414039848
16019,0.4627923320188966
16027,0.5309324318719151
16057,0.40361565131253097
17167,0.42588815230324667
17157,0.5796815769522365
17141,0.5409475870885266
17137,0.5115263597251654
17193,0.5804007408654656
17071,0.5549483910139648
17113,0.3686488923961445
17145,0.6220772827959635
17161,0.5117543084401237
17185,0.6014412416851441
17035,0.6048925129725723
17085,0.5010758723921789
17101,0.5916315277327279
17123,0.5543274634694643
17021,0.5374047878128401
17077,0.4631136044880785
17143,0.4594541743562166
17147,0.4859700048379294
17175,0.5332795482049213
17005,0.5254145881083996
17015,0.5550989345509894
17083,0.5616767618498222
24027,0.2796122547235172
24033,0.4443886439868807
24003,0.3525780384757373
24005,0.4008109609769361
24021,0.3641771463074641
24009,0.4033332623826653
24023,0.5323720259552992
24029,0.4664660361134996
24031,0.3113432569747749
2050,0.4779753323722569
2185,0.5253515914137675
2220,0.4659753726506805
2090,0.4856822873204796
2130,0.4983136593591905
2170,0.5096615047279704
2180,0.4373138369888979
2070,0.5192118226600986
2282,0.5044247787610621
2164,0.4992343032159265
2240,0.5473045340949659
2020,0.4346748096553867
2013,0.717692974848222
2261,0.4942220387948824
2122,0.541242000474046
2230,0.4552845528455284
2198,0.5147112241191427
2195,0.6225045372050817
2158,0.5223540145985401
4013,0.4153947988074758
4009,0.5406746031746031
4023,0.4799277515585853
4012,0.5949675324675324
4015,0.5392557450776065
4005,0.4480095779706675
4025,0.4907254904188012
4011,0.6839793281653747
4021,0.4844484720972382
5099,0.7343945068664169
5037,0.5581212280241407
5039,0.6371951219512195
5027,0.5517665474060823
5125,0.4806122272104834
5141,0.5795414462081129
5065,0.6336507936507937
5063,0.5704313922777009
5083,0.6242410862126062
5053,0.5492268041237114
5047,0.5741655440802275
5109,0.5881970058581037
5069,0.5611920884502085
5097,0.5757204169221337
5127,0.6450239489089942
5131,0.5377862328958392
5033,0.5413770592527168
5017,0.5127970749542962
5071,0.5769525267993875
5077,0.5655913978494623
19125,0.5097865294778546
19183,0.5409923056513664
19197,0.5515859184384803
19029,0.5167974882260596
19035,0.5614908965991068
19047,0.6602760736196319
19057,0.5471252297190864
19065,0.5478766843609637
19085,0.5031541415249589
19109,0.5219885277246654
19129,0.5148568341437061
19133,0.5333796940194715
19139,0.5543493389004871
19143,0.5439047925377936
19153,0.3990086837436584
19187,0.5488313856427379
19169,0.3772569140769246
19193,0.5173655230834392
19013,0.5043000650430006
19075,0.4704936484965429
19105,0.5089340101522842
19131,0.5432121661721068
19137,0.5229093897678241
19161,0.5356289808917197
19149,0.5036283384454253
19019,0.5309944856436585
19045,0.5387323943661971
19053,0.4691762138570649
19101,0.4708351745470614
19005,0.5790876777251185
19113,0.4389473064864547
19049,0.3149949469429005
19141,0.5784883720930233
20187,0.46019629225736103
20119,0.5068949120304327
20125,0.571684835104181
20151,0.5079011796127311
20153,0.453386454183267
20003,0.5492874109263658
20053,0.5517498138495904
20061,0.5115407049412549
20057,0.6258650779322381
20167,0.5588516746411484
20117,0.5274000824062629
20001,0.5358419887621317
20023,0.5240346729708432
20035,0.5652117768595041
20049,0.6080661840744571
20059,0.5590637763116557
20083,0.4721941354903944
20089,0.469672131147541
20159,0.5346765641569459
20185,0.4814080317302925
20139,0.5198487712665406
20031,0.5567135239941833
20037,0.5043271311120727
20073,0.5412173913043479
24013,0.3854870366989228
24035,0.3839111041552547
24037,0.3904563563926114
24017,0.3986730702579591
24019,0.5160161507402422
24043,0.4892644976719067
24045,0.4954145305255418
24015,0.4761149303719373
24011,0.5125381121274345
25025,0.3872301925811038
25007,0.470561282932417
25017,0.3116598033259074
25005,0.4718902588962658
25013,0.4955165602462217
25009,0.4184771971031513
25011,0.4546667392724896
25027,0.4318411333260636
25015,0.4062425711976418
26033,0.5495716034271726
26115,0.5466019693778815
26125,0.35189010982213825
26059,0.5703619793007569
26121,0.5714492868253843
26089,0.477766497461929
26087,0.5448255189468688
26151,0.5961775585696669
26083,0.5194647201946472
26131,0.5617314313821938
26139,0.4903524672708962
26001,0.5664377426097342
26067,0.5756781006280627
26079,0.6315431679129844
26021,0.4965932255452236
26129,0.5578365574417686
26165,0.5666975947469846
26039,0.5534476468442174
26043,0.5355142679349275
26063,0.5567960815385724
26065,0.4118593538860176
26105,0.5585964912280702
26109,0.6100201871903101
26113,0.6303385004745333
26149,0.6178789600795568
26159,0.5595453891526401
26011,0.5949881476464612
26015,0.5332989690721649
26071,0.5933666515220355
26019,0.5441890166028097
26153,0.5993299832495812
26163,0.5050134776684574
26055,0.4561107071052744
26097,0.5510068599247621
26049,0.5248622309878763
20099,0.5982349233032149
20173,0.4790677548469296
20157,0.4739399293286219
20065,0.4784377542717657
20045,0.3969790291831647
20179,0.4808868501529052
20069,0.4965167827739075
46121,0.4512946979038224
46102,0.5729865771812079
53039,0.4893119962621189
53027,0.5379726723863998
53069,0.5925361766945926
53025,0.5920269539127441
53061,0.43098497398076063
54089,0.5823790605281608
54025,0.5718394937437078
54057,0.5841669541221111
54041,0.5702492716089349
54075,0.5770491803278689
54083,0.5657987956075098
54105,0.5632854578096947
54015,0.6721375537319265
54061,0.4441465943999843
54103,0.658028271112722
54039,0.4525646092843573
54077,0.5870235320652583
54085,0.5837334086416267
54043,0.5694891532540238
54007,0.4977973568281938
54005,0.5907767734027884
54109,0.6359431780640898
55033,0.5404854863350874
55043,0.5063523649165774
55117,0.5309888929901682
55078,0.6363636363636364
55011,0.5613214442332992
55063,0.4838245406425407
55073,0.4978599411658092
55121,0.5673051343442405
55027,0.5847727172328488
55125,0.5282494926839688
55071,0.5610284701014678
55013,0.5415921288014311
55029,0.5100661385275093
55039,0.5506086376521594
55091,0.5466307277628032
55103,0.6042194092827005
55137,0.5924460770462466
55065,0.5070636310566258
55093,0.4827806938932275
55015,0.4646036916395223
55059,0.4907866594589513
56019,0.5400473933649289
20199,0.36528497409326427
20017,0.5679567956795679
20189,0.5980746089049338
20183,0.4808022922636103
20067,0.5881326352530541
26009,0.5344278606965174
26061,0.4847790507364975
26093,0.4167322935310662
26069,0.615173473869126
26085,0.5957227518680752
26101,0.5583105694473629
20085,0.5101134681795757
20095,0.5159395973154363
20109,0.4856140350877193
20131,0.5136054421768708
20149,0.4924215406562054
20209,0.5919684381041961
20021,0.5236983422834461
20015,0.4455119938096466
20027,0.471933471933472
20105,0.4770833333333334
20169,0.5016686012768428
20191,0.5417179657164504
20195,0.4772301933873986
20197,0.4735128736312518
20205,0.5434510393188079
20123,0.5465542521994134
20141,0.4802969731581953
20005,0.4969199178644764
20055,0.6237107864202837
20075,0.5792038992688872
20103,0.4782730664572054
20201,0.5164960182025028
20203,0.4700625558534406
20129,0.5
20137,0.4531914893617021
20009,0.5150647785477553
20029,0.5435229609321454
20047,0.5169491525423728
20101,0.4768518518518519
20165,0.5278551532033426
20115,0.5602514844568635
20133,0.5515471069793256
20143,0.4817218995558593
20161,0.3860724693462364
20007,0.6196520921485661
20041,0.5159633846840813
20087,0.5061375661375661
21089,0.5485267420751292
21069,0.5961062530935489
21043,0.5883297030838014
21081,0.606516290726817
21111,0.4621335675155773
21141,0.6079555635190826
21161,0.5496898690558236
21191,0.53963367708173
21201,0.5602923264311814
21215,0.523261784944028
21011,0.5955056179775281
21007,0.540825549864417
21021,0.5317065208520363
21087,0.6320287899235267
21095,0.6060775020908837
21159,0.5457875457875457
21137,0.6430208229550662
21171,0.5739644970414202
21183,0.6082463573421515
21225,0.6345646437994723
21233,0.6449848024316109
48249,0.5815434565434565
48111,0.6310810810810811
26119,0.5761654629021667
26141,0.5912783240701154
26051,0.5684610230064776
26077,0.4519837050128053
26107,0.5650515685431886
26103,0.5027504911591356
26123,0.5928795606120048
26133,0.6385717483769868
26137,0.5174005354010892
26025,0.5456756396588486
26031,0.5276026743075454
26095,0.5573141486810551
26081,0.4708461632471779
26145,0.5253614872618775
26155,0.5451722190852626
26017,0.5233378677095732
26029,0.5283567619970916
26041,0.5683656438567211
26047,0.5157182892652613
27071,0.5248768891152997
27097,0.5850814449720503
27113,0.4756949018574628
27147,0.4939198477318388
27167,0.4883292383292383
27001,0.5463966836734694
27043,0.5635689851767389
27101,0.5235602094240838
27067,0.5303884996815577
27075,0.5216036560033236
27133,0.5119766715267653
27135,0.5928691881474344
27155,0.5029205607476636
27005,0.5409102060843964
27053,0.3436480072630321
27015,0.5188755020080321
27023,0.5291084497671324
27029,0.5706535778868509
27049,0.5219383332645395
27059,0.5358631171250674
27063,0.5486573985907446
27099,0.5696478653786227
27115,0.5938963471745239
27109,0.49000830135107504
27159,0.6218739579859953
27009,0.5317341094732889
27047,0.5842331897979464
27061,0.5446235749083421
27121,0.5006182653241477
27149,0.4748281627345346
27151,0.5331514897188417
27033,0.5680484573159189
27139,0.4025606135576447
27157,0.5283838921412098
27117,0.5597396559739656
27107,0.4958912768647282
27103,0.4775871034841394
48157,0.346678109717057
48235,0.536144578313253
48489,0.6228563948160754
48115,0.5693918467364669
48051,0.5609101367761729
48355,0.5246620741467789
48379,0.5573770491803278
48385,0.4888888888888889
48431,0.5499207606973059
48065,0.4328103683492497
48161,0.5652359295054008
48197,0.5814226925338036
48045,0.4783333333333333
48291,0.5787592213447726
48301,0.6363636363636364
48395,0.5492213947190251
48401,0.5792878730638459
48455,0.5677154582763337
48019,0.4638522427440634
48075,0.6084822993340343
48091,0.4110435005813163
48225,0.5633888416190592
48349,0.551434669196111
48415,0.6001453488372093
48433,0.5213270142180095
48021,0.5006612298875909
48025,0.6357840207212592
48103,0.5783582089552238
50021,0.5028803000870788
50017,0.5088807078731512
50027,0.4706283907591708
49049,0.362117328776876
49013,0.5340140238651739
49047,0.4976862718798203
49011,0.3808174778693668
49015,0.5257425742574258
49017,0.4940476190476191
51093,0.4693522107983595
51620,0.6286127167630058
51678,0.3484126984126984
51089,0.5691390794811438
51101,0.4333695783496436
51109,0.4659578324170845
51147,0.5074248877633245
51165,0.5131268548816681
21035,0.4875532263347527
21045,0.6135359604170348
21047,0.5638532733293709
21059,0.5237360008698488
21085,0.6157801252687669
21101,0.5548726521781886
21103,0.5889452749965711
21107,0.6086702748593866
21109,0.5972550875532419
21125,0.5293748955373558
21157,0.5295559186098322
21163,0.5668694275477043
21173,0.594492579565926
21181,0.5813541297412265
21185,0.371328627253246
27041,0.4830910403134344
27051,0.5510204081632653
27069,0.5161290322580645
27079,0.5257192098634496
21187,0.5922459893048129
21203,0.562050947093403
21209,0.5158166330894568
21227,0.4957349640065021
21003,0.6037282708142726
21017,0.4929987074536837
21029,0.5366901828298887
21055,0.6201403887688985
21075,0.6
21119,0.5574875027168007
21165,0.5810309278350515
21177,0.5964001674340729
21193,0.5453416149068323
21237,0.5986471251409244
21051,0.6307859865674351
21013,0.6054961025234509
21057,0.605334364128334
21083,0.5685224156622665
21129,0.5699300699300699
21031,0.5945163158910987
21061,0.6273022751895991
21097,0.6121219572166215
21023,0.5661664392905866
21179,0.5918536990856192
21231,0.5751660566626
21155,0.6345454545454545
21221,0.5518029903254178
21015,0.4182922503990069
21113,0.5078044983407759
21121,0.5327302297214881
21133,0.5712056737588652
21139,0.5928497942386831
21195,0.5469646331121863
21211,0.4900913983087042
21005,0.4750023898288882
21027,0.603448275862069
21073,0.4387509681627329
21147,0.605795288722118
21151,0.4884380198205375
21169,0.6628381827462991
21189,0.5134706814580031
21213,0.5494926998267755
21049,0.5058384789386807
21219,0.6056997022543599
21041,0.6119336025123374
21053,0.6203576341127923
21077,0.5814134092674087
22083,0.5496054844134006
27087,0.5574766355140187
27025,0.5170865467009426
27127,0.5322516292060114
27173,0.5326969943135662
27153,0.5870682658490396
27007,0.5062666160273452
27013,0.484342544632293
27055,0.5117118875658794
27073,0.5122169249106079
27077,0.6374935266701192
27111,0.5442484071973674
27161,0.5177632285070302
27137,0.5136712220522536
27003,0.4495806209313971
27145,0.5056645738248037
27037,0.3847350422955288
27083,0.5049490213589343
27089,0.5228920654650921
27129,0.5444428988732786
27163,0.3765336475174365
27031,0.4381169324221716
29103,0.5412667946257198
29139,0.6479921645445641
29207,0.5593371059013743
29007,0.6166666666666667
29077,0.4521869008552287
29185,0.6191004997223765
29197,0.6007403490216816
29029,0.4911047192926388
29099,0.4911290250427221
29143,0.6477390659747961
29173,0.5747635339102435
30017,0.4656401944894651
30075,0.5461801596351197
30085,0.5097024579560155
30051,0.5441941074523396
30083,0.5247803746063319
30101,0.5605299223389676
30019,0.33218390804597697
30045,0.4343544857768053
30023,0.6035087719298246
30055,0.35732647814910024
30087,0.5996940336562978
30021,0.5489696197153177
30007,0.5052023121387283
30071,0.5268156424581005
31009,0.5333333333333333
31049,0.5066666666666667
31113,0.5585774058577406
31169,0.4984423676012461
31001,0.5324044887151683
31011,0.4851928374655648
22099,0.5623840240346382
22115,0.5098531211750306
22127,0.6087040246485653
22033,0.439355335117926
22085,0.5584319526627219
22003,0.5860004605111674
22065,0.5946104276508495
22053,0.5406768630003255
22093,0.5954038227820131
22043,0.5872783037738365
22125,0.5491559086395233
22051,0.4850481139155133
1099,0.5748092791530437
1079,0.609883487344315
1081,0.4399224287815969
1093,0.5789384862036959
1107,0.5777397748325496
1119,0.5222558844092287
1073,0.4518842993632662
1023,0.6046010064701653
1059,0.5950155763239875
1091,0.5675715550309826
1113,0.5036839430894309
1019,0.6676352705410822
1039,0.5721225205775199
1041,0.5712773465067043
1047,0.5938523733184637
1077,0.5145332241169608
1085,0.6110787172011661
1087,0.4937712344280861
1083,0.4978523821278696
1117,0.3613380881513305
1133,0.63125
1003,0.4509259551377102
1051,0.4684025746050322
1071,0.5956171383647799
1121,0.5774562022717064
1129,0.6467216051594411
1027,0.6484530486701646
1103,0.5302776332774599
1109,0.495926243567753
1033,0.5716976173791171
1045,0.5486828942980994
1065,0.5340802987861811
1049,0.608455076082189
1053,0.5867354919443141
1111,0.5796439981743496
1097,0.5063402838659401
1105,0.5752625437572929
1029,0.5477483791834589
1035,0.6420132325141777
1005,0.5830262688696065
1007,0.6157147967091928
1015,0.5490228829129781
1025,0.6407979407979408
1057,0.6195360580716427
31149,0.4429708222811671
31163,0.5112137203166227
22011,0.5639380839492399
22013,0.6060931130658657
22015,0.4578696343402226
22023,0.4866581956797967
22037,0.5133804983082129
22095,0.5481762597512123
22075,0.5190422128186604
22073,0.488561244838036
22117,0.5831222657149436
22097,0.5324600638977636
22001,0.5399001505666059
22101,0.5480889073535521
22103,0.430918456538158
22111,0.6146171693735499
22017,0.5156348536445751
22005,0.4627164565908824
22055,0.4598748582706925
22045,0.5531668212534782
22061,0.4649451817657242
22091,0.5750262329485835
22119,0.5918171208896822
22031,0.5832022939598557
22047,0.5298163345056662
22063,0.4861927052244667
22067,0.6366496690897255
22071,0.4287998769048155
22109,0.5463703195661959
22019,0.5236322002623329
22027,0.6298863855189678
22009,0.5870393900889453
22049,0.5970498291059543
22077,0.5527256478999106
22089,0.4738929549822137
22057,0.5558097086481366
22107,0.5765765765765766
22059,0.6414342629482072
23015,0.5284914160477292
23027,0.4917147546190905
23021,0.5990941746056536
23003,0.5551988645963573
23029,0.5812584519926816
23013,0.4992241853946644
23023,0.4801863553603941
23011,0.4512383122758806
23007,0.5469117037446456
23009,0.4877010059475733
24510,0.43704252228646295
24039,0.5471422142214222
24025,0.38865318961218304
24001,0.5364603584178714
31093,0.4501956063797773
31073,0.4942222222222222
31153,0.388967408501213
31015,0.4700507614213198
31059,0.4694019471488178
31091,0.5818815331010453
31159,0.480008763281849
31181,0.4977116704805492
31023,0.5587399336807201
31005,0.4321608040201005
31067,0.5386562980377972
31099,0.487603305785124
31119,0.5412402167369055
31137,0.5293248945147679
31179,0.4415073115860517
31107,0.5218211842415664
31121,0.5210042257022123
31133,0.5632554391619662
31183,0.4925
32015,0.6310904872389791
32009,0.5226130653266332
32021,0.4517601043024772
32017,0.44093178036605657
32031,0.4589456048155521
32510,0.5090838358296051
33013,0.44857296715131934
33001,0.4421898928024503
33017,0.43838492750333397
34025,0.3594284387491921
34037,0.40378498937616303
34013,0.444683573755235
34015,0.4093349938400557
34031,0.4825324549904042
34003,0.3327680885281692
34041,0.4263106550565451
34005,0.3845751130958507
35029,0.6010280743376829
35055,0.4946639746178252
35007,0.5218367346938776
35021,0.4825581395348838
35037,0.4253681392235609
28103,0.6691861929957168
28137,0.5598851517637408
28107,0.5613607793840352
28161,0.6184810628594091
19189,0.5623516523644331
19165,0.4668387929643376
19007,0.5521565646969409
19095,0.5373414748708314
19145,0.5445431108564881
19191,0.5067648569960611
19155,0.4890277483583986
19127,0.5880112163377599
19015,0.5075369738339022
19021,0.5983757130426375
19089,0.5700084602368867
19077,0.5030041306796845
19091,0.5139604810996563
19121,0.466137816717973
72061,0.3316447815259226
72053,0.5743135694389176
72007,0.546875
72065,0.4789440102089648
72133,0.6115836877658244
72097,0.4484623368110559
72119,0.4838766936867641
72011,0.5605647170482857
72033,0.4677503932878868
72055,0.5611246943765281
72087,0.5906749098402885
72085,0.4717033993276055
72145,0.5310760978880322
5073,0.5304659498207885
5107,0.5480023852116875
5149,0.5923321981764254
5011,0.6707406502077732
5113,0.5816114269865483
5103,0.556340255085907
5081,0.5910478128179044
5091,0.5153439748201439
5145,0.5559867134386738
6033,0.5678900592495063
6115,0.5299621072398645
6035,0.5669492509580769
6097,0.4402282152815202
6025,0.5613576588873722
6001,0.3535061203618997
6055,0.473903937251374
6091,0.5654574132492114
6113,0.41622470236597664
6057,0.41984611543611977
6045,0.4982355594470535
6037,0.4351141198041406
6085,0.3179410545954635
6093,0.5233401862377555
6015,0.5598447032723239
8015,0.5015542802486849
8045,0.4626444972288203
8059,0.3503224990514734
8103,0.5392017106200998
8021,0.5685044569164741
8001,0.4841175594613067
8037,0.4771448663853727
8081,0.5644978095083564
8017,0.4263839811542992
1101,0.43925039351370615
1095,0.5605847983058199
1009,0.5759912396769631
1067,0.5602601156069364
1089,0.3793567350630264
1001,0.4687627436587554
1123,0.5616773596137311
1061,0.5818923644841655
1131,0.5946577629382304
2016,0.6843342036553525
2060,0.5085470085470085
2150,0.575
2188,0.5078274150439099
47107,0.5701228086622293
47117,0.5585181215247538
47143,0.5751758947690425
47151,0.6158275143942178
47001,0.5143356536138113
47049,0.630740793402531
47053,0.5443931037909276
47069,0.593544382371198
47105,0.5325294447560291
47149,0.4615874413843993
47159,0.5565893169877408
47189,0.3970973358107416
47171,0.6054787162615819
35027,0.481163251817581
35005,0.5373572836475883
35025,0.5818326638038509
35049,0.4052825256098774
35059,0.5581550802139037
35051,0.4561659848042081
35053,0.41144314868804666
35041,0.5187950892292115
35013,0.4878885680312553
35028,0.21609477124183007
35039,0.4365737786286606
35047,0.5389569914814045
35061,0.5301192642005256
35057,0.5352470930232558
35001,0.4255031536292612
35035,0.5142697977374014
35006,0.5434688111280156
35011,0.5167464114832536
35019,0.4429477020602219
35003,0.5259009009009009
36005,0.5514658072541204
36067,0.4132741012796104
36019,0.5301882043681311
36099,0.5022905759162304
36079,0.3995006242197253
36043,0.5209079217212972
36069,0.4287512312575244
36101,0.5283406480530395
36041,0.5836597649692221
36013,0.539775875319476
36047,0.4088807934606326
36107,0.4788862091646569
36073,0.5573935961419839
36091,0.37123840661906987
36021,0.475954738330976
36049,0.581941763866745
36119,0.37283641437186826
36025,0.5276162790697675
36057,0.5466814568312073
36085,0.4416295246442758
36089,0.497987283289877
36109,0.328249675720294
36113,0.4578591971989496
36023,0.4751946990232778
36027,0.4259527255185721
56031,0.53584229390681
56033,0.4796287764101889
56003,0.5758708915567802
56011,0.5452966714905934
56029,0.4964803907484557
56001,0.4149006001500375
56007,0.5871534449629426
56015,0.5670103092783505
56041,0.5526145900581021
56043,0.5377283558379666
56017,0.5002255299954894
56013,0.5182573521373128
56035,0.4673290026748185
56045,0.5771499534306116
72009,0.5690100430416068
72077,0.5439065108514191
72079,0.5040016416991586
72001,0.6138485477178424
72027,0.4955489614243324
72103,0.631106120157215
72105,0.4779656319290466
72013,0.5220390455531453
72015,0.6092996881202155
72115,0.5619170612713446
72057,0.5069536087706832
72049,0.5617597292724196
72063,0.4115169317740952
72017,0.4457274826789838
72153,0.4827707454289733
72005,0.4763567583296959
72023,0.4257316399779128
72109,0.5919863181040801
72149,0.6438668490652075
72031,0.4037777777777778
72035,0.485594237695078
72069,0.5263227338699037
72101,0.599748772410643
72139,0.3727943064675887
72091,0.5044714299162195
72111,0.571011104617183
72117,0.556295659647615
72125,0.4848367531294361
72131,0.5534279740288324
36055,0.4145530416639499
36065,0.4789935680631855
36111,0.4465909221191658
36015,0.5106474164947902
36051,0.4903527644025544
36077,0.4839009066895124
36039,0.4838883184196372
36001,0.3696605519995521
36003,0.5290558111622324
36009,0.5184954280964256
36053,0.4798991291088761
36093,0.4251419013408648
36037,0.5133243151843084
36123,0.533321641529288
37079,0.6623532231008866
37121,0.5790214162888854
37041,0.5941639813820265
37005,0.5183031869078379
37027,0.5973458532349111
37035,0.5373850134800103
37045,0.5704255160222095
37049,0.5245581026885181
37065,0.5725084635718592
37077,0.5321053217959669
37085,0.4847542953032932
37093,0.5427945548427476
37089,0.5016814142666591
37095,0.6646216768916156
37097,0.4777779068821677
37119,0.3689715495488239
37131,0.5859725431561777
37147,0.486010202504251
37159,0.5799786021110455
37181,0.6137419725369394
37039,0.517982294356326
37053,0.4601372131535368
37179,0.4108215551587965
37193,0.5696000543219936
37127,0.5220442269516643
37003,0.6089398687400225
37055,0.4485773240660295
37185,0.5905160767360172
37195,0.5387014300564718
37073,0.5861544313427158
37075,0.6065525383707202
37115,0.5796769264352761
37137,0.5498445595854923
37149,0.5107070223710971
37151,0.5615021770682148
37169,0.5558413106634281
37187,0.5754979157017137
37043,0.529760493241641
37051,0.4890576360720687
37081,0.4356485686080948
37099,0.5040333210312649
37139,0.5340784837808286
37155,0.6239690668641122
37173,0.5724920241049273
37183,0.3222036462065122
37007,0.6797650004815564
37111,0.6281605816004704
37069,0.4934189302535648
37103,0.6201026749527154
37113,0.5391451544646636
37019,0.4954648310483181
37175,0.4851654215581643
37013,0.5693133157921889
37047,0.6010522588151971
37109,0.49374514277119
37123,0.6431416134111327
37135,0.3320346728858572
37153,0.5930638441616936
37163,0.5892110091743119
37171,0.5444376977405644
37011,0.5796791443850268
37021,0.4752294588153869
37025,0.4405284210322418
37033,0.5850404454249396
37059,0.5072018042954534
37057,0.5332614167565624
37061,0.6260848504420135
37063,0.4069348553192795
37091,0.6202704119065088
37105,0.549187403820891
37129,0.4281340638092169
37141,0.5027626414662958
37191,0.5549562988888251
37165,0.5899446875257988
37189,0.3886515457511263
37083,0.6093223414735314
37001,0.5008433657374621
37177,0.5768229166666666
38089,0.5279130760584488
38103,0.4724284199363733
38013,0.4795821462488129
38061,0.4547573638482729
38105,0.5690214213575719
38007,0.4854586129753915
38043,0.5021645021645021
38019,0.4567053854276663
38037,0.40538033395176254
38049,0.4994775339602926
38091,0.3926645091693635
38005,0.4868852459016394
38045,0.4612384202827889
38059,0.5045719035743973
38025,0.52734375
38051,0.5703069236259815
38063,0.450723638869745
38079,0.5178335535006605
38099,0.5723014256619144
38009,0.4842923794712286
38003,0.5350503155381204
38035,0.475196706789641
38053,0.5311524163568774
38055,0.5070298769771528
38069,0.4367183591795898
38075,0.5004198152812762
38011,0.5095502156500308
38015,0.4569222670643973
38047,0.4862869198312236
38065,0.4538653366583541
38093,0.4852292975710401
38071,0.4847890088321884
38031,0.4341129492298916
38039,0.4634353741496599
38083,0.3915343915343915
38087,0.2861538461538461
39159,0.43521180423262096
39131,0.6379573170731707
39125,0.6092990978487162
39061,0.4241769372798057
39049,0.4021735604695669
39101,0.6023806841650707
39157,0.5974604184176453
39169,0.5398727068513666
39015,0.5920932125775924
39017,0.4517018418719989
39067,0.633519003931848
39083,0.5076122634262169
39089,0.47749830209586897
39139,0.5725494698970414
39163,0.7138109305760709
39019,0.5687090065589505
39063,0.5134996275078993
39025,0.43943002109233
39045,0.454431421210936
39039,0.5773818991569906
39071,0.5923931527037751
39069,0.5843698486437884
39081,0.5566999171738269
39133,0.4907581227436823
39137,0.5614765789924117
39013,0.5779258901129259
39027,0.5480291822879725
39047,0.5667765222849969
39127,0.662291169451074
39129,0.5202340125075651
39097,0.5244907479396672
39119,0.5627820823876236
39143,0.6070218772053635
39161,0.5967505854800936
39167,0.5394319439321283
39011,0.5604864518882015
39037,0.5782958778992909
39123,0.5571103996695239
39065,0.5930240479596702
39079,0.5874714085442337
39077,0.6198509361934194
39009,0.4731285988483685
39001,0.5995575221238938
39103,0.43186106346483705
39095,0.5111177734472593
39121,0.6387589263728146
72021,0.4183312845728334
72029,0.5170399890064588
72045,0.5128152552798851
72075,0.5202240199128811
72083,0.6331797235023041
72047,0.5222488339846212
72095,0.5374701670644392
72113,0.4782044491525424
72135,0.3839561317500091
72137,0.4443439241514077
72147,0.6343737332792866
72151,0.5960980141679247
72003,0.5545777777777777
72025,0.4271492229105532
72041,0.4922613569815109
72043,0.5655178370907834
72051,0.4312208915502329
72089,0.5914523723288664
72019,0.567598731622946
72107,0.526282457251425
72129,0.5073409461663948
72037,0.6146285053483665
72039,0.6052418265333693
72071,0.5182350718065004
72073,0.6576576576576577
72081,0.590042372881356
72127,0.3878791325755421
72143,0.4551778191437249
72093,0.7591666666666667
39147,0.6017768487065587
39151,0.5014825319066649
39031,0.6253070479309694
39041,0.30509488966542464
39055,0.4327280317261532
39073,0.5856525911708254
39085,0.44946801767922173
39141,0.5937862202189311
39035,0.4408932657924094
39075,0.6341812087153702
39109,0.5064488898486424
39111,0.5768781627092254
39155,0.5676695188149784
39173,0.4797649756377185
39005,0.5617129448572546
40043,0.5317348377997179
40059,0.5498059508408797
40083,0.5035403697191465
40143,0.4442531880774811
40147,0.462539839296135
40057,0.5333333333333333
40061,0.5678694158075601
40111,0.5447913243509694
40113,0.5147867050510337
40067,0.6112852664576802
40047,0.5893021608218207
40049,0.542926347896295
40121,0.5391189629459676
40123,0.4780119102153
40129,0.5171537484116899
40153,0.5795988049509176
40021,0.5254004576659039
40041,0.5633617447981949
40045,0.5641456582633053
40051,0.5038489587553683
40119,0.4197604465882608
40125,0.5141285984032862
40037,0.5184434270765206
40141,0.6080720480320213
40149,0.5441268516586689
40033,0.4931330472103004
40075,0.5273990911520984
40079,0.5720398684965821
40089,0.624191767859959
40093,0.5083782166367444
40097,0.555259807892605
40109,0.4586853509160008
40039,0.5206170703575548
40085,0.5341536916122551
40009,0.5738155184252689
40023,0.5368400696190292
40065,0.5518416816589338
40081,0.5058873299019954
40117,0.574677786201668
40133,0.5806174034634829
40025,0.473792394655704
40011,0.5414317925591883
40029,0.6320488721804511
40053,0.5279343926191696
40073,0.5268906401216646
40087,0.4936966900917333
40095,0.5694873378628783
40103,0.4696673189823874
40105,0.5651059864896343
40131,0.4862220809878337
40135,0.5733400339217287
40003,0.5324675324675324
40151,0.5256556442417332
40027,0.4044212161875839
40107,0.5777608915906788
40005,0.5301914580265096
41061,0.5514241855705271
41047,0.5175993807203679
41019,0.5448938578457416
41031,0.5567729083665338
41053,0.4727807486631016
41017,0.4414218592192509
41043,0.5338593869592156
41071,0.4938243742306114
41001,0.5472194800921356
41035,0.518768740274035
41041,0.5145442112461207
41003,0.3602189615227366
41013,0.5752424539609894
41055,0.5454545454545454
41025,0.4559515803631473
41045,0.5851345189238486
41063,0.4758038324131211
41069,0.5543237250554324
41049,0.6329473898029657
41011,0.5407543551222631
41015,0.5311802546934489
41021,0.5098522167487685
41027,0.5742806811509101
41037,0.510380070265091
41051,0.3986194212014215
42103,0.4826326862768449
42109,0.5592513528272849
42115,0.5718164690236064
42039,0.5817230064065837
42049,0.5109703007845523
42057,0.6211873233149829
42067,0.5994676131322094
42107,0.5843055777529167
42131,0.5749902610050642
42001,0.5445914335698699
42005,0.6041877402387215
42035,0.5605882681876643
42025,0.5636786883033635
42027,0.3821357311290197
42097,0.5967265123657077
42095,0.4659624959285282
42121,0.5828410193104665
42007,0.4917757263436276
42069,0.4846601082342527
42083,0.5853243258087548
42051,0.5673148772530937
42091,0.34642208340912284
42033,0.6196201787394168
42075,0.5444738419260061
42081,0.5402465418274207
42093,0.5686633833466956
42123,0.5796014453082229
42019,0.4443958202136857
42047,0.6129179133602185
42071,0.5068262584019022
42085,0.5487464052817044
42105,0.592575894198978
42117,0.5685598264449018
44005,0.4004703714479682
44007,0.4646687898089172
44001,0.3940298507462687
45003,0.4935675304086758
45005,0.611764705882353
45037,0.5803621958121109
45023,0.6145043952712943
45029,0.6346540880503144
45067,0.6187056584184115
45063,0.450251406170104
45073,0.5258518656948857
45015,0.4838217703349282
45019,0.41743453729575786
45043,0.5125598086124402
45069,0.6411963759414911
45007,0.5243910474642536
45025,0.6374444329577174
45047,0.5642934443970747
45051,0.4855850724814559
45055,0.5145981526701349
45075,0.5525834998572652
45083,0.5267587762582828
45009,0.6017930519237953
45013,0.4558196934268641
45017,0.5411199999999999
45033,0.5848577235772358
45081,0.5791229742612012
45079,0.42238798344658457
45039,0.5542768617904171
45049,0.5783132530120482
45045,0.4401623700212647
45057,0.4661424202708606
45035,0.4413488365883939
45041,0.5119753574487712
45059,0.5769244294405176
45065,0.5758116303960042
45077,0.4899933943905879
45087,0.6287414965986394
45089,0.6236793853138916
46003,0.4822742474916388
46051,0.5209563994374121
46123,0.5028510334996437
46137,0.3559498956158664
46115,0.5138155852219808
46009,0.5349576271186439
46011,0.4394445872975058
46047,0.5914423740510697
46057,0.5376724442872303
46071,0.3615537848605578
46033,0.4545909432074056
46069,0.4187779433681073
46049,0.5175925925925926
46067,0.5235358511220579
46129,0.48432944606414
46017,0.4575707154742096
46037,0.4975105323630793
46043,0.4578571428571429
46063,0.404040404040404
46089,0.4688372093023256
46109,0.5254237288135594
46119,0.4353120243531202
46083,0.4178993364622107
46079,0.4974566128067026
46081,0.4730050430139425
46029,0.4967507148427346
46019,0.551738158162228
46031,0.4104534973097617
46045,0.4912099276111686
46021,0.3877822045152722
46007,0.5396959459459459
46055,0.5489977728285078
46075,0.5191387559808612
46093,0.5016092919115589
46125,0.5280450598451067
46013,0.4797171388981796
46061,0.4873690696241528
46087,0.4568030779993005
46095,0.5324675324675324
46101,0.4644506001846722
46103,0.4670863706648995
46127,0.4922090977632571
46097,0.5372340425531915
53003,0.5015451174289246
53001,0.6508615105583625
53023,0.484814398200225
53045,0.5280867408177963
53057,0.5260138126438817
53065,0.542386044566581
53063,0.4592579541743301
53043,0.4709938183547314
53007,0.5450495881660783
53031,0.4783320410097355
53035,0.4478683061863811
53033,0.3307649456949734
53049,0.5604365988411265
53051,0.5079063883617964
53055,0.465164198325821
53059,0.5216175922474842
53075,0.38625396687388597
53077,0.6014356052745761
53009,0.5345795696299654
53015,0.5530114819042503
53019,0.5767602924201616
53041,0.5499904415981648
53017,0.5391681288058623
53029,0.4767280466364394
53053,0.4872865636379612
53021,0.548897471035256
53071,0.4905051414846506
53073,0.4719257324127636
54023,0.6159141526624823
54027,0.5893642114291839
54009,0.513312139876813
54017,0.5885416666666666
54031,0.6004397675514371
54049,0.5189796660872378
54059,0.6490140845070422
54029,0.5611018109876731
54051,0.5888854052359304
54067,0.5575916230366492
54093,0.5985639686684073
54095,0.5804285257435241
54087,0.5715532286212914
54091,0.5427210479309318
54107,0.4946080348661787
54021,0.5750739644970414
54053,0.6409466043551755
54063,0.5535361517186883
54073,0.5964035964035964
54011,0.4876271364160638
54037,0.41166058591915616
54045,0.5682303856721278
54071,0.6757307953772943
54033,0.5059951248435338
54069,0.5043760296540363
54013,0.5635933806146572
54065,0.6209249431387415
54081,0.5070910809959029
54079,0.4515264920228481
54001,0.5940280500678631
54047,0.6113167636171338
54099,0.5604263624080469
54035,0.5462495492246664
54055,0.5196565747853592
54097,0.5621046289788131
54101,0.6564729867482161
54003,0.4917495883742573
54019,0.5485043150996042
55051,0.5886101154918361
55019,0.5931558935361216
55109,0.4475593061032672
55083,0.5624016780283168
55069,0.5372585096596136
55135,0.5778867723660698
55005,0.5667133878916669
55113,0.510569105691057
55047,0.5631197771587744
55099,0.5900900900900901
55077,0.6019807664705038
55075,0.5999785970356895
55079,0.4800964677074567
29205,0.5438898450946644
29225,0.5668683228214699
29005,0.5547054322876818
29013,0.5957220672246579
29015,0.5602086438152012
29035,0.5602923264311814
29057,0.6059113300492611
55101,0.5128835521039969
55139,0.4857827984362215
55041,0.5398540934882464
55045,0.4939847417840376
55107,0.5972675050458004
55115,0.5642985611510791
55067,0.5589474883244105
55087,0.4770625747309685
55123,0.5414627018338569
55021,0.5104532475630971
55061,0.5602392746985699
55009,0.4750904396481664
55035,0.4787283113933932
55085,0.5312424753190464
55095,0.5670198921732664
55129,0.5561725758222982
55133,0.374806250261824
55127,0.5061358818935704
55023,0.5774419859686994
55057,0.6062720630490107
55111,0.5236155874597128
55131,0.4514691339628009
55017,0.5363456526517412
55025,0.3638942441886883
55031,0.5317090975453965
55053,0.5619007031749415
55049,0.4988089566460219
55089,0.3865248978035711
55097,0.474255172778748
55105,0.537738799714754
55119,0.6117715844864549
55001,0.5831188883170355
55007,0.5171774768353529
55081,0.5778003041054233
55141,0.5580179629063203
55003,0.5422535211267606
55037,0.6172967374417401
55055,0.5327952219168596
56005,0.5591144031581946
56023,0.5590379801937099
56025,0.5059487603707941
56009,0.5371067288875508
56027,0.5638528138528138
56037,0.5557313724577652
47177,0.6248621670245488
47179,0.497338352597801
47183,0.527201620224876
47005,0.5985401459854015
47007,0.5552889052981355
47013,0.5822874886790012
47015,0.5395962732919255
47083,0.602907915993538
47119,0.5231885037277294
48373,0.5604960517250517
48391,0.5620938628158845
48467,0.5278614796492017
48055,0.5473446084240009
48487,0.5761417194864293
48317,0.5420861860652436
29115,0.5591589451176051
29091,0.5356947233887165
29101,0.5077514520914296
29105,0.5797092084006462
29125,0.5521554018094731
29161,0.4742348940622548
29165,0.3821118611378978
29187,0.6104476518426258
29510,0.44584335996406455
29003,0.5076630628489961
29023,0.5677630446013432
29033,0.5793541264145735
29061,0.5355932203389829
29087,0.5290034705007437
29127,0.5389630311397453
29151,0.5012916188289323
29181,0.6293666026871401
29219,0.5223065821672837
29221,0.6270925110132158
29043,0.4534781547473761
29063,0.5580123090950536
29081,0.5424800659884521
29107,0.5352512416951558
29001,0.4669045160078866
29199,0.5422885572139303
29211,0.6127833519137867
29045,0.6293103448275862
29097,0.5128423442599688
29111,0.6209972552607502
29119,0.6076111288775183
29157,0.5725385843533795
29167,0.5352387591495295
29177,0.6150826257646307
30041,0.5063913470993117
30015,0.4698326196963799
30053,0.5662033650329188
30067,0.4811100746268657
30103,0.4601769911504425
30005,0.4248601119104716
30097,0.5364552459988144
30099,0.4901515151515152
30079,0.3989455184534271
30035,0.4843781094527363
30025,0.5648030495552732
30037,0.4821917808219178
30093,0.5236551767125849
30095,0.5610950367237926
30043,0.4596238938053097
30039,0.47268211920529796
30107,0.5386243386243387
30057,0.5202537823328452
30091,0.4941110487941671
30011,0.3447737909516381
30003,0.5078369905956113
30047,0.51374156219865
30049,0.4093468144999137
30073,0.4951229028482248
30111,0.4980775392502403
30063,0.4452662267914685
48501,0.6557920928946641
48189,0.5577150818530129
48419,0.6205181347150259
48387,0.6077414205905826
48399,0.5223073456511942
48435,0.4823059360730594
48451,0.4880417026119198
48469,0.5267155641007382
48481,0.5530424229050588
48485,0.5300731654831073
48033,0.3636363636363637
48315,0.5588156123822342
48323,0.5938894768324667
48181,0.5063208119496958
48297,0.5284191829484902
48363,0.5481594831250531
48255,0.4889099526066351
48123,0.5434500648508429
48059,0.4982054349683815
48067,0.5980546792849631
48183,0.5408818726183996
48313,0.5391233101188038
48303,0.4655408519762991
48257,0.4662974009373668
48259,0.3961174472215482
48153,0.5830332132853141
48017,0.5655068078668684
48071,0.483269017286039
48027,0.4956742317421402
48061,0.5394378347514693
48117,0.6437869822485207
48141,0.4802350336370604
48283,0.5950074515648286
48443,0.5266106442577031
48457,0.5609090909090909
48483,0.515713134568896
48009,0.4808472284812979
48043,0.4596218020022247
48215,0.5277036973821766
48423,0.5095232485076971
48105,0.5489067894131185
48207,0.6122910076818798
48227,0.5489058239530169
48333,0.5306859205776173
48337,0.5975159862272503
48365,0.5483397926050068
48403,0.5086483023702755
48421,0.5726167626359565
48437,0.6065397053539346
48231,0.4754098360655738
48063,0.580851865812288
48195,0.5572872788542544
48187,0.4654568778897293
48077,0.5320208191898621
48205,0.42388059701492536
48383,0.5733972438585979
48217,0.5644000777857004
48293,0.598945170860345
48347,0.5232808794998922
48369,0.5775034293552812
48367,0.4480647487779469
30081,0.4934152765583846
30105,0.44595343680709537
30013,0.4757026316502697
30027,0.4656683710737765
30033,0.3690909090909091
30061,0.4594249201277955
30069,0.2914798206278027
30077,0.5071788901823826
30089,0.5423255813953488
30109,0.4201077199281867
30031,0.4232243372837051
30059,0.5395987328405492
30009,0.4842406876790831
30001,0.4746957078795644
30029,0.4514815044558857
30065,0.5225420966865834
31083,0.5167664670658683
31185,0.4478089969427864
31019,0.4782799313141646
31037,0.6734130634774609
31087,0.494949494949495
31141,0.5196275648025749
31143,0.4952633573323229
31013,0.5795053003533569
31017,0.4980694980694981
31161,0.5162122328666175
31109,0.4152854083247975
31129,0.4737080689029918
31007,0.34005037783375314
31063,0.4412673879443586
31055,0.4089376889055856
31147,0.5477373790217107
31089,0.465259454705365
31065,0.4935787671232877
31151,0.6131652661064426
31173,0.4822262118491921
31177,0.42319449751624
31031,0.4435631482611349
31053,0.5072652353068748
31069,0.4360730593607306
31123,0.5386969829470922
31127,0.5141833383099432
31171,0.4438356164383562
31043,0.6306586360986983
31003,0.4870997824059683
31029,0.485005170630817
31035,0.5726127320954907
31041,0.5667817554061421
31061,0.4790697674418605
31081,0.4666938276634752
31095,0.4924374636416522
31101,0.4931305201177626
31115,0.4100946372239748
31135,0.4558047493403694
31155,0.5051057622173596
31157,0.5355458515283843
31103,0.3220779220779221
31105,0.5254329004329005
31111,0.5666552628577946
48377,0.5337398373983739
48465,0.5560968026118049
48109,0.6421471172962226
48135,0.5643276414087514
48169,0.5515463917525774
48173,0.5989159891598916
48185,0.5570759137769447
48085,0.2852802545268864
48005,0.5624093086926762
48101,0.6164179104477612
48209,0.42012421681480394
48039,0.4567766389571132
48129,0.5127005347593583
48013,0.5986617025558463
48353,0.5617136486701704
48229,0.7392426850258176
48475,0.5966437525272947
48203,0.5508341089711463
48327,0.5926275992438563
48149,0.5128296191068099
48491,0.3422296885857768
48233,0.5865603644646925
48343,0.5973557692307693
48361,0.5408239103891278
48495,0.6485355648535565
48201,0.4620928080374872
48053,0.4927522456157027
48171,0.4975593612972615
48113,0.4596190524356537
48311,0.4645161290322581
48503,0.5541179397860164
48251,0.5625753804305986
48223,0.525545665162785
48357,0.6159311087190528
48275,0.5902079141515761
48309,0.4998952184694911
48095,0.4022099447513812
48137,0.5599078341013825
48133,0.5693357986061727
48243,0.5871559633027523
48247,0.7170103092783505
48339,0.4034549522574388
48127,0.5009009009009009
48479,0.5002422104214461
48011,0.5844594594594594
48069,0.4812463935372187
48273,0.5192158083086977
48097,0.5458736983888515
48107,0.5608678184009642
48151,0.5418373317729667
48131,0.7169680111265647
48031,0.4384110787172011
48241,0.6212121212121212
48245,0.5429815631715871
48271,0.6422628951747088
48359,0.4814027630180659
48279,0.5467715972098015
48295,0.5567970204841713
48307,0.6015667206915181
48319,0.506416584402764
48125,0.5942782834850455
31139,0.5712029481442484
31165,0.3688394276629571
31021,0.4621059691482226
31025,0.44992412746585736
31039,0.5511930585683297
31051,0.5916465308940283
31057,0.47670639219935
31075,0.4166666666666667
31077,0.5017064846416383
31079,0.5574825618262523
31085,0.4820295983086681
31131,0.5044632086851628
31145,0.5254593175853018
31027,0.5076352530541012
31045,0.4235142673246085
31097,0.5249294449670743
31033,0.4750345372014999
31047,0.5913173652694611
31071,0.4621359223300971
31117,0.3872549019607843
31125,0.5494938132733408
31167,0.5385568287395478
31175,0.4557947778286761
32001,0.5185031185031185
32005,0.4493254283180057
32027,0.5834942084942085
32011,0.5763440860215053
32013,0.5739017783535508
32033,0.5496834571979079
32007,0.5408132069703454
32023,0.5540050619057391
32029,0.4822954822954823
32003,0.4726684332033953
32019,0.5376886646306378
33005,0.45193151337394394
33009,0.4686433950524577
33015,0.3919686100703646
33019,0.5037669753826959
33011,0.4064902470168641
33007,0.5284858615406045
33003,0.4972435233160622
34021,0.38045884539628816
34011,0.5998603805441912
34035,0.2979144720557676
34029,0.41089981678720816
34001,0.4902000800634228
34023,0.3742421747710243
34033,0.5177999045215851
34009,0.4612939461293946
34007,0.4321752919129305
34039,0.4375323928462396
34017,0.4020921357312256
34019,0.3152302243211334
34027,0.2965464201536625
35023,0.5998690242305174
35031,0.5300463548251159
35043,0.4176075483767792
35017,0.5449593979005743
35009,0.5372043647854639
48287,0.5236109407580032
48439,0.4361413631304252
48001,0.6057877478790402
48139,0.4554186384294617
48239,0.5952741593456529
48265,0.5144265232974911
48331,0.5558847568451165
48093,0.5385774058577406
48145,0.6298149074537268
48047,0.6263137407551577
48015,0.4664394725144466
48261,0.7914691943127962
48089,0.5501936564430022
48409,0.5398226987630961
48381,0.4494881177827455
48411,0.5642237982663515
48413,0.5071590052750565
48507,0.6025670945157526
48057,0.6359480519480519
48155,0.5807017543859649
48175,0.5206185567010311
48193,0.5561748313288354
48335,0.5323792486583184
48449,0.6064565187335822
48285,0.528128084219761
48445,0.613941018766756
48497,0.5269965508092332
48321,0.5889024155827514
48371,0.5736687357072852
48397,0.34103663208465346
48441,0.519553600983591
48447,0.4152046783625731
48471,0.5043779503578498
48499,0.5201051087753605
48007,0.5191563073160791
48079,0.6390728476821192
48081,0.5324585635359116
48099,0.5236767643142477
48211,0.5293159609120521
48341,0.6634353226295062
48375,0.598500946567245
48405,0.5980707395498392
48417,0.5239361702127661
48427,0.6385564018861081
48461,0.6365546218487395
48049,0.5316146374243997
48191,0.5698143664245359
48159,0.4904126719466445
48163,0.6694302080192945
48281,0.5006144564853089
50019,0.4990893974186396
50013,0.4405021834061135
50007,0.3902213821721089
50015,0.4638593444757977
50011,0.4790313746968156
50005,0.5088761390482619
50025,0.4653388278388279
50003,0.4580214211677992
50001,0.4374814080317303
50009,0.5947105075053609
35015,0.5481882139344882
35033,0.5757785467128028
35045,0.5359346206233475
28009,0.6405315614617939
28037,0.6595125500181884
28027,0.5964606181455633
28061,0.671323183173756
28067,0.5646373147953093
28147,0.5376323751891074
28095,0.6361315938740782
28115,0.6032163522957842
28051,0.6330764671013633
28005,0.5857507542353214
28089,0.3973180511423816
28013,0.6818762547910202
28091,0.5930491957261946
28141,0.6144249512670565
28153,0.5347776510832383
28041,0.5304295942720764
28093,0.5902006011043545
28119,0.6045296167247387
28109,0.5452326116996775
28079,0.6142185663924794
28099,0.5632905871063422
28121,0.4597625418509903
28151,0.5342290076335878
28077,0.6511728931364031
28111,0.6365217391304347
28017,0.5844365989997058
28015,0.5957200694042799
28039,0.6224135868915202
28043,0.469640495370927
28063,0.6448645886561063
28101,0.5854355660494595
28117,0.6408652860364978
28125,0.5292269013199246
28019,0.586275816122585
28045,0.4863735927869186
28057,0.6217719507350021
28055,0.7047619047619048
28059,0.5176676158426093
28083,0.5339565871480765
28143,0.4980079681274901
28021,0.5612357484369254
28047,0.5114791561141673
28075,0.5332561430593079
28085,0.5512916231148275
28127,0.5661026403867608
28159,0.6119004079336053
28007,0.6440201302545885
28073,0.4313605196679899
28081,0.5443348481718653
28135,0.6191244239631336
28129,0.6030046348090139
28149,0.5322522336414812
28023,0.6290246583948484
28097,0.6263001485884101
28105,0.40142035847142377
50023,0.40859593331406
49027,0.5615709304459534
49045,0.4854053358220963
49053,0.4531814554160923
49025,0.3661068702290076
49043,0.3557073427032707
49019,0.5526113671274961
49031,0.4762684124386252
49033,0.4920424403183024
49051,0.4267326104876038
49001,0.5324244657332351
49003,0.5187306630989214
49021,0.4739120830572123
49039,0.5426402361872628
49041,0.5529307870625897
49057,0.4580914220296018
49037,0.5528626624517036
49035,0.3971107816140648
49009,0.6775244299674267
49055,0.5255536626916525
49007,0.5168798248646157
49029,0.4135213604313563
49005,0.4233311410720158
49023,0.5632434575733545
51095,0.351340206185567
51167,0.5357142857142857
51173,0.6125570593417153
51540,0.39006635833500897
51031,0.5024405009648493
51087,0.3681978635268561
51099,0.3817833907386146
51103,0.4935551910007031
51105,0.5872773536895675
51115,0.5420273666573583
51119,0.5097860719162495
51149,0.4574973600844773
51159,0.5726027397260274
51169,0.6066890433948693
51177,0.3983091860500288
51011,0.4773167358229599
51067,0.4832317073170732
51097,0.5124223602484472
51121,0.3792441302260627
51127,0.4330010061282356
51049,0.533210332103321
51051,0.5436580882352942
51083,0.5987226152049997
51107,0.24269388020893895
51153,0.3829230250400472
51175,0.5647892871209137
51091,0.5194508009153318
51033,0.4624837357235796
51073,0.483413921061509
51141,0.6002957784350632
51145,0.4060551423634588
51171,0.5367832847424684
51061,0.3984739178690344
51790,0.4804164600892414
51065,0.4554580665560034
28155,0.5458739108149667
28003,0.5824577432617634
28025,0.57822935910189
28031,0.5813762971054068
28053,0.6517341040462428
42043,0.4526520470994922
42055,0.5361762845104928
42119,0.4991623855260219
42127,0.550566055610819
42009,0.6096833928006865
42089,0.4941317037350492
42061,0.5731936610260543
42125,0.4672734546909382
42101,0.4732596976235749
42133,0.4979339486267096
42063,0.5394441475146979
42041,0.4078442407046998
42003,0.3961491784320952
42129,0.4816522552133843
42053,0.6531850353892821
42013,0.5189938036896212
42073,0.5383255014905766
42015,0.6067825633771359
42021,0.5521533788647576
42029,0.33129574960766456
42011,0.5105909126274022
42087,0.6353898685626082
29129,0.513126491646778
29229,0.5940564187660281
29047,0.4403552309157029
29065,0.6306052053935403
29195,0.5712508374007083
29227,0.5479603087100331
29079,0.5644686154543395
29141,0.5542787616601325
29179,0.6512879661668589
29189,0.3781437569321817
29209,0.5162647677617738
29009,0.5681678817196975
29019,0.4009044162452829
29051,0.428666418426512
29055,0.5918153200419727
29093,0.6330371144798745
29117,0.537722695584818
29135,0.4861751152073733
29155,0.5988470668023058
29159,0.5702585514694074
29203,0.6469002695417789
29175,0.5167791706846673
29069,0.5947549441100601
29071,0.5483935104183235
29089,0.5187177280550774
29095,0.4499473219868605
29131,0.5247481384143671
29171,0.595631067961165
29213,0.4338249831942742
29021,0.5598451862602806
29025,0.5695381421899325
51750,0.505550193050193
51840,0.4615931215803311
51001,0.5967400043856443
51045,0.5710144927536231
51063,0.6035260352603526
51071,0.5884003741814781
51077,0.6078522656734947
51135,0.5678713470517033
51157,0.475846751804553
51036,0.5364691872581125
51047,0.4889485895713762
51053,0.562531829756275
51079,0.4306925759840558
51085,0.3578606741573034
51111,0.6498272884283247
51137,0.4898571176574352
51595,0.5804749340369393
51197,0.5780359820089955
51550,0.4098195582007966
51660,0.5138134409436598
51003,0.3684131029925423
51019,0.4486292110528308
51029,0.618350268977884
51195,0.4864008653994746
51580,0.6315583398590446
51740,0.5135761909363223
51810,0.4050577032225516
51005,0.5938618925831202
51640,0.6107943747624477
51193,0.4350657809039989
51133,0.5233214808617445
51155,0.5345903854816912
51187,0.4706605852508584
51590,0.5819109518313794
51630,0.3801616084494496
51009,0.5268898860890576
51017,0.6138107416879796
51670,0.5282186022070415
51700,0.4882135442898031
51069,0.4664949051830189
51680,0.4686632936184103
51199,0.3257625343631365
51690,0.5629860031104199
51125,0.4882574659321542
51143,0.5864157000072956
51530,0.6183043632493792
51610,0.17823163770138273
51730,0.6171232876712329
51735,0.40368247351050895
51600,0.2610783156237701
51820,0.5061764138197259
51770,0.5005146518222876
51800,0.4699828069431687
51710,0.4899614083567583
51007,0.5141464948129519
51041,0.4054436538068066
51059,0.28541247222710897
53047,0.5526710511134187
53037,0.4562399427856249
29037,0.4720247893870437
29049,0.5421412300683371
29059,0.5833733013589129
29085,0.6440464970153943
29113,0.5639752016731401
29137,0.593863754550182
29145,0.5429992892679459
29163,0.5833333333333334
29183,0.3665742083949591
29031,0.5070737351425265
47031,0.5422427652733119
47047,0.4843413139680018
47067,0.6195899772209568
47073,0.6093497395365547
47091,0.6013667425968109
47103,0.5514316012725344
47111,0.6040939534006226
47127,0.5390709398631617
47147,0.5051579816081113
47051,0.5250779412569053
47009,0.5030157608427696
47021,0.5146339027070223
47019,0.5526668685383052
47057,0.6055212862776823
47055,0.5715299684542586
47097,0.6160052333187963
47099,0.6203962634616529
47113,0.5128973930557781
47115,0.5850772698003863
47133,0.5472365038560412
47137,0.5391899000526039
47181,0.6666087560806115
47187,0.2939747073578595
47003,0.5881417537482962
47059,0.5818997232052135
47035,0.5847356321839079
47175,0.6443298969072165
47025,0.6019353237945579
47081,0.6119388061193881
47085,0.5846403461330449
47141,0.4870011303364925
47155,0.4886436272212042
47161,0.492417150346377
47023,0.5354342143479524
47039,0.5593105012474484
47087,0.5740440324449595
47109,0.579840848806366
47145,0.4956972291056545
47011,0.5260374288039056
47063,0.5787458295420079
47173,0.6133950449224067
47071,0.5780512820512821
47043,0.492520822709502
47129,0.6047489823609227
47123,0.6289904117315285
47079,0.5791808603343104
47033,0.5973451327433629
47095,0.5866445916114791
47093,0.4088182828778987
53005,0.4647554007911018
53011,0.45519312397625794