State,stateFIPS,1/22/20,1/23/20,1/24/20,1/25/20,1/26/20,1/27/20,1/28/20,1/29/20,1/30/20,1/31/20,2/1/20,2/2/20,2/3/20,2/4/20,2/5/20,2/6/20,2/7/20,2/8/20,2/9/20,2/10/20,2/11/20,2/12/20,2/13/20,2/14/20,2/15/20,2/16/20,2/17/20,2/18/20,2/19/20,2/20/20,2/21/20,2/22/20,2/23/20,2/24/20,2/25/20,2/26/20,2/27/20,2/28/20,2/29/20,3/1/20,3/2/20,3/3/20,3/4/20,3/5/20,3/6/20,3/7/20,3/8/20,3/9/20,3/10/20,3/11/20,3/12/20,3/13/20,3/14/20,3/15/20,3/16/20,3/17/20,3/18/20,3/19/20,3/20/20,3/21/20,3/22/20,3/23/20,3/24/20,3/25/20,3/26/20,3/27/20,3/28/20,3/29/20,3/30/20,3/31/20,4/1/20,4/2/20,4/3/20,4/4/20,4/5/20,4/6/20,4/7/20,4/8/20,4/9/20,4/10/20,4/11/20,4/12/20,4/13/20,4/14/20,4/15/20,4/16/20,4/17/20,4/18/20,4/19/20,4/20/20,4/21/20,4/22/20,4/23/20,4/24/20,4/25/20,4/26/20,4/27/20,4/28/20,4/29/20,4/30/20,5/1/20,5/2/20,5/3/20,5/4/20,5/5/20,5/6/20,5/7/20,5/8/20,5/9/20,5/10/20,5/11/20,5/12/20,5/13/20,5/14/20,5/15/20,5/16/20,5/17/20,5/18/20,5/19/20,5/20/20,5/21/20,5/22/20,5/23/20,5/24/20,5/25/20,5/26/20,5/27/20,5/28/20,5/29/20,5/30/20,5/31/20,6/1/20,6/2/20,6/3/20,6/4/20,6/5/20,6/6/20,6/7/20,6/8/20,6/9/20,6/10/20,6/11/20,6/12/20,6/13/20,6/14/20,6/15/20,6/16/20,6/17/20,6/18/20,6/19/20,6/20/20,6/21/20,6/22/20,6/23/20,6/24/20,6/25/20,6/26/20,6/27/20,6/28/20,6/29/20,6/30/20,7/1/20,7/2/20,7/3/20,7/4/20,7/5/20,7/6/20,7/7/20,7/8/20,7/9/20,7/10/20,7/11/20,7/12/20,7/13/20,7/14/20,7/15/20,7/16/20,7/17/20,7/18/20,7/19/20,7/20/20,7/21/20,7/22/20,7/23/20,7/24/20,7/25/20,7/26/20,7/27/20,7/28/20,7/29/20,7/30/20,7/31/20,8/1/20,8/2/20,8/3/20,8/4/20,8/5/20,8/6/20,8/7/20,8/8/20,8/9/20,8/10/20,8/11/20,8/12/20,8/13/20,8/14/20,8/15/20,8/16/20,8/17/20,8/18/20,8/19/20,8/20/20,8/21/20,8/22/20,8/23/20,8/24/20,8/25/20,8/26/20,8/27/20,8/28/20,8/29/20,8/30/20,8/31/20,9/1/20,9/2/20,9/3/20,9/4/20,9/5/20,9/6/20,9/7/20,9/8/20,9/9/20,9/10/20,9/11/20,9/12/20,9/13/20,9/14/20,9/15/20,9/16/20,9/17/20,9/18/20,9/19/20,9/20/20,9/21/20,9/22/20,9/23/20,9/24/20,9/25/20,9/26/20,9/27/20,9/28/20,9/29/20,9/30/20,10/1/20,10/2/20,10/3/20,10/4/20,10/5/20,10/6/20,10/7/20,10/8/20,10/9/20,10/10/20,10/11/20,10/12/20,10/13/20,10/14/20,10/15/20,10/16/20,10/17/20,10/18/20,10/19/20,10/20/20,10/21/20,10/22/20,10/23/20,10/24/20,10/25/20,10/26/20,10/27/20,10/28/20,10/29/20,10/30/20,10/31/20,11/1/20,11/2/20,11/3/20,11/4/20,11/5/20,11/6/20,11/7/20,11/8/20,11/9/20,11/10/20,11/11/20,11/12/20,11/13/20,11/14/20,11/15/20,11/16/20,11/17/20,11/18/20,11/19/20,11/20/20,11/21/20
AL,1,0,0,0,0,0,0,0,0,0,0,0,0,0,0,0,0,0,0,0,0,0,0,0,0,0,0,0,0,0,0,0,0,0,0,0,0,0,0,0,0,0,0,0,0,0,0,0,0,0,0,0,0,0,0,0,0,0,0,0,0,0,0,0,1,1,2,3,4,6,13,16,17,21,26,31,32,39,48,48,58,60,61,61,73,75,82,96,110,112,112,141,174,194,208,212,218,227,240,261,269,287,287,289,297,314,341,368,381,388,391,401,438,448,470,482,482,485,486,500,522,529,541,551,558,566,580,583,605,610,618,629,643,650,650,651,670,684,687,712,723,739,750,764,768,768,774,785,790,809,821,838,839,840,864,889,895,906,918,918,929,948,972,985,1006,1007,1007,1007,1033,1058,1068,1104,1114,1121,1123,1164,1211,1230,1264,1285,1286,1291,1303,1362,1393,1436,1453,1471,1491,1491,1538,1565,1580,1603,1627,1633,1666,1694,1712,1733,1752,1765,1794,1843,1877,1884,1888,1891,1893,1918,1929,1939,1968,1988,2010,2012,2023,2035,2043,2074,2105,2150,2159,2179,2197,2214,2230,2262,2269,2270,2270,2271,2278,2298,2328,2344,2345,2348,2382,2387,2394,2419,2428,2428,2430,2446,2479,2484,2496,2497,2497,2497,2511,2530,2541,2549,2557,2557,2557,2580,2601,2636,2652,2664,2664,2665,2665,2706,2754,2784,2786,2786,2787,2803,2827,2841,2857,2863,2863,2863,2890,2909,2911,2930,2964,2970,2970,2983,3001,3021,3046,3079,3080,3080,3116,3197,3209,3229,3244,3246,3247,3298,3344,3415,3448,3457
AK,2,0,0,0,0,0,0,0,0,0,0,0,0,0,0,0,0,0,0,0,0,0,0,0,0,0,0,0,0,0,0,0,0,0,0,0,0,0,0,0,0,0,0,0,0,0,0,0,0,0,0,0,0,0,0,0,0,0,0,0,0,0,0,0,1,1,2,2,3,3,3,3,3,3,5,7,7,6,7,7,7,8,8,8,9,9,9,9,9,9,9,9,9,9,9,9,9,9,9,9,9,9,9,9,9,9,10,10,10,10,10,10,10,10,10,10,10,10,10,10,10,10,10,10,10,10,10,10,10,10,10,10,10,10,10,10,10,10,10,10,11,11,11,12,12,12,12,12,12,12,12,12,12,12,12,12,12,12,12,12,12,12,14,14,14,14,14,14,14,14,14,14,14,17,17,16,16,16,16,17,17,17,17,18,18,18,19,19,20,20,21,22,22,24,24,25,25,25,25,25,26,26,26,26,26,27,27,28,28,28,29,29,29,30,30,31,31,35,36,36,36,36,36,36,38,38,39,39,41,41,41,41,41,41,42,43,43,43,43,43,43,44,44,44,44,44,44,45,51,51,55,55,55,55,56,56,57,57,57,57,58,59,59,59,59,59,59,62,63,64,66,66,66,67,68,68,68,68,68,68,70,71,77,81,82,83,84,84,84,84,84,84,84,84,92,96,96,97,98,98,98,98,98,98,98,98
AZ,4,0,0,0,0,0,0,0,0,0,0,0,0,0,0,0,0,0,0,0,0,0,0,0,0,0,0,0,0,0,0,0,0,0,0,0,0,0,0,0,0,0,0,0,0,0,0,0,0,0,0,0,0,0,0,0,0,0,0,0,1,2,2,5,5,8,13,15,17,20,24,29,32,41,52,64,65,72,79,86,95,108,114,121,130,141,149,168,176,183,186,207,227,248,265,272,274,274,291,302,318,328,346,360,360,393,424,448,514,529,533,539,559,591,621,648,676,677,683,701,744,758,770,795,796,801,803,826,851,880,896,910,910,935,974,989,1004,1035,1045,1045,1069,1094,1123,1138,1183,1186,1192,1218,1238,1271,1311,1337,1339,1342,1395,1463,1484,1535,1579,1588,1588,1632,1720,1720,1788,1805,1807,1810,1927,1962,2038,2082,2151,2237,2245,2337,2434,2492,2583,2728,2761,2784,2917,2974,3061,3284,3284,3301,3303,3407,3454,3624,3692,3745,3765,3778,3843,3930,4002,4080,4136,4147,4150,4199,4347,4382,4422,4491,4504,4505,4526,4628,4681,4687,4756,4770,4770,4792,4896,4929,4977,5006,5025,5025,5042,5065,5130,5171,5207,5218,5218,5220,5251,5273,5288,5310,5320,5320,5342,5370,5408,5451,5466,5474,5476,5492,5524,5559,5583,5619,5620,5620,5629,5650,5673,5693,5703,5705,5707,5712,5733,5741,5746,5757,5757,5759,5767,5772,5789,5806,5822,5827,5830,5837,5854,5859,5865,5869,5874,5875,5891,5905,5918,5934,5978,5981,5982,6020,6059,6087,6109,6147,6164,6164,6192,6229,6239,6257,6299,6301,6301,6312,6364,6383,6427,6457
AR,5,0,0,0,0,0,0,0,0,0,0,0,0,0,0,0,0,0,0,0,0,0,0,0,0,0,0,0,0,0,0,0,0,0,0,0,0,0,0,0,0,0,0,0,0,0,0,0,0,0,0,0,0,0,0,0,0,0,0,0,0,0,0,1,1,2,5,5,5,7,8,10,12,12,13,15,16,18,18,21,24,25,27,27,32,33,36,36,37,38,41,41,43,44,46,47,50,51,57,59,61,64,72,75,80,83,87,88,88,88,91,94,95,97,98,98,98,98,100,102,107,110,113,115,116,117,119,120,125,132,133,133,133,135,140,149,150,152,152,154,160,164,170,175,176,178,181,187,196,207,213,223,224,226,236,239,239,248,258,263,264,269,276,278,280,285,286,291,300,304,308,312,318,320,322,330,334,340,352,355,355,361,372,378,384,392,397,399,406,406,432,440,451,457,460,473,488,506,513,520,534,541,552,563,570,579,583,596,596,599,614,628,638,661,672,685,694,709,731,737,752,769,782,795,813,840,860,872,881,893,908,917,928,940,953,953,980,991,1009,1155,1163,1171,1179,1179,1195,1207,1227,1244,1264,1283,1304,1325,1346,1365,1380,1386,1402,1419,1419,1463,1475,1496,1522,1545,1560,1577,1601,1624,1636,1657,1683,1702,1712,1727,1749,1769,1780,1795,1809,1829,1854,1871,1889,1896,1925,1958,1984,2002,2026,2037,2055,2067,2084,2107,2111,2125,2143,2147,2158,2183,2225,2245,2275,2297,2321,2337
CA,6,0,0,0,0,0,0,0,0,0,0,0,0,0,0,0,1,1,1,1,1,1,1,1,1,1,1,2,2,2,2,2,2,2,2,2,2,2,2,2,2,2,2,3,3,4,4,4,5,6,7,7,7,7,9,14,17,20,22,27,30,36,43,55,70,86,103,124,135,152,185,215,246,284,323,352,389,448,505,546,596,632,677,726,779,879,971,1011,1147,1177,1224,1317,1430,1527,1611,1690,1713,1776,1865,1941,2031,2128,2185,2208,2282,2376,2459,2540,2627,2689,2716,2777,2877,2969,3049,3157,3208,3240,3284,3406,3495,3597,3667,3735,3751,3766,3823,3912,3993,4074,4141,4171,4171,4315,4384,4452,4535,4604,4632,4657,4749,4854,4928,4984,5055,5082,5115,5197,5278,5352,5418,5486,5507,5565,5622,5723,5804,5865,5898,5930,5976,6081,6160,6383,6312,6330,6336,6448,6563,6710,6849,6952,7026,7049,7096,7237,7366,7489,7543,7701,7712,7772,7891,8048,8202,8339,8428,8450,8545,8714,8892,9008,9224,9361,9393,9507,9701,9868,10001,10186,10285,10371,10463,10638,10799,10986,11136,11210,11226,11331,11511,11675,11807,11969,12115,12151,12256,12405,12548,12688,12799,12904,12936,13019,13164,13322,13487,13642,13707,13728,13761,13812,13990,14049,14261,14332,14384,14466,14614,14708,14811,14911,14986,15017,15064,15195,15305,15390,15526,15578,15595,15654,15805,15899,15999,16096,16140,16165,16199,16278,16366,16440,16514,16578,16586,16611,16677,16771,16850,16920,16953,16989,17011,17048,17213,17286,17336,17343,17354,17398,17471,17535,17566,17626,17659,17663,17687,17748,17814,17861,17936,17964,17974,18003,18069,18106,18140,18219,18252,18263,18303,18357,18457,18527,18565,18600
CO,8,0,0,0,0,0,0,0,0,0,0,0,0,0,0,0,0,0,0,0,0,0,0,0,0,0,0,0,0,0,0,0,0,0,0,0,0,0,0,0,0,0,0,0,0,0,0,0,0,0,0,0,1,1,1,1,2,2,2,4,6,7,7,11,19,24,31,44,47,54,69,80,97,111,126,139,150,179,193,227,250,274,290,290,329,357,374,391,411,422,449,486,508,550,660,670,678,703,735,765,776,820,832,842,851,901,921,944,959,967,971,987,1009,1062,1091,1150,1192,1214,1224,1257,1298,1308,1321,1325,1329,1332,1351,1392,1421,1435,1442,1444,1456,1472,1492,1509,1520,1524,1524,1540,1551,1571,1582,1594,1597,1598,1603,1616,1626,1631,1635,1639,1639,1643,1653,1655,1656,1664,1664,1664,1672,1679,1686,1686,1690,1690,1690,1691,1695,1704,1706,1724,1725,1725,1727,1737,1743,1745,1751,1752,1752,1758,1763,1771,1786,1790,1794,1794,1799,1799,1820,1821,1837,1841,1842,1842,1846,1848,1850,1853,1855,1856,1861,1874,1874,1880,1886,1894,1895,1895,1898,1900,1903,1910,1917,1917,1917,1923,1927,1931,1937,1943,1943,1945,1946,1951,1954,1966,1966,1970,1973,1973,1976,1979,1985,1988,1988,1990,1996,2001,2005,2008,2012,2013,2018,2024,2029,2032,2036,2038,2039,2043,2044,2049,2052,2057,2057,2068,2068,2081,2085,2095,2103,2112,2113,2115,2152,2159,2161,2170,2174,2174,2178,2180,2192,2196,2210,2217,2222,2225,2235,2248,2266,2276,2276,2286,2290,2309,2331,2351,2375,2387,2393,2408,2426,2443,2467,2503,2524,2545,2577,2608,2651,2729,2745,2787
CT,9,0,0,0,0,0,0,0,0,0,0,0,0,0,0,0,0,0,0,0,0,0,0,0,0,0,0,0,0,0,0,0,0,0,0,0,0,0,0,0,0,0,0,0,0,0,0,0,0,0,0,0,0,0,0,0,0,1,3,4,5,8,10,12,19,21,27,33,34,36,69,85,111,133,165,189,206,277,335,380,448,494,554,602,671,868,971,1036,1086,1127,1331,1423,1542,1637,1762,1861,1923,2011,2088,2168,2257,2339,2436,2495,2556,2633,2718,2796,2874,2932,2967,3008,3041,3125,3219,3285,3338,3407,3448,3471,3528,3581,3637,3674,3693,3742,3768,3801,3826,3868,3912,3942,3942,3972,3989,4007,4038,4055,4071,4084,4094,4120,4146,4159,4186,4200,4203,4209,4219,4226,4238,4251,4260,4263,4277,4287,4298,4307,4311,4316,4318,4320,4324,4326,4335,4335,4335,4338,4338,4343,4348,4348,4348,4348,4370,4372,4380,4388,4395,4395,4395,4405,4405,4406,4410,4413,4413,4413,4418,4418,4425,4430,4431,4431,4431,4434,4434,4434,4436,4440,4440,4440,4443,4443,4449,4449,4452,4452,4452,4453,4453,4453,4454,4457,4457,4457,4457,4461,4462,4463,4463,4463,4463,4465,4466,4467,4468,4468,4468,4468,4468,4474,4474,4478,4480,4480,4480,4485,4485,4487,4488,4492,4492,4492,4495,4496,4497,4499,4501,4501,4501,4503,4505,4508,4511,4513,4513,4513,4513,4521,4522,4527,4530,4530,4530,4532,4533,4537,4540,4542,4542,4542,4553,4559,4567,4569,4577,4577,4577,4589,4595,4604,4609,4615,4615,4615,4627,4635,4645,4655,4670,4670,4670,4697,4707,4716,4725,4737,4737,4737,4759,4771,4784,4805,4828,4828
DE,10,0,0,0,0,0,0,0,0,0,0,0,0,0,0,0,0,0,0,0,0,0,0,0,0,0,0,0,0,0,0,0,0,0,0,0,0,0,0,0,0,0,0,0,0,0,0,0,0,0,0,0,0,0,0,0,0,0,0,0,0,0,0,0,0,0,2,5,6,7,10,11,12,14,14,14,15,16,19,23,32,33,35,35,43,46,52,61,67,67,72,82,89,92,100,112,120,125,137,144,152,159,168,177,182,187,193,202,202,202,202,223,236,247,260,271,286,290,297,304,310,317,322,324,326,332,336,345,346,356,361,366,368,373,375,385,388,390,398,398,410,413,414,414,419,422,423,424,426,431,433,434,435,435,503,504,506,506,506,506,506,507,508,510,510,512,512,512,514,515,516,516,515,515,515,521,521,521,523,523,523,523,525,527,529,578,579,579,579,579,581,581,583,585,585,585,587,587,587,588,590,591,591,591,591,592,592,592,592,592,592,595,595,600,600,600,603,603,604,604,604,604,604,605,605,606,606,606,608,609,609,609,609,613,613,613,615,617,618,619,619,620,621,621,627,628,629,630,631,633,633,634,635,636,636,642,645,645,645,646,649,651,651,653,654,656,659,661,661,662,665,665,665,668,670,674,678,681,683,685,688,689,695,703,709,710,711,712,712,716,716,716,719,719,722,726,732,734,736,736,737,739,739,744,746,748
DC,11,0,0,0,0,0,0,0,0,0,0,0,0,0,0,0,0,0,0,0,0,0,0,0,0,0,0,0,0,0,0,0,0,0,0,0,0,0,0,0,0,0,0,0,0,0,0,0,0,0,0,0,0,0,0,0,0,0,0,1,1,2,2,2,3,3,4,5,9,9,11,12,15,21,21,22,22,22,22,22,22,22,22,22,67,72,81,86,91,96,105,112,127,139,153,165,178,185,190,205,224,231,240,251,258,264,264,285,304,311,323,328,336,350,358,368,375,383,392,400,407,412,418,427,432,440,440,445,453,460,462,466,468,470,473,475,479,483,489,491,495,499,502,506,511,515,515,520,523,527,530,531,533,535,537,541,543,546,548,550,551,551,553,554,555,557,559,561,561,564,568,568,568,568,568,571,574,577,577,578,578,579,580,581,581,581,581,582,583,583,584,585,585,585,586,586,587,587,587,589,590,591,591,593,593,594,594,597,597,597,599,600,601,602,604,604,604,604,605,605,605,605,606,607,607,608,609,611,611,611,611,611,615,616,616,616,616,616,616,616,616,616,616,620,621,621,621,621,623,624,624,624,626,627,628,629,629,631,631,631,632,634,634,636,637,637,637,638,638,641,641,641,641,642,642,642,642,642,642,642,644,644,645,646,646,646,647,647,647,650,652,654,654,655,657,657,657,657,658,660,660,660,665,667,669,670
FL,12,0,0,0,0,0,0,0,0,0,0,0,0,0,0,0,0,0,0,0,0,0,0,0,0,0,0,0,0,0,0,0,0,0,0,0,0,0,0,0,0,0,0,0,0,2,2,2,2,2,2,2,2,3,3,5,6,7,8,10,10,13,17,19,23,30,46,56,59,71,85,97,144,170,195,221,254,296,323,370,419,446,461,461,571,614,668,726,750,774,823,867,927,987,1045,1054,1074,1088,1171,1218,1267,1314,1364,1379,1399,1468,1535,1596,1667,1713,1719,1735,1779,1827,1875,1917,1963,1973,1996,2051,2094,2144,2189,2232,2236,2251,2257,2317,2362,2411,2446,2450,2459,2529,2564,2607,2660,2688,2700,2711,2765,2800,2847,2877,2925,2931,2938,2993,3018,3061,3104,3144,3161,3172,3236,3281,3327,3366,3390,3418,3446,3503,3550,3617,3684,3702,3731,3778,3840,3889,4009,4102,4197,4242,4276,4408,4520,4677,4793,4895,4981,5072,5205,5345,5518,5653,5777,5853,5931,5931,6332,6586,6843,7021,7083,7157,7401,7626,7747,7927,8109,8186,8277,8553,8765,8913,9140,9345,9451,9538,9758,9931,10046,10168,10274,10325,10397,10580,10733,10867,10957,11104,11119,11187,11374,11500,11649,11749,11809,11847,11868,11914,12113,12325,12499,12594,12604,12640,12785,12937,13084,13222,13283,13294,13314,13414,13616,13792,13912,14020,14030,14035,14141,14310,14432,14541,14622,14658,14658,14767,14903,15067,15183,15183,15360,15408,15529,15594,15734,15827,15917,15966,16018,16102,16199,16260,16340,16416,16428,16447,16504,16564,16646,16712,16761,16789,16833,16879,16919,16961,17013,17100,17121,17179,17248,17300,17370,17441,17488,17515,17558,17643,17729,17810,17878,17930
GA,13,0,0,0,0,0,0,0,0,0,0,0,0,0,0,0,0,0,0,0,0,0,0,0,0,0,0,0,0,0,0,0,0,0,0,0,0,0,0,0,0,0,0,0,0,0,0,0,0,0,0,1,1,1,1,1,1,1,10,14,20,20,26,37,46,55,65,78,82,102,125,154,175,197,207,219,292,342,369,407,419,430,440,440,521,573,611,665,673,687,764,812,841,875,895,902,912,988,1029,1088,1125,1158,1165,1171,1233,1283,1319,1343,1388,1390,1392,1444,1481,1502,1534,1574,1584,1593,1633,1668,1689,1769,1803,1818,1823,1846,1894,1934,1965,1997,1998,2038,2077,2103,2126,2151,2160,2171,2174,2266,2282,2344,2386,2418,2440,2445,2500,2531,2578,2597,2631,2632,2632,2648,2689,2717,2750,2773,2775,2777,2794,2807,2833,2852,2856,2859,2860,2882,2902,2923,2937,2992,2996,2999,3016,3053,3090,3103,3130,3166,3171,3173,3248,3266,3358,3441,3492,3495,3508,3508,3636,3671,3751,3824,3839,3841,3919,3982,4023,4113,4182,4194,4225,4343,4452,4537,4571,4664,4698,4720,4787,4843,4899,4992,5086,5125,5150,5254,5303,5387,5467,5571,5599,5627,5726,5790,5859,5921,5971,6031,6038,6064,6122,6198,6244,6284,6329,6349,6395,6416,6470,6532,6594,6597,6599,6669,6764,6816,6868,6905,6936,6951,6983,7012,7048,7097,7122,7148,7148,7212,7237,7280,7341,7389,7412,7425,7451,7162,7485,7546,7604,7635,7653,7668,7699,7726,7762,7802,7803,7821,7837,7866,7912,7947,7971,7973,7993,8021,8065,8116,8154,8191,8192,8220,8260,8326,8394,8411,8452,8453,8461,8486,8520,8562,8588,8624
HI,15,0,0,0,0,0,0,0,0,0,0,0,0,0,0,0,0,0,0,0,0,0,0,0,0,0,0,0,0,0,0,0,0,0,0,0,0,0,0,0,0,0,0,0,0,0,0,0,0,0,0,0,0,0,0,0,0,0,0,0,0,0,0,0,0,0,0,0,0,0,1,2,2,3,3,4,5,6,6,6,8,8,9,9,9,9,9,9,9,9,9,9,9,9,9,9,9,9,9,16,16,16,16,17,17,17,17,17,17,17,17,17,17,17,17,17,17,17,17,17,17,17,17,17,17,17,17,17,17,17,17,17,17,17,17,17,17,17,17,17,17,17,17,17,17,17,17,17,17,17,17,17,17,17,17,17,17,17,18,18,18,18,18,18,19,19,19,19,19,19,19,19,19,19,22,22,22,22,23,24,24,24,24,25,26,26,26,26,26,26,26,26,26,26,26,26,27,27,29,31,31,31,34,34,38,40,40,40,40,40,41,42,45,46,47,47,49,49,51,55,59,62,63,70,74,75,79,81,84,85,86,88,91,94,96,97,99,99,100,103,107,120,120,120,120,120,122,124,127,131,132,132,134,136,139,142,153,156,156,160,163,164,166,168,169,169,173,183,184,185,186,187,187,187,203,206,209,212,212,212,215,213,215,216,219,219,219,219,219,219,219,220,221,221,222,222,222,222,222,222,222,222,223,223,224,231
ID,16,0,0,0,0,0,0,0,0,0,0,0,0,0,0,0,0,0,0,0,0,0,0,0,0,0,0,0,0,0,0,0,0,0,0,0,0,0,0,0,0,0,0,0,0,0,0,0,0,0,0,0,0,0,0,0,0,0,0,0,0,0,0,0,0,3,4,5,6,7,9,9,9,10,10,10,12,14,17,23,25,27,27,33,39,41,41,43,44,45,48,51,54,54,54,56,56,58,58,60,62,62,63,63,63,65,66,67,67,67,67,69,69,69,72,73,73,73,74,76,76,76,78,78,78,78,81,82,82,82,82,82,83,83,83,83,83,83,83,83,85,85,85,86,86,86,88,88,88,89,89,89,89,89,89,90,90,90,91,91,91,92,92,92,92,92,92,94,94,98,100,101,102,102,102,103,110,114,114,119,119,122,126,135,138,144,146,146,152,160,173,177,189,196,196,200,210,217,223,229,235,237,239,246,246,251,265,269,269,273,282,291,291,304,306,306,314,326,337,343,353,358,358,361,368,372,372,382,384,384,385,389,406,407,412,415,415,419,423,429,434,438,441,442,444,450,453,456,458,460,460,460,464,469,472,474,480,480,487,492,500,503,506,507,507,510,512,516,517,523,529,529,530,533,545,551,560,569,569,579,584,584,614,625,628,629,631,646,663,670,678,682,685,697,713,732,746,750,750,758,762,798,812,835,845,847
IL,17,0,0,0,0,0,0,0,0,0,0,0,0,0,0,0,0,0,0,0,0,0,0,0,0,0,0,0,0,0,0,0,0,0,0,0,0,0,0,0,0,0,0,0,0,0,0,0,0,0,0,0,0,0,0,0,1,1,4,5,6,8,11,16,18,26,29,47,65,72,99,139,157,209,244,274,307,380,462,528,596,677,720,720,868,948,1072,1132,1259,1290,1349,1468,1565,1686,1794,1875,1933,1983,2125,2214,2354,2456,2554,2616,2660,2838,2974,3110,3239,3347,3405,3458,3601,3791,3927,4057,4127,4176,4233,4377,4524,4607,4715,4790,4855,4884,4923,5081,5184,5268,5329,5389,5411,5524,5620,5735,5794,5862,5903,5923,6017,6094,6184,6259,6288,6307,6325,6397,6484,6536,6579,6624,6646,6669,6704,6767,6807,6845,6871,6886,6900,6921,6949,6949,7003,7012,7018,7024,7060,7096,7115,7140,7164,7183,7189,7216,7224,7249,7270,7288,7293,7300,7323,7346,7365,7383,7396,7397,7414,7414,7457,7475,7494,7502,7516,7525,7544,7573,7593,7613,7630,7635,7636,7656,7671,7695,7720,7726,7743,7754,7781,7805,7832,7856,7873,7879,7887,7916,7953,7977,7997,8008,8019,8026,8064,8090,8114,8142,8166,8171,8179,8186,8213,8239,8272,8295,8309,8314,8332,8367,8392,8411,8436,8450,8457,8486,8508,8538,8563,8587,8601,8614,8637,8671,8695,8743,8774,8791,8791,8836,8877,8909,8944,8975,8984,8997,9026,9074,9127,9165,9192,9214,9236,9277,9344,9387,9418,9481,9504,9521,9567,9617,9674,9709,9709,9779,9810,9877,9933,10030,10078,10153,10195,10209,10289,10434,10476,10503,10668,10740,10777,10874,11014,11178,11304,11430
IN,18,0,0,0,0,0,0,0,0,0,0,0,0,0,0,0,0,0,0,0,0,0,0,0,0,0,0,0,0,0,0,0,0,0,0,0,0,0,0,0,0,0,0,0,0,0,0,0,0,0,0,0,0,0,0,2,2,4,5,5,9,14,19,24,29,35,44,47,57,75,90,111,133,154,185,210,244,269,304,332,367,392,412,440,473,515,552,582,616,641,673,708,750,789,817,843,879,910,943,963,1007,1062,1115,1132,1151,1213,1264,1295,1328,1362,1379,1411,1444,1481,1506,1550,1596,1607,1621,1675,1716,1764,1791,1812,1824,1830,1848,1869,1904,1943,1943,1966,1975,2020,2029,2050,2078,2110,2121,2135,2158,2172,2197,2214,2231,2240,2251,2265,2289,2304,2327,2346,2350,2363,2377,2385,2394,2403,2424,2427,2432,2447,2455,2468,2487,2493,2493,2504,2524,2539,2539,2544,2563,2567,2569,2582,2592,2602,2610,2627,2629,2632,2649,2666,2683,2687,2698,2704,2707,2707,2731,2744,2768,2768,2772,2776,2788,2800,2807,2816,2830,2831,2834,2859,2874,2894,2902,2917,2920,2926,2954,2968,2979,2991,3000,3002,3011,3033,3257,3265,3276,3283,3289,3294,3310,3323,3330,3347,3360,3362,3366,3378,3395,3408,3418,3434,3435,3437,3458,3469,3475,3492,3501,3504,3510,3520,3530,3547,3565,3577,3580,3591,3611,3628,3642,3656,3669,3673,3673,3707,3724,3740,3760,3781,3788,3794,3821,3835,3862,3887,3918,3937,3960,4007,4022,4064,4092,4118,4130,4143,4194,4226,4260,4285,4331,4363,4389,4438,4462,4507,4545,4591,4629,4664,4731,4762,4812,4863,4887,4909,4935,5024,5084,5143,5206,5246
IA,19,0,0,0,0,0,0,0,0,0,0,0,0,0,0,0,0,0,0,0,0,0,0,0,0,0,0,0,0,0,0,0,0,0,0,0,0,0,0,0,0,0,0,0,0,0,0,0,0,0,0,0,0,0,0,0,0,0,0,0,0,0,0,1,1,1,3,3,4,6,7,9,11,11,11,17,25,26,27,27,31,34,41,41,43,53,60,64,74,75,79,83,90,96,107,112,118,127,136,148,162,170,175,183,187,206,218,230,242,251,264,270,288,306,318,336,346,351,355,366,381,400,418,444,449,456,463,485,500,520,527,532,537,559,565,578,588,598,602,607,622,629,638,642,649,650,653,661,671,676,680,681,685,686,688,690,693,701,703,703,707,713,717,717,720,721,721,722,725,732,740,743,748,749,753,756,758,777,782,787,792,793,799,808,815,820,826,826,829,829,844,854,865,872,874,879,885,893,906,912,925,930,931,937,949,954,964,973,975,979,987,1003,1011,1017,1030,1035,1040,1049,1062,1080,1091,1105,1108,1111,1121,1125,1133,1136,1160,1165,1167,1173,1185,1205,1208,1208,1218,1221,1233,1234,1248,1258,1264,1265,1266,1285,1293,1299,1303,1311,1315,1317,1325,1342,1358,1367,1377,1381,1381,1399,1414,1419,1433,1453,1459,1463,1480,1491,1504,1521,1526,1528,1534,1548,1579,1594,1617,1629,1634,1636,1658,1680,1691,1705,1715,1716,1733,1755,1781,1801,1815,1815,1829,1845,1872,1898,1928,1947,1972,1985,1991,2024,2064,2102,2127,2159
KS,20,0,0,0,0,0,0,0,0,0,0,0,0,0,0,0,0,0,0,0,0,0,0,0,0,0,0,0,0,0,0,0,0,0,0,0,0,0,0,0,0,0,0,0,0,0,0,0,0,0,0,1,1,1,1,1,1,1,1,1,2,2,2,2,3,3,4,5,5,9,10,10,13,16,21,22,25,30,38,42,48,55,56,62,69,77,81,85,87,94,102,102,112,114,114,120,122,126,128,134,135,141,142,145,156,161,164,164,168,173,173,179,184,185,189,192,194,194,195,196,201,203,203,204,204,207,209,210,213,213,213,213,214,220,224,224,232,232,232,236,236,240,240,243,243,243,246,246,247,247,256,264,264,264,264,264,265,267,270,271,273,275,277,277,277,277,277,284,285,286,291,291,288,293,297,297,301,301,304,305,305,311,313,316,316,326,326,332,335,341,349,354,356,358,361,366,366,368,375,380,380,380,387,390,396,403,404,407,407,407,410,414,422,426,430,431,432,433,444,445,446,448,449,450,453,458,466,481,481,483,485,485,492,494,512,521,521,533,533,585,585,598,598,598,600,607,621,631,632,637,632,638,646,678,681,698,698,698,706,709,723,733,763,763,766,771,788,838,838,859,859,859,872,890,952,952,975,975,975,975,982,1007,1007,1029,1029,1029,1045,1056,1087,1087,1166,1166,1166,1181,1181,1215,1215,1254,1254,1254,1266,1265,1326,1326,1410,1410
KY,21,0,0,0,0,0,0,0,0,0,0,0,0,0,0,0,0,0,0,0,0,0,0,0,0,0,0,0,0,0,0,0,0,0,0,0,0,0,0,0,0,0,0,0,0,0,0,0,0,0,0,0,0,0,1,1,1,1,2,2,3,3,4,4,5,5,9,10,10,11,18,20,31,37,40,45,59,62,66,79,90,94,96,105,115,121,129,137,144,148,154,171,185,191,200,205,208,213,225,235,240,248,248,253,261,275,283,294,298,304,304,311,321,326,328,332,334,334,346,366,376,386,391,391,391,391,394,400,409,418,431,431,439,442,450,457,465,469,469,471,477,483,493,497,498,498,503,509,516,518,521,523,525,525,536,537,545,552,553,557,559,564,571,579,583,583,583,591,600,606,610,618,620,623,627,633,643,648,656,665,668,669,670,673,680,687,692,696,705,705,720,727,731,736,738,740,747,748,756,763,771,772,774,782,789,795,804,809,812,816,829,841,855,863,871,871,885,894,901,909,917,920,920,933,946,966,976,987,993,996,996,997,1013,1034,1043,1056,1059,1064,1073,1081,1091,1099,1106,1109,1110,1117,1122,1135,1146,1152,1155,1160,1168,1172,1189,1195,1203,1207,1207,1217,1222,1233,1241,1248,1251,1254,1268,1275,1295,1299,1311,1317,1325,1341,1362,1379,1395,1403,1406,1409,1427,1441,1459,1474,1483,1487,1490,1501,1512,1532,1542,1559,1563,1576,1590,1604,1622,1645,1657,1661,1664,1697,1712,1739,1762,1783
LA,22,0,0,0,0,0,0,0,0,0,0,0,0,0,0,0,0,0,0,0,0,0,0,0,0,0,0,0,0,0,0,0,0,0,0,0,0,0,0,0,0,0,0,0,0,0,0,0,0,0,0,0,0,1,2,3,4,7,10,14,20,20,34,45,65,83,119,137,153,185,238,268,309,370,408,476,512,578,650,700,753,803,837,837,1011,1100,1156,1214,1268,1296,1327,1403,1472,1539,1600,1643,1669,1695,1754,1798,1858,1922,1945,1964,1985,2035,2086,2128,2146,2186,2203,2232,2270,2313,2347,2381,2411,2423,2438,2457,2485,2505,2533,2560,2567,2585,2596,2615,2634,2678,2678,2683,2688,2721,2757,2770,2799,2812,2823,2829,2842,2854,2872,2882,2890,2899,2904,2927,2947,2947,2969,2989,2990,3002,3020,3038,3050,3076,3076,3085,3089,3112,3130,3147,3169,3169,3180,3188,3211,3231,3247,3272,3294,3307,3314,3336,3350,3374,3398,3398,3430,3461,3496,3555,3573,3603,3603,3651,3674,3674,3770,3810,3835,3835,3893,3910,3937,3978,4028,4089,4089,4145,4169,4195,4237,4277,4307,4307,4384,4403,4431,4466,4493,4545,4545,4605,4623,4655,4688,4711,4741,4741,4767,4787,4820,4840,4857,4872,4872,4928,4939,4953,4969,4990,5031,5031,5065,5082,5108,5126,5143,5172,5172,5197,5205,5216,5224,5241,5262,5261,5283,5298,5298,5321,5355,5355,5387,5387,5387,5400,5409,5415,5440,5440,5460,5476,5486,5495,5507,5527,5527,5550,5566,5572,5584,5593,5614,5614,5631,5648,5666,5676,5694,5705,5705,5712,5720,5737,5746,5766,5787,5787,5807,5819,5829,5829,5861,5885,5885,5885,5885,5885,5913,6199,6233,6233
ME,23,0,0,0,0,0,0,0,0,0,0,0,0,0,0,0,0,0,0,0,0,0,0,0,0,0,0,0,0,0,0,0,0,0,0,0,0,0,0,0,0,0,0,0,0,0,0,0,0,0,0,0,0,0,0,0,0,0,0,0,0,0,0,0,0,0,1,1,3,3,5,7,7,9,10,10,10,12,14,16,17,19,19,19,20,23,26,29,32,34,35,36,39,44,47,50,50,51,51,52,53,55,56,57,57,61,62,62,63,64,64,65,65,66,69,69,70,70,71,73,73,73,75,77,78,78,79,81,84,85,89,89,89,94,95,95,98,98,99,99,100,100,100,100,100,100,101,101,102,102,102,102,102,102,102,103,103,103,104,104,105,105,105,105,107,109,109,110,110,111,111,111,114,114,114,114,114,115,117,117,117,117,118,118,118,118,119,119,119,121,121,122,123,123,123,123,123,124,124,124,125,125,125,126,126,126,126,127,127,127,127,127,128,129,130,131,131,131,132,132,132,132,132,132,132,133,133,134,134,134,134,134,134,134,134,134,134,134,134,138,138,138,139,139,140,140,140,140,140,140,140,140,141,141,142,142,142,142,142,142,142,142,143,143,143,143,143,143,144,145,146,146,146,146,146,146,146,146,146,146,146,146,146,146,147,147,148,148,150,150,150,152,152,156,160,161,162,163,163,165,166,170,171,172,174,176
MD,24,0,0,0,0,0,0,0,0,0,0,0,0,0,0,0,0,0,0,0,0,0,0,0,0,0,0,0,0,0,0,0,0,0,0,0,0,0,0,0,0,0,0,0,0,0,0,0,0,0,0,0,0,0,0,0,0,1,1,2,3,3,3,4,4,4,5,10,15,15,17,30,35,41,53,67,91,103,123,138,171,202,232,232,278,299,345,365,374,421,446,489,544,592,592,695,708,800,849,924,985,1008,1092,1136,1162,1223,1277,1327,1377,1429,1467,1489,1558,1625,1674,1723,1772,1815,1840,1898,1949,1999,2044,2087,2148,2310,2314,2343,2362,2362,2407,2433,2455,2608,2654,2695,2727,2768,2786,2797,2838,2867,2893,2926,2952,2972,2983,3001,3029,3054,3071,3093,3104,3118,3133,3149,3166,3185,3200,3208,3217,3228,3247,3253,3267,3280,3284,3294,3306,3323,3334,3350,3358,3369,3375,3381,3393,3400,3405,3422,3427,3436,3452,3467,3474,3474,3485,3485,3491,3491,3538,3538,3547,3557,3568,3571,3580,3593,3602,3613,3626,3634,3640,3652,3665,3675,3684,3691,3697,3699,3705,3714,3721,3731,3739,3746,3751,3758,3770,3780,3786,3800,3809,3812,3817,3823,3833,3842,3853,3859,3862,3866,3869,3879,3884,3892,3897,3898,3901,3910,3918,3925,3932,3937,3939,3949,3957,3963,3973,3981,3984,3992,3997,4004,4007,4009,4011,4016,4016,4023,4031,4038,4045,4046,4059,4061,4068,4075,4086,4088,4095,4098,4101,4105,4113,4124,4131,4140,4153,4156,4162,4171,4179,4189,4198,4208,4211,4217,4223,4234,4245,4255,4262,4270,4280,4296,4311,4321,4335,4356,4363,4380,4400,4419,4437,4465
MA,25,0,0,0,0,0,0,0,0,0,0,0,0,0,0,0,0,0,0,0,0,0,0,0,0,0,0,0,0,0,0,0,0,0,0,0,0,0,0,0,0,0,0,0,0,0,0,0,0,0,0,0,0,0,0,0,0,0,0,1,2,5,9,11,15,25,35,44,48,56,89,122,154,192,216,231,260,356,433,503,599,686,756,844,957,1108,1245,1404,1560,1705,1809,1961,2182,2360,2556,2730,2899,3003,3152,3405,3562,3716,3846,4004,4090,4212,4420,4552,4702,4840,4979,5108,5141,5315,5482,5592,5705,5797,5862,5938,6066,6148,6228,6304,6372,6416,6473,6547,6640,6717,6768,6846,7028,7080,7152,7203,7235,7289,7316,7353,7407,7454,7491,7538,7576,7624,7647,7665,7734,7770,7800,7827,7855,7871,7890,7938,7962,8007,8031,8041,8053,8052,8081,8131,8147,8171,8183,8198,8213,8243,8268,8296,8310,8324,8330,8339,8364,8377,8398,8415,8425,8431,8450,8468,8484,8510,8510,8529,8536,8551,8580,8595,8609,8626,8638,8648,8657,8659,8691,8709,8721,8735,8741,8751,8751,8751,8751,8820,8838,8842,8848,8876,8888,8888,8921,8921,8949,8961,8987,9008,9024,9035,9048,9057,9060,9060,9077,9100,9115,9124,9132,9140,9145,9166,9180,9196,9210,9219,9226,9245,9260,9269,9295,9310,9317,9328,9328,9362,9372,9391,9391,9415,9423,9456,9480,9490,9507,9510,9530,9538,9557,9565,9577,9587,9604,9617,9630,9647,9672,9702,9723,9737,9753,9758,9780,9810,9830,9839,9864,9881,9888,9924,9951,9975,9991,10013,10023,10035,10062,10085,10106,10125,10149,10163,10184,10222,10242,10265,10293,10329,10340,10360,10407,10435,10469,10488
MI,26,0,0,0,0,0,0,0,0,0,0,0,0,0,0,0,0,0,0,0,0,0,0,0,0,0,0,0,0,0,0,0,0,0,0,0,0,0,0,0,0,0,0,0,0,0,0,0,0,0,0,0,0,0,0,0,0,1,1,3,5,6,14,23,41,57,86,104,127,184,259,337,417,479,540,616,727,845,959,1076,1280,1391,1487,1487,1768,1921,2093,2227,2309,2390,2467,2702,2815,2979,3087,3275,3317,3408,3569,3672,3791,3867,4020,4049,4134,4178,4249,4342,4393,4525,4550,4583,4672,4711,4785,4823,4879,4890,4914,5016,5059,5127,5156,5219,5226,5239,5266,5334,5371,5405,5463,5491,5514,5551,5570,5595,5853,5889,5893,5910,5942,5952,5981,5988,6011,6014,6017,6033,6035,6061,6067,6086,6089,6095,6107,6113,6131,6134,6153,6157,6161,6192,6197,6210,6213,6217,6217,6220,6250,6261,6269,6284,6312,6313,6318,6323,6327,6345,6352,6362,6364,6370,6377,6380,6384,6385,6390,6390,6393,6393,6419,6438,6446,6451,6452,6458,6467,6473,6501,6508,6512,6514,6521,6530,6536,6552,6563,6583,6589,6592,6607,6616,6633,6633,6654,6657,6661,6682,6687,6705,6711,6711,6745,6750,6765,6779,6790,6796,6802,6802,6807,6809,6869,6891,6898,6909,6909,6917,6929,6938,6949,6953,6967,6967,6978,6993,7008,7016,7023,7041,7041,7048,7067,7077,7097,7104,7120,7120,7120,7155,7165,7189,7198,7217,7217,7225,7254,7267,7301,7315,7340,7340,7362,7383,7417,7462,7484,7522,7522,7551,7582,7602,7649,7660,7696,7696,7712,7759,7781,7831,7877,7877,7877,8006,8093,8136,8183,8301,8371,8371,8427,8510,8572,8716,8772,8875
MN,27,0,0,0,0,0,0,0,0,0,0,0,0,0,0,0,0,0,0,0,0,0,0,0,0,0,0,0,0,0,0,0,0,0,0,0,0,0,0,0,0,0,0,0,0,0,0,0,0,0,0,0,0,0,0,0,0,0,0,1,1,1,1,1,1,2,3,5,9,10,10,17,18,22,24,29,30,34,39,50,57,64,70,70,78,86,94,111,121,134,143,160,179,199,220,243,271,285,300,318,342,369,393,417,426,454,484,507,533,557,577,590,613,637,662,681,698,719,728,745,774,806,838,848,865,878,896,929,964,993,1024,1038,1048,1070,1084,1113,1146,1167,1183,1194,1215,1234,1247,1272,1281,1296,1302,1311,1323,1341,1361,1372,1380,1384,1393,1397,1406,1411,1417,1425,1435,1440,1444,1457,1465,1465,1469,1472,1475,1482,1486,1491,1494,1497,1499,1502,1509,1526,1533,1538,1538,1545,1545,1545,1545,1545,1545,1545,1545,1545,1552,1578,1600,1606,1615,1616,1620,1629,1636,1640,1648,1657,1660,1666,1678,1685,1692,1698,1705,1712,1721,1738,1745,1753,1761,1767,1771,1778,1793,1806,1810,1814,1816,1817,1823,1830,1837,1847,1851,1857,1860,1862,1869,1884,1897,1906,1919,1922,1927,1933,1942,1950,1963,1965,1969,1979,1985,1988,1994,2004,2008,2015,2020,2036,2049,2059,2073,2080,2080,2087,2101,2107,2121,2130,2141,2144,2151,2151,2151,2151,2151,2151,2246,2246,2246,2314,2328,2328,2353,2367,2387,2409,2429,2457,2475,2484,2499,2499,2530,2555,2591,2624,2655,2674,2697,2792,2792,2836,2905,2917,2943,3009,3009,3081,3149,3241
MS,28,0,0,0,0,0,0,0,0,0,0,0,0,0,0,0,0,0,0,0,0,0,0,0,0,0,0,0,0,0,0,0,0,0,0,0,0,0,0,0,0,0,0,0,0,0,0,0,0,0,0,0,0,0,0,0,0,0,1,1,1,1,1,1,5,6,6,6,14,15,18,21,25,29,35,43,51,59,66,75,81,92,95,95,110,121,128,139,151,158,169,183,192,200,209,220,226,229,239,249,260,280,291,303,310,342,374,396,407,419,429,434,456,464,479,492,510,521,528,554,570,580,596,616,625,635,652,670,693,710,723,734,739,767,782,794,803,811,817,837,847,868,868,881,889,891,895,915,938,938,938,938,938,976,989,1011,1016,1022,1035,1039,1059,1073,1082,1092,1103,1107,1112,1114,1158,1187,1202,1213,1228,1246,1247,1269,1286,1303,1327,1344,1354,1357,1388,1422,1435,1463,1478,1492,1499,1499,1548,1582,1624,1648,1656,1663,1706,1741,1793,1830,1850,1889,1905,1937,1989,2011,2043,2080,2084,2095,2129,2163,2190,2214,2235,2240,2248,2309,2363,2386,2411,2424,2440,2472,2492,2525,2535,2555,2567,2583,2584,2584,2619,2648,2661,2676,2691,2706,2734,2755,2779,2791,2807,2808,2808,2842,2866,2874,2894,2911,2919,2920,2956,2968,2978,2995,3011,3013,3013,3026,3050,3073,3079,3095,3100,3101,3115,3140,3152,3161,3171,3171,3202,3223,3231,3238,3255,3255,3263,3283,3302,3310,3328,3334,3348,3348,3383,3396,3404,3417,3432,3442,3442,3442,3496,3513,3513,3518,3540,3543,3545,3581,3600,3619,3642,3657
MO,29,0,0,0,0,0,0,0,0,0,0,0,0,0,0,0,0,0,0,0,0,0,0,0,0,0,0,0,0,0,0,0,0,0,0,0,0,0,0,0,0,0,0,0,0,0,0,0,0,0,0,0,0,0,0,0,0,1,1,3,3,3,3,5,8,8,9,10,12,13,14,18,19,19,23,33,38,53,58,79,98,110,111,111,135,149,154,166,177,178,179,191,209,220,264,275,276,290,316,320,331,339,353,354,360,378,398,419,451,474,484,489,524,542,562,577,590,596,607,618,630,661,671,676,681,685,686,695,706,736,770,771,772,782,786,788,798,807,807,819,839,848,860,870,877,877,879,881,907,944,947,955,956,961,966,975,982,990,996,996,1007,1023,1026,1031,1031,1031,1027,1028,1040,1043,1046,1058,1067,1067,1081,1089,1099,1109,1116,1125,1124,1128,1138,1154,1174,1178,1182,1197,1201,1201,1220,1233,1243,1253,1253,1255,1265,1271,1280,1299,1299,1305,1305,1312,1323,1325,1333,1345,1366,1396,1402,1413,1416,1418,1424,1425,1425,1439,1449,1450,1464,1495,1506,1529,1538,1542,1545,1561,1638,1658,1659,1661,1672,1691,1701,1704,1705,1713,1731,1738,1756,1779,1792,1794,1805,1861,1939,1947,1989,2044,2047,2047,2047,2124,2126,2141,2166,2170,2170,2196,2233,2256,2386,2410,2410,2410,2410,2488,2488,2488,2529,2526,2526,2672,2688,2720,2831,2835,2840,2869,2902,2902,2958,3057,3059,3064,3096,3120,3139,3164,3182,3186,3186,3332,3356,3372,3118,3406,3407,3419,3486,3510,3540,3570,3588,3588
MT,30,0,0,0,0,0,0,0,0,0,0,0,0,0,0,0,0,0,0,0,0,0,0,0,0,0,0,0,0,0,0,0,0,0,0,0,0,0,0,0,0,0,0,0,0,0,0,0,0,0,0,0,0,0,0,0,0,0,0,0,0,0,0,0,0,0,0,1,1,3,4,4,5,5,5,5,5,6,6,6,6,6,6,6,6,6,8,9,11,11,11,13,15,15,15,15,15,15,16,17,17,17,17,17,17,17,17,17,17,17,17,17,17,17,17,17,17,17,17,17,17,17,17,17,17,17,18,18,18,18,18,18,18,18,18,18,19,19,19,19,19,19,19,19,19,20,20,20,21,21,21,21,21,22,22,22,22,23,23,23,23,23,23,23,24,24,24,24,24,24,26,29,30,30,33,35,35,36,38,38,38,40,41,43,44,47,47,47,48,48,55,56,61,62,62,65,65,66,67,72,77,77,77,79,82,83,83,84,84,84,86,86,90,90,92,92,93,99,100,100,102,106,106,106,107,111,113,116,118,119,120,121,124,125,133,135,137,140,142,143,145,148,158,159,162,165,167,167,172,173,175,176,179,181,183,188,188,189,189,194,195,199,208,210,211,213,218,227,232,237,242,243,243,254,277,280,284,296,299,304,306,326,338,365,377,378,388,401,406,409,421,447,458,459,464,474,473,479,513,519,522,544,562,562,567,602
NE,31,0,0,0,0,0,0,0,0,0,0,0,0,0,0,0,0,0,0,0,0,0,0,0,0,0,0,0,0,0,0,0,0,0,0,0,0,0,0,0,0,0,0,0,0,0,0,0,0,0,0,0,0,0,0,0,0,0,0,0,0,0,0,0,0,0,2,2,2,3,4,5,6,6,6,6,6,6,14,14,14,14,14,14,14,14,14,14,14,14,14,14,14,14,14,14,14,14,14,70,72,75,78,79,79,82,86,90,91,95,98,100,102,105,111,116,120,120,122,125,132,138,142,142,145,145,148,157,158,163,163,164,172,175,180,181,182,183,183,184,187,191,208,212,212,212,216,227,230,235,240,240,240,245,251,252,254,260,261,261,262,267,268,274,276,276,276,275,274,277,277,277,279,279,282,282,285,294,296,296,296,303,307,308,313,316,316,316,317,317,324,328,333,333,333,333,333,333,336,341,346,346,346,349,352,357,361,362,362,362,362,369,372,374,377,378,382,383,385,390,391,392,392,397,400,400,404,404,404,404,404,407,422,428,435,435,435,436,437,440,443,443,443,443,451,459,462,463,469,470,471,473,479,479,494,494,498,500,500,507,507,514,514,519,519,522,527,530,534,546,547,547,553,563,573,583,587,596,597,602,618,625,633,642,645,655,656,659,668,673,700,701,701,708,725,725,756,775,779,779,795,795,825,851,898,906
NV,32,0,0,0,0,0,0,0,0,0,0,0,0,0,0,0,0,0,0,0,0,0,0,0,0,0,0,0,0,0,0,0,0,0,0,0,0,0,0,0,0,0,0,0,0,0,0,0,0,0,0,0,0,0,0,1,1,1,1,2,2,2,4,6,10,10,10,14,15,18,26,32,38,43,46,46,58,59,80,85,102,102,102,102,102,102,154,158,168,174,175,179,190,206,214,216,222,223,235,247,253,253,269,273,273,278,297,305,313,318,322,322,330,341,348,360,362,365,365,377,377,377,396,406,408,410,410,413,421,424,428,429,432,433,436,445,448,453,454,457,459,460,461,461,462,463,464,466,472,475,478,485,487,490,492,494,495,498,500,500,504,507,511,524,528,530,534,537,548,553,574,579,589,593,593,612,619,626,637,646,647,648,676,704,707,722,732,734,739,739,759,801,830,832,832,847,862,890,899,919,949,957,963,980,995,1030,1045,1069,1072,1072,1072,1072,1171,1195,1197,1197,1200,1230,1250,1250,1287,1301,1302,1302,1305,1336,1336,1373,1386,1389,1393,1393,1412,1429,1439,1449,1449,1456,1482,1494,1506,1524,1528,1530,1531,1531,1546,1564,1573,1582,1585,1585,1592,1600,1603,1609,1620,1623,1623,1623,1636,1649,1657,1659,1661,1664,1664,1691,1691,1707,1707,1711,1712,1727,1732,1736,1738,1743,1748,1749,1756,1766,1769,1777,1777,1777,1783,1806,1813,1823,1843,1848,1849,1850,1856,1874,1877,1890,1905,1906,1914,1941,1944,1950,1979,2007
NH,33,0,0,0,0,0,0,0,0,0,0,0,0,0,0,0,0,0,0,0,0,0,0,0,0,0,0,0,0,0,0,0,0,0,0,0,0,0,0,0,0,0,0,0,0,0,0,0,0,0,0,0,0,0,0,0,0,0,0,0,0,0,1,1,1,1,3,3,3,3,3,4,5,7,9,9,9,13,18,21,22,23,23,23,27,32,34,37,38,41,42,42,48,51,53,60,60,60,60,66,72,81,84,86,86,92,111,114,121,131,133,133,142,150,151,159,171,172,172,182,190,199,204,208,209,210,214,223,232,237,242,245,245,256,265,273,278,283,286,286,294,301,308,315,318,320,320,326,330,331,337,339,339,339,343,347,357,365,367,367,367,371,373,375,376,376,381,382,384,386,387,390,391,391,391,392,394,395,395,396,398,398,400,402,405,409,409,409,409,409,411,415,415,416,417,417,418,418,419,419,419,419,419,419,420,422,423,423,423,423,424,427,428,428,429,429,429,429,430,431,432,432,432,432,432,432,432,432,432,433,433,433,433,434,434,435,436,436,436,438,438,438,438,438,438,438,438,438,438,439,439,439,439,439,441,441,442,443,443,446,446,448,450,455,456,456,456,458,463,465,466,467,468,468,469,470,471,473,473,475,475,478,482,482,483,483,483,483,484,484,488,489,489,489,489,492,495,498,499,499,500,502,504,506,507,508
NJ,34,0,0,0,0,0,0,0,0,0,0,0,0,0,0,0,0,0,0,0,0,0,0,0,0,0,0,0,0,0,0,0,0,0,0,0,0,0,0,0,0,0,0,0,0,0,0,0,1,1,1,1,1,1,2,3,3,5,9,11,16,24,27,44,62,80,108,140,161,198,265,355,537,646,837,917,1002,1232,1504,1700,1932,2183,2350,2350,2805,3156,3518,3840,4071,4205,4379,4756,4756,4756,5620,5866,5941,6047,6444,6773,7231,7538,7742,7870,7910,8244,8549,8801,8952,9115,9255,9310,9508,9702,9946,10138,10249,10356,10435,10586,10747,10843,10985,11080,11130,11143,11191,11339,11401,11531,11633,11696,11721,11770,11880,11970,12048,12105,12173,12214,12303,12377,12442,12489,12587,12624,12673,12722,12763,12796,12834,12856,12870,12894,12948,12993,13018,13060,14947,14973,14990,15035,15078,15107,15164,15189,15211,15229,15280,15332,15446,15477,15520,15536,15553,15572,15625,15647,15658,15667,15677,15685,15693,15703,15722,15746,15753,15755,15758,15758,15775,15786,15795,15804,15809,15816,15816,15828,15835,15835,15850,15854,15858,15868,15873,15880,15888,15892,15893,15893,15899,15903,15905,15909,15910,15910,15910,15912,15914,15921,15928,15931,15934,15941,15948,15961,15969,15977,15984,15988,15990,15995,16004,16010,16019,16023,16027,16030,16038,16049,16052,16056,16059,16061,16062,16069,16076,16087,16093,16099,16099,16102,16108,16120,16139,16129,16131,16132,16132,16142,16145,16159,16161,16167,16170,16170,16177,16191,16197,16202,16204,16210,16214,16226,16245,16263,16273,16281,16285,16292,16306,16323,16331,16338,16348,16351,16355,16371,16391,16403,16415,16425,16429,16440,16461,16476,16495,16521,16548,16566,16580,16618,16655,16689,16712,16746
NM,35,0,0,0,0,0,0,0,0,0,0,0,0,0,0,0,0,0,0,0,0,0,0,0,0,0,0,0,0,0,0,0,0,0,0,0,0,0,0,0,0,0,0,0,0,0,0,0,0,0,0,0,0,0,0,0,0,0,0,0,0,0,0,0,0,1,1,2,2,2,5,6,7,10,11,12,12,13,16,17,19,20,26,26,31,31,44,51,53,55,58,58,71,78,84,93,99,99,105,112,123,131,138,150,150,162,169,172,181,191,200,208,219,231,242,253,253,253,270,276,283,294,302,308,317,320,325,329,335,344,351,356,362,367,375,383,387,392,396,400,404,410,420,426,431,435,440,447,452,456,464,466,469,469,476,480,485,489,491,492,493,497,500,503,511,513,513,515,519,527,533,539,543,545,548,551,557,562,565,569,571,578,588,591,596,601,607,614,619,619,632,635,642,651,654,655,658,670,669,675,681,685,690,693,695,697,703,711,714,718,723,729,734,739,743,745,747,750,755,764,767,769,770,779,787,790,791,794,800,803,807,807,813,816,818,821,823,823,830,832,836,841,847,849,851,854,857,859,865,870,870,873,875,877,882,887,890,892,892,894,896,899,902,907,911,915,918,921,922,928,929,934,935,942,950,953,960,965,967,976,980,991,994,1007,1018,1026,1036,1045,1059,1082,1088,1104,1118,1130,1144,1158,1176,1198,1208,1215,1236,1264,1290,1302,1325,1350
NY,36,0,0,0,0,0,0,0,0,0,0,0,0,0,0,0,0,0,0,0,0,0,0,0,0,0,0,0,0,0,0,0,0,0,0,0,0,0,0,0,0,0,0,0,0,0,0,0,0,0,0,0,0,3,3,14,22,30,50,48,78,139,185,284,407,545,694,992,1235,1569,1991,2490,3093,3831,4524,5431,6258,7268,8195,9148,10394,11112,12050,12908,13959,14725,15436,15997,16229,17689,18303,19141,19830,20381,20875,21469,21869,22235,22683,23068,23407,23750,23982,24527,24781,25069,25947,26253,26457,26719,26888,27065,27324,27491,27656,27797,27965,28139,28281,28423,28526,28686,28788,28885,29031,29123,29225,29322,29418,29516,29556,29633,29745,29824,29893,29984,30037,30106,30151,30206,30275,30341,30394,30472,30534,30577,30610,30656,30694,30727,30814,30837,30887,30930,30980,30999,31027,31073,31103,31135,31135,31774,31788,31811,31833,31853,31893,31907,31925,31942,31977,32001,32003,32024,32071,32087,32111,32131,32145,32164,32185,32199,32213,32226,32263,32291,32291,32300,32317,32326,32339,32359,32369,32387,32401,32407,32416,32424,32428,32437,32446,32455,32462,32473,32481,32500,32511,32515,32526,32539,32551,32556,32556,32560,32569,32587,32593,32599,32602,32612,32619,32627,32639,32646,32653,32664,32671,32677,32682,32688,32699,32707,32710,32713,32718,32727,32731,32738,32738,32759,32765,32776,32784,32790,32795,32794,32796,32801,32813,32818,32827,32843,32849,32862,32876,32893,32898,32919,32932,32941,32955,32965,32973,32982,32986,33003,33012,33023,33041,33051,33067,33080,33098,33106,33114,33132,33148,33148,33170,33184,33203,33218,33238,33251,33264,33284,33297,33308,33333,33357,33378,33398,33412,33453,33486,33511,33537,33565,33590,33621,33654,33690,33722,33779,33826,33827
NC,37,0,0,0,0,0,0,0,0,0,0,0,0,0,0,0,0,0,0,0,0,0,0,0,0,0,0,0,0,0,0,0,0,0,0,0,0,0,0,0,0,0,0,0,0,0,0,0,0,0,0,0,0,0,0,0,0,0,0,0,0,0,0,0,1,1,3,4,4,6,8,10,16,19,24,31,33,45,52,63,73,79,80,80,107,115,130,151,163,170,178,211,240,252,268,288,298,305,340,353,377,398,419,421,428,450,475,505,525,542,545,548,574,594,610,636,647,654,656,686,697,711,722,731,738,748,760,789,789,854,875,875,896,919,937,955,962,987,990,1001,1024,1041,1058,1086,1099,1104,1113,1147,1161,1169,1191,1206,1214,1217,1244,1264,1283,1285,1311,1315,1318,1334,1361,1378,1388,1395,1396,1398,1420,1440,1459,1476,1488,1503,1510,1551,1565,1565,1606,1629,1634,1642,1668,1698,1726,1746,1778,1785,1790,1790,1861,1901,1922,1962,1967,1980,2008,2049,2091,2133,2159,2167,2171,2203,2203,2286,2312,2342,2346,2348,2396,2431,2465,2494,2520,2530,2534,2567,2604,2628,2652,2683,2692,2702,2741,2779,2803,2803,2888,2889,2896,2909,2957,2990,3023,3047,3052,3060,3111,3147,3178,3207,3233,3242,3246,3286,3316,3356,3409,3440,3441,3445,3494,3532,3579,3608,3629,3634,3634,3670,3693,3721,3747,3765,3770,3773,3814,3852,3872,3904,3921,3932,3937,3990,4030,4079,4121,3990,3990,4167,4167,4167,4167,4167,4167,4167,4167,4455,4505,4548,4548,4548,4548,4614,4638,4696,4696,4719,4719,4719,4719,4719,4898,4898,4898,5005
ND,38,0,0,0,0,0,0,0,0,0,0,0,0,0,0,0,0,0,0,0,0,0,0,0,0,0,0,0,0,0,0,0,0,0,0,0,0,0,0,0,0,0,0,0,0,0,0,0,0,0,0,0,0,0,0,0,0,0,0,0,0,0,0,0,0,0,1,1,1,3,3,3,3,3,3,3,3,4,4,5,7,7,8,9,9,9,9,9,9,10,13,13,14,15,15,16,17,19,19,19,19,23,24,25,25,25,31,31,33,34,35,36,38,40,40,42,42,43,44,45,49,51,52,52,53,54,54,56,57,59,59,59,61,65,66,66,71,72,72,72,72,73,74,74,74,74,74,74,74,75,76,76,77,77,78,78,78,78,78,79,79,79,80,80,80,80,80,80,84,85,85,85,87,87,87,88,88,89,90,90,92,93,94,96,97,99,99,99,99,100,102,103,103,103,105,105,107,108,109,110,112,112,112,118,120,120,121,121,124,126,128,130,130,132,135,136,137,138,138,139,139,141,142,143,145,148,150,150,155,156,156,156,157,160,164,167,168,170,172,172,182,184,192,192,193,196,203,211,211,211,211,234,239,247,256,264,271,274,277,280,304,310,320,335,338,344,356,364,370,388,399,404,408,412,422,431,440,448,456,461,476,488,499,512,524,531,540,556,568,596,613,628,639,644,674,686,697,707,726,735,742,768,785,795,817,834
OH,39,0,0,0,0,0,0,0,0,0,0,0,0,0,0,0,0,0,0,0,0,0,0,0,0,0,0,0,0,0,0,0,0,0,0,0,0,0,0,0,0,0,0,0,0,0,0,0,0,0,0,0,0,0,0,0,0,0,0,1,3,3,6,8,10,15,19,25,29,39,55,65,81,90,102,119,142,167,191,212,231,247,253,253,323,361,389,418,451,471,509,556,607,652,689,709,726,753,799,934,975,1002,1021,1038,1056,1132,1224,1271,1304,1331,1341,1357,1436,1482,1534,1580,1610,1625,1657,1720,1780,1834,1871,1951,1966,1984,1999,2040,2096,2129,2146,2151,2203,2256,2297,2336,2354,2370,2377,2403,2421,2457,2490,2508,2554,2557,2573,2596,2611,2633,2667,2697,2700,2704,2734,2754,2771,2787,2803,2806,2817,2862,2876,2876,2903,2906,2910,2926,2969,2990,3005,3030,3033,3054,3060,3067,3074,3103,3112,3132,3171,3184,3209,3225,3254,3294,3295,3305,3342,3342,3420,3441,3485,3510,3526,3535,3566,3595,3618,3650,3666,3667,3672,3706,3731,3755,3784,3823,3826,3831,3871,3906,3927,3955,3975,3978,3985,3996,4044,4076,4105,4125,4126,4137,4164,4175,4225,4246,4255,4258,4276,4298,4324,4354,4402,4411,4415,4418,4506,4554,4580,4607,4612,4615,4623,4635,4687,4715,4734,4740,4741,4746,4783,4803,4815,4905,4925,4925,4925,4947,4969,4982,4993,4996,4998,5004,5017,5033,5038,5054,5067,5067,5075,5083,5149,5161,5184,5206,5206,5217,5239,5256,5275,5291,5301,5303,5340,5373,5428,5461,5494,5506,5517,5524,5547,5623,5657,5700,5714,5722,5742,5742,5742,5742,5742,5742
OK,40,0,0,0,0,0,0,0,0,0,0,0,0,0,0,0,0,0,0,0,0,0,0,0,0,0,0,0,0,0,0,0,0,0,0,0,0,0,0,0,0,0,0,0,0,0,0,0,0,0,0,0,0,0,0,0,0,1,1,1,1,2,2,3,5,7,7,15,16,17,23,29,34,38,42,46,51,67,79,80,88,94,96,96,108,123,131,131,131,131,131,164,170,179,179,194,195,197,207,214,222,230,238,238,238,247,253,260,266,270,271,273,278,278,284,285,288,288,288,294,299,304,307,311,311,313,318,322,325,328,333,333,333,339,341,344,345,347,348,348,353,355,357,359,359,359,359,363,364,366,367,368,369,369,371,372,375,377,384,385,385,387,389,395,397,397,397,398,404,407,410,416,421,422,424,428,432,438,445,451,451,452,461,474,477,484,495,495,495,495,523,536,541,549,550,551,566,582,593,600,603,603,605,618,627,638,644,657,661,665,682,698,709,715,725,726,730,744,763,778,786,797,798,800,809,821,835,846,850,853,853,854,863,876,888,899,905,905,912,924,930,939,942,945,947,962,970,981,993,1004,1006,1007,1018,1031,1035,1044,1051,1055,1055,1066,1075,1085,1091,1095,1098,1104,1119,1132,1143,1154,1168,1171,1173,1191,1209,1221,1234,1245,1249,1251,1273,1286,1306,1326,1337,1345,1354,1375,1392,1413,1429,1429,1438,1444,1451,1470,1481,1493,1516,1528,1538,1544,1570,1588,1603,1603
OR,41,0,0,0,0,0,0,0,0,0,0,0,0,0,0,0,0,0,0,0,0,0,0,0,0,0,0,0,0,0,0,0,0,0,0,0,0,0,0,0,0,0,0,0,0,0,0,0,0,0,0,0,0,1,1,1,1,3,3,3,4,4,5,5,10,11,12,13,13,16,18,19,21,22,26,27,29,33,38,44,48,51,52,52,55,58,64,70,72,74,75,78,78,83,86,87,91,92,99,101,103,104,109,109,109,113,115,121,124,127,127,130,130,134,137,137,137,137,138,140,144,145,147,147,148,148,148,148,151,151,153,153,154,157,159,159,161,161,164,164,169,169,171,173,174,176,180,182,183,187,188,189,190,192,192,195,197,201,202,202,204,207,208,209,209,213,215,215,220,224,230,232,232,234,237,244,247,249,254,257,260,262,269,271,273,282,286,289,289,289,310,315,321,324,325,328,333,338,339,348,354,355,356,368,375,383,385,385,385,388,397,408,412,414,416,416,419,426,432,437,446,446,446,458,464,467,469,474,474,475,476,485,493,496,498,502,508,510,518,519,520,520,520,521,528,531,537,539,542,543,546,547,555,559,560,563,563,564,564,581,583,594,597,599,599,599,604,607,610,616,616,617,628,633,635,646,649,653,653,655,664,671,673,675,688,691,692,701,705,710,716,729,730,734,737,742,746,753,759,761,765,778,788,808,812,819
PA,42,0,0,0,0,0,0,0,0,0,0,0,0,0,0,0,0,0,0,0,0,0,0,0,0,0,0,0,0,0,0,0,0,0,0,0,0,0,0,0,0,0,0,0,0,0,0,0,0,0,0,0,0,0,0,0,0,1,1,1,2,2,6,7,11,16,22,34,38,48,63,74,90,102,136,150,162,240,309,338,415,491,507,507,584,647,647,756,836,1112,1204,1389,1413,1421,1491,1536,1549,1596,1715,2192,2290,2352,2417,2441,2454,3001,3094,3395,3586,3669,3687,3710,3785,3917,4120,4170,4203,4206,4493,4623,4765,4868,4984,5096,5124,5139,5152,5265,5373,5464,5536,5536,5536,5666,5741,5816,5884,5929,5941,5951,6012,6060,6111,6160,6209,6213,6242,6275,6318,6360,6398,6418,6422,6425,6463,6517,6555,6578,6601,6604,6613,6648,6684,6711,6745,6748,6752,6753,6786,6812,6848,6880,6897,6904,6911,6931,6957,6973,6992,7007,7015,7018,7038,7063,7079,7101,7114,7117,7121,7121,7175,7175,7189,7204,7209,7209,7232,7244,7282,7297,7313,7314,7317,7352,7385,7409,7445,7465,7468,7468,7499,7523,7538,7558,7576,7578,7579,7604,7623,7635,7653,7671,7673,7673,7691,7712,7732,7742,7760,7760,7779,7790,7805,7820,7837,7837,7837,7869,7875,7903,7913,7934,7956,7980,8004,8022,8061,8077,8079,8101,8104,8105,8121,8140,8158,8177,8199,8216,8216,8244,8272,8272,8272,8272,8368,8368,8368,8410,8431,8457,8466,8466,8500,8533,8562,8588,8625,8654,8666,8673,8696,8718,8762,8784,8812,8817,8823,8823,8890,8937,8975,9015,9020,9024,9086,9145,9193,9224,9274,9312,9325,9355,9465,9581,9689,9689
RI,44,0,0,0,0,0,0,0,0,0,0,0,0,0,0,0,0,0,0,0,0,0,0,0,0,0,0,0,0,0,0,0,0,0,0,0,0,0,0,0,0,0,0,0,0,0,0,0,0,0,0,0,0,0,0,0,0,0,0,0,0,0,0,0,0,0,0,2,3,4,8,10,12,14,15,25,27,30,35,43,49,56,63,73,80,87,105,118,137,150,155,171,181,189,202,215,226,233,239,251,266,279,296,320,341,355,370,388,399,418,422,430,444,462,468,479,489,499,506,532,538,556,579,597,608,621,634,655,677,715,718,720,720,732,742,756,772,772,772,799,808,812,823,833,833,845,851,865,876,885,885,894,894,903,906,912,920,927,927,927,946,950,956,956,960,960,960,960,968,970,973,975,975,975,983,984,983,984,986,986,986,987,987,993,993,993,994,993,993,993,993,993,993,1001,1001,1001,1001,1006,1006,1006,1006,1006,1006,1006,1013,1013,1013,1001,1001,1001,1001,1008,1008,1008,1008,1008,1008,1008,1020,1020,1020,1020,1020,1020,1020,1031,1031,1031,1031,1031,1031,1031,1042,1042,1042,1042,1042,1042,1042,1055,1055,1055,1055,1055,1055,1055,1078,1078,1078,1078,1078,1078,1078,1092,1092,1092,1092,1092,1092,1092,1104,1104,1104,1104,1104,1104,1104,1116,1116,1116,1116,1116,1116,1116,1139,1139,1139,1139,1139,1139,1139,1166,1166,1166,1166,1166,1166,1166,1189,1189,1189,1189,1189,1189,1189,1213,1213,1213,1213,1213,1213,1213,1244,1244,1244,1244
SC,45,0,0,0,0,0,0,0,0,0,0,0,0,0,0,0,0,0,0,0,0,0,0,0,0,0,0,0,0,0,0,0,0,0,0,0,0,0,0,0,0,0,0,0,0,0,0,0,0,0,0,0,0,0,0,1,1,1,1,1,3,3,4,7,7,9,9,15,16,18,22,25,31,34,40,44,48,52,63,67,72,72,82,82,95,104,109,116,119,120,124,135,140,150,158,166,166,177,192,232,244,256,267,275,282,295,304,315,319,329,330,343,352,361,370,379,380,385,391,399,407,416,419,425,435,440,446,466,470,483,483,494,500,501,518,525,538,545,546,557,568,575,587,592,598,599,601,606,617,620,638,643,652,657,673,683,691,692,707,712,717,735,759,777,786,805,813,818,838,876,898,922,940,950,961,984,984,1053,1078,1117,1138,1147,1203,1242,1294,1339,1411,1436,1452,1452,1551,1599,1646,1683,1709,1721,1774,1819,1872,1916,1916,2029,2046,2097,2186,2186,2204,2259,2268,2287,2341,2358,2399,2458,2490,2501,2508,2527,2572,2627,2654,2698,2709,2720,2757,2794,2807,2844,2876,2886,2906,2911,2939,2974,3023,3039,3061,3074,3095,3128,3153,3173,3184,3196,3208,3237,3261,3277,3295,3321,3324,3335,3356,3374,3395,3406,3438,3450,3450,3469,3501,3513,3529,3549,3551,3558,3574,3592,3606,3614,3636,3649,3660,3695,3707,3754,3776,3792,3801,3820,3840,3873,3888,3895,3932,3933,3943,3966,3984,3991,4004,4015,4035,4040,4062,4076,4084,4101,4110,4112,4112,4112,4112,4201,4201,4201
SD,46,0,0,0,0,0,0,0,0,0,0,0,0,0,0,0,0,0,0,0,0,0,0,0,0,0,0,0,0,0,0,0,0,0,0,0,0,0,0,0,0,0,0,0,0,0,0,0,0,1,1,1,1,1,1,1,1,1,1,1,1,1,1,1,1,1,1,1,1,1,1,2,2,2,2,2,3,5,5,5,5,5,5,5,5,5,6,6,7,7,7,8,9,9,9,10,11,11,11,13,17,21,21,21,21,24,29,31,31,34,34,34,39,39,43,44,44,44,44,44,46,48,50,50,50,50,50,54,54,59,60,60,62,62,62,64,65,65,65,65,68,69,73,74,75,75,75,77,78,78,81,81,81,81,83,84,87,88,91,91,91,91,93,93,96,96,96,97,98,98,101,107,109,109,109,109,111,115,116,116,118,118,118,119,121,122,122,123,123,123,129,129,130,134,135,135,136,137,141,144,146,146,146,146,146,148,150,152,153,153,154,155,157,159,159,161,161,161,162,162,165,167,167,167,167,169,169,170,173,173,173,173,173,177,177,183,184,184,184,192,193,198,200,202,202,202,202,210,216,218,218,218,223,223,236,237,248,248,248,248,248,272,277,286,286,288,288,291,304,307,315,323,323,330,333,347,356,366,375,375,375,384,403,415,425,437,438,446,460,482,510,523,536,537,540,567,567,568,621,644,644,644,674,705,741,741
TN,47,0,0,0,0,0,0,0,0,0,0,0,0,0,0,0,0,0,0,0,0,0,0,0,0,0,0,0,0,0,0,0,0,0,0,0,0,0,0,0,0,0,0,0,0,0,0,0,0,0,0,0,0,0,0,0,0,0,0,1,1,2,2,2,4,4,6,6,6,13,22,24,31,37,43,45,65,72,79,94,98,101,101,109,124,134,140,142,145,148,152,157,166,170,170,178,181,184,184,194,199,204,209,210,219,226,238,238,241,242,243,251,264,272,287,290,295,298,301,305,309,313,315,325,332,334,338,348,351,359,364,364,365,375,382,395,404,413,414,417,429,431,436,461,465,467,475,485,490,501,507,516,518,523,534,548,558,568,577,577,585,597,602,612,625,629,639,644,656,678,700,713,728,731,737,756,773,786,815,828,834,838,861,877,912,937,962,963,977,977,1018,1032,1060,1067,1073,1092,1116,1143,1185,1203,1213,1221,1231,1268,1286,1311,1324,1345,1366,1387,1425,1452,1487,1548,1562,1566,1587,1627,1647,1672,1699,1722,1743,1748,1771,1785,1810,1835,1861,1864,1866,1891,1928,1985,2021,2059,2073,2092,2122,2146,2159,2191,2212,2214,2229,2257,2272,2307,2350,2372,2376,2388,2418,2451,2497,2513,2553,2574,2574,2616,2638,2696,2726,2753,2763,2769,2792,2825,2861,2869,2901,2907,2920,2949,2968,3008,3074,3098,3129,3160,3205,3238,3260,3338,3351,3351,3377,3450,3476,3507,3540,3587,3592,3607,3670,3759,3786,3852,3877,3893,3923,3994,4046,4127,4202,4202
TX,48,0,0,0,0,0,0,0,0,0,0,0,0,0,0,0,0,0,0,0,0,0,0,0,0,0,0,0,0,0,0,0,0,0,0,0,0,0,0,0,0,0,0,0,0,0,0,0,0,0,0,0,0,0,0,1,1,2,4,5,5,5,9,11,15,21,23,30,35,39,50,64,77,90,107,127,141,155,178,199,226,254,271,271,318,364,393,428,453,477,495,516,543,560,592,622,646,662,688,730,780,814,845,865,882,904,943,969,1000,1045,1084,1095,1128,1154,1212,1268,1301,1331,1341,1363,1410,1431,1470,1495,1507,1515,1522,1546,1584,1609,1630,1654,1660,1676,1711,1743,1764,1792,1804,1810,1829,1860,1895,1912,1930,1949,1956,2001,2032,2073,2103,2126,2142,2152,2178,2205,2251,2282,2321,2348,2358,2379,2438,2480,2530,2563,2591,2608,2669,2765,2870,2965,3063,3143,3186,3269,3375,3498,3663,3782,3843,3883,3949,4069,4172,4280,4370,4472,5668,5668,6111,6271,6567,6835,6835,7014,7259,7495,7801,8093,8339,8452,8483,8701,9023,9278,9588,9825,9968,10019,10249,10556,10790,11048,11262,11366,11391,11572,11801,12065,12261,12415,12505,12531,12674,12863,13084,13224,13401,13465,13484,13545,13685,13846,13990,14137,14184,14205,14336,14471,14582,14705,14841,14887,14911,14988,15123,15262,15355,15475,15514,15525,15595,15702,15815,15887,15984,16017,16017,16103,16222,16326,16424,16518,16549,16550,16614,16709,16803,16894,16975,17005,17013,17078,17192,17277,17366,17447,17495,17505,17586,17691,17809,17924,18014,18066,18086,18183,18309,18441,18577,18688,18731,18753,18851,18992,19135,19308,19455,19544,19564,19681,19871,20098,20282,20282
UT,49,0,0,0,0,0,0,0,0,0,0,0,0,0,0,0,0,0,0,0,0,0,0,0,0,0,0,0,0,0,0,0,0,0,0,0,0,0,0,0,0,0,0,0,0,0,0,0,0,0,0,0,0,0,0,0,0,0,0,0,0,1,1,1,1,2,2,3,3,4,4,7,7,7,8,8,13,13,13,13,17,18,18,18,19,20,21,23,25,28,28,32,34,35,35,41,41,41,45,45,46,46,49,50,50,56,58,61,61,68,68,68,73,75,75,75,78,80,80,81,90,92,93,97,97,98,101,105,106,108,108,108,113,113,117,117,121,121,121,124,127,128,132,139,139,139,143,145,149,152,155,155,158,158,163,163,164,166,167,167,168,172,173,176,181,181,183,190,194,201,202,207,212,215,215,226,233,234,235,243,243,243,251,260,267,274,274,274,281,285,291,299,303,309,310,313,320,327,330,335,335,336,345,349,351,353,360,362,363,365,369,378,378,378,386,386,390,397,400,403,407,407,407,407,409,409,414,419,420,422,423,424,427,430,431,433,433,436,436,437,437,437,440,440,441,443,444,444,448,448,453,453,453,460,460,474,476,478,483,489,499,503,507,511,511,523,523,529,531,539,541,544,547,552,558,564,568,568,572,574,579,589,598,601,604,614,614,620,625,632,649,658,659,661,672,678,687,702,711,720,724,733,742,759,775,775
VT,50,0,0,0,0,0,0,0,0,0,0,0,0,0,0,0,0,0,0,0,0,0,0,0,0,0,0,0,0,0,0,0,0,0,0,0,0,0,0,0,0,0,0,0,0,0,0,0,0,0,0,0,0,0,0,0,0,0,2,2,2,2,5,7,8,9,10,12,12,12,12,13,14,14,16,18,19,23,23,23,23,24,26,27,28,29,34,34,36,36,37,39,39,42,43,45,45,46,46,46,48,49,50,52,52,52,52,53,53,53,53,53,53,53,53,53,53,54,54,54,54,54,54,54,54,54,54,54,55,55,55,55,55,55,55,55,55,55,55,55,55,55,55,55,55,55,55,55,55,56,56,56,56,56,56,56,56,56,56,56,56,56,56,56,56,56,56,56,56,56,56,56,56,56,56,56,56,56,56,56,56,56,56,56,56,56,56,56,56,56,56,56,57,57,57,57,57,57,58,58,58,58,58,58,58,58,58,58,58,58,58,58,58,58,58,58,58,58,58,58,58,58,58,58,58,58,58,58,58,58,58,58,58,58,58,58,58,58,58,58,58,58,58,58,58,58,58,58,58,58,58,58,58,58,58,58,58,58,58,58,58,58,58,58,58,58,58,58,58,58,58,58,58,58,58,58,58,58,58,58,58,58,58,58,58,58,58,58,58,58,58,59,59,59,59,59,59,59,59,59,59,59,60,61,62,62
VA,51,0,0,0,0,0,0,0,0,0,0,0,0,0,0,0,0,0,0,0,0,0,0,0,0,0,0,0,0,0,0,0,0,0,0,0,0,0,0,0,0,0,0,0,0,0,0,0,0,0,0,0,0,1,1,2,2,2,2,2,2,3,6,6,9,13,14,17,22,25,27,34,41,45,49,51,54,63,74,108,119,129,139,147,153,195,208,230,257,276,298,322,348,372,436,436,436,459,492,521,552,581,617,661,685,714,714,770,812,828,840,850,890,927,954,977,1002,1009,1014,1041,1074,1098,1132,1157,1169,1203,1227,1272,1327,1349,1361,1366,1381,1397,1416,1432,1442,1449,1460,1466,1483,1502,1511,1524,1532,1536,1541,1560,1571,1578,1595,1600,1604,1613,1635,1652,1668,1694,1717,1725,1732,1755,1779,1808,1835,1840,1845,1845,1872,1896,1946,1951,1955,1957,1966,1983,1998,2006,2018,2020,2020,2024,2040,2044,2048,2061,2070,2071,2076,2076,2118,2135,2165,2205,2208,2210,2241,2269,2295,2309,2315,2319,2320,2336,2343,2356,2362,2373,2373,2377,2387,2410,2427,2436,2443,2467,2471,2493,2513,2525,2546,2566,2567,2578,2611,2639,2651,2661,2677,2677,2683,2685,2696,2706,2710,2721,2723,2742,2838,2882,2915,2945,2986,3010,3016,3056,3087,3111,3134,3141,3156,3168,3182,3204,3224,3245,3266,3269,3269,3289,3302,3326,3338,3345,3349,3352,3363,3372,3380,3398,3411,3421,3443,3471,3501,3507,3524,3562,3563,3565,3587,3601,3620,3625,3638,3640,3643,3650,3663,3673,3679,3700,3703,3709,3720,3736,3754,3777,3790,3791,3801,3830,3859,3895,3912,3912
WA,53,0,0,0,0,0,0,0,0,0,0,0,0,0,0,0,0,0,0,0,0,0,0,0,0,0,0,0,0,0,0,0,0,0,0,0,0,0,0,1,1,6,7,10,11,13,16,19,23,24,29,31,37,40,42,48,52,66,74,83,93,94,109,122,131,142,167,184,195,218,222,251,265,288,310,338,372,394,420,446,474,491,508,508,541,567,583,603,624,634,652,682,692,710,723,738,749,765,785,800,813,822,829,833,840,861,869,890,904,920,930,944,961,974,982,991,999,1000,1001,1030,1036,1044,1050,1050,1061,1070,1078,1095,1106,1111,1118,1118,1124,1129,1135,1138,1149,1153,1159,1161,1176,1189,1194,1202,1211,1215,1218,1222,1223,1242,1252,1262,1266,1272,1281,1290,1297,1302,1308,1308,1318,1330,1337,1340,1349,1351,1356,1367,1379,1389,1403,1417,1417,1429,1392,1399,1420,1426,1433,1443,1446,1451,1461,1465,1477,1486,1492,1498,1516,1516,1552,1561,1561,1592,1592,1599,1616,1622,1649,1670,1670,1687,1693,1712,1722,1735,1752,1762,1776,1782,1804,1820,1834,1846,1855,1860,1863,1871,1877,1887,1900,1900,1900,1911,1925,1932,1941,1950,1950,1950,1950,1950,1976,1983,1991,1991,1991,2006,2015,2020,2029,2036,2036,2036,2035,2066,2078,2083,2089,2089,2090,2091,2116,2122,2129,2142,2142,2142,2142,2164,2175,2182,2189,2189,2189,2189,2202,2218,2229,2235,2239,2239,2256,2277,2281,2289,2296,2296,2296,2320,2336,2348,2358,2365,2365,2365,2377,2399,2413,2427,2437,2437,2437,2459,2482,2482,2513,2517,2517,2517,2546,2570,2591,2603,2619,2619
WV,54,0,0,0,0,0,0,0,0,0,0,0,0,0,0,0,0,0,0,0,0,0,0,0,0,0,0,0,0,0,0,0,0,0,0,0,0,0,0,0,0,0,0,0,0,0,0,0,0,0,0,0,0,0,0,0,0,0,0,0,0,0,0,0,0,0,0,0,1,1,1,2,2,2,2,3,4,4,4,5,5,6,8,9,10,12,13,16,18,20,26,26,29,31,31,33,34,37,38,40,44,46,49,49,49,49,50,50,51,52,53,56,57,58,61,63,64,66,67,67,68,70,71,71,71,71,73,73,73,73,73,73,75,77,78,79,84,84,84,84,84,85,86,88,88,88,88,88,88,88,88,88,89,90,92,92,92,92,93,93,93,93,93,93,93,94,95,95,95,95,95,95,96,96,97,97,98,99,100,100,100,100,101,101,103,103,103,103,106,111,112,115,116,116,117,117,124,124,124,127,131,139,141,147,153,153,157,159,159,159,162,164,165,170,176,178,179,186,189,195,199,210,211,212,219,228,236,241,242,245,246,250,253,255,262,264,264,274,274,290,294,297,308,310,312,317,319,325,330,332,334,337,345,350,353,355,357,358,361,364,369,370,376,381,382,385,387,391,393,396,399,399,399,408,413,418,422,422,423,424,429,432,439,447,453,453,454,469,472,480,487,501,502,530,546,553,555,565,573,582,585,598,612,623,639,639
WI,55,0,0,0,0,0,0,0,0,0,0,0,0,0,0,0,0,0,0,0,0,0,0,0,0,0,0,0,0,0,0,0,0,0,0,0,0,0,0,0,0,0,0,0,0,0,0,0,0,0,0,0,0,0,0,0,0,0,2,3,4,4,5,5,6,8,12,13,13,14,16,24,31,37,56,68,77,92,99,111,128,137,144,144,169,181,197,205,211,220,230,242,246,257,262,266,272,281,300,308,316,326,334,339,340,353,362,374,384,398,400,409,418,421,434,445,452,452,458,467,481,487,496,507,510,513,516,539,550,568,588,592,595,607,616,626,633,645,646,646,661,670,681,688,691,692,694,702,712,719,729,743,743,744,749,757,765,766,777,777,777,784,786,793,796,796,796,796,804,807,809,814,820,820,820,826,827,831,833,843,844,846,859,865,878,878,891,892,893,893,911,919,933,947,948,949,961,970,977,989,994,995,996,1004,1011,1018,1025,1038,1039,1039,1047,1060,1066,1068,1081,1081,1081,1094,1100,1111,1113,1119,1121,1121,1130,1142,1145,1152,1167,1167,1167,1168,1183,1193,1197,1209,1210,1210,1219,1226,1230,1237,1240,1241,1243,1251,1259,1265,1274,1281,1281,1283,1300,1326,1347,1353,1372,1377,1377,1398,1414,1424,1440,1458,1463,1472,1508,1536,1553,1574,1574,1588,1600,1633,1681,1701,1743,1767,1775,1785,1849,1894,1942,1970,2029,2045,2057,2100,2155,2194,2256,2301,2312,2329,2395,2450,2515,2573,2624,2637,2649,2740,2793,2864,2954,2954
WY,56,0,0,0,0,0,0,0,0,0,0,0,0,0,0,0,0,0,0,0,0,0,0,0,0,0,0,0,0,0,0,0,0,0,0,0,0,0,0,0,0,0,0,0,0,0,0,0,0,0,0,0,0,0,0,0,0,0,0,0,0,0,0,0,0,0,0,0,0,0,0,0,0,0,0,0,0,0,0,0,0,0,0,1,1,2,2,2,2,2,2,2,7,7,7,7,7,7,7,7,7,7,7,7,7,7,7,7,7,7,7,7,7,7,7,7,7,8,10,10,11,12,12,12,12,12,13,14,15,15,15,15,17,17,17,17,17,17,17,17,17,18,18,18,18,18,18,18,18,18,20,20,20,20,20,20,20,20,20,20,20,20,20,20,20,20,20,20,20,21,21,21,21,21,21,22,22,24,24,24,24,24,25,25,25,25,25,25,25,25,25,25,25,25,25,26,26,26,26,27,27,27,27,27,27,28,28,28,28,31,32,32,32,35,37,37,37,37,37,37,37,37,37,37,41,41,41,42,42,42,42,42,42,42,42,42,42,42,42,46,46,49,49,49,49,49,49,50,50,50,50,50,50,50,53,53,53,53,53,53,53,53,53,53,53,54,57,57,57,57,57,57,57,61,61,61,67,67,67,77,77,77,87,87,87,87,87,93,104,104,104,104,104,113,126,126,126,126,126,126,144,153,153,171,171,171
