State,stateFIPS,1/1/21,1/2/21,1/22/20,1/23/20,1/24/20,1/25/20,1/26/20,1/27/20,1/28/20,1/29/20,1/3/21,1/30/20,1/31/20,1/4/21,1/5/21,10/1/20,10/10/20,10/11/20,10/12/20,10/13/20,10/14/20,10/15/20,10/16/20,10/17/20,10/18/20,10/19/20,10/2/20,10/20/20,10/21/20,10/22/20,10/23/20,10/24/20,10/25/20,10/26/20,10/27/20,10/28/20,10/29/20,10/3/20,10/30/20,10/31/20,10/4/20,10/5/20,10/6/20,10/7/20,10/8/20,10/9/20,11/1/20,11/10/20,11/11/20,11/12/20,11/13/20,11/14/20,11/15/20,11/16/20,11/17/20,11/18/20,11/19/20,11/2/20,11/20/20,11/21/20,11/22/20,11/23/20,11/24/20,11/25/20,11/26/20,11/27/20,11/28/20,11/29/20,11/3/20,11/30/20,11/4/20,11/5/20,11/6/20,11/7/20,11/8/20,11/9/20,12/1/20,12/10/20,12/11/20,12/12/20,12/13/20,12/14/20,12/15/20,12/16/20,12/17/20,12/18/20,12/19/20,12/2/20,12/20/20,12/21/20,12/22/20,12/23/20,12/24/20,12/25/20,12/26/20,12/27/20,12/28/20,12/29/20,12/3/20,12/30/20,12/31/20,12/4/20,12/5/20,12/6/20,12/7/20,12/8/20,12/9/20,2/1/20,2/10/20,2/11/20,2/12/20,2/13/20,2/14/20,2/15/20,2/16/20,2/17/20,2/18/20,2/19/20,2/2/20,2/20/20,2/21/20,2/22/20,2/23/20,2/24/20,2/25/20,2/26/20,2/27/20,2/28/20,2/29/20,2/3/20,2/4/20,2/5/20,2/6/20,2/7/20,2/8/20,2/9/20,3/1/20,3/10/20,3/11/20,3/12/20,3/13/20,3/14/20,3/15/20,3/16/20,3/17/20,3/18/20,3/19/20,3/2/20,3/20/20,3/21/20,3/22/20,3/23/20,3/24/20,3/25/20,3/26/20,3/27/20,3/28/20,3/29/20,3/3/20,3/30/20,3/31/20,3/4/20,3/5/20,3/6/20,3/7/20,3/8/20,3/9/20,4/1/20,4/10/20,4/11/20,4/12/20,4/13/20,4/14/20,4/15/20,4/16/20,4/17/20,4/18/20,4/19/20,4/2/20,4/20/20,4/21/20,4/22/20,4/23/20,4/24/20,4/25/20,4/26/20,4/27/20,4/28/20,4/29/20,4/3/20,4/30/20,4/4/20,4/5/20,4/6/20,4/7/20,4/8/20,4/9/20,5/1/20,5/10/20,5/11/20,5/12/20,5/13/20,5/14/20,5/15/20,5/16/20,5/17/20,5/18/20,5/19/20,5/2/20,5/20/20,5/21/20,5/22/20,5/23/20,5/24/20,5/25/20,5/26/20,5/27/20,5/28/20,5/29/20,5/3/20,5/30/20,5/31/20,5/4/20,5/5/20,5/6/20,5/7/20,5/8/20,5/9/20,6/1/20,6/10/20,6/11/20,6/12/20,6/13/20,6/14/20,6/15/20,6/16/20,6/17/20,6/18/20,6/19/20,6/2/20,6/20/20,6/21/20,6/22/20,6/23/20,6/24/20,6/25/20,6/26/20,6/27/20,6/28/20,6/29/20,6/3/20,6/30/20,6/4/20,6/5/20,6/6/20,6/7/20,6/8/20,6/9/20,7/1/20,7/10/20,7/11/20,7/12/20,7/13/20,7/14/20,7/15/20,7/16/20,7/17/20,7/18/20,7/19/20,7/2/20,7/20/20,7/21/20,7/22/20,7/23/20,7/24/20,7/25/20,7/26/20,7/27/20,7/28/20,7/29/20,7/3/20,7/30/20,7/31/20,7/4/20,7/5/20,7/6/20,7/7/20,7/8/20,7/9/20,8/1/20,8/10/20,8/11/20,8/12/20,8/13/20,8/14/20,8/15/20,8/16/20,8/17/20,8/18/20,8/19/20,8/2/20,8/20/20,8/21/20,8/22/20,8/23/20,8/24/20,8/25/20,8/26/20,8/27/20,8/28/20,8/29/20,8/3/20,8/30/20,8/31/20,8/4/20,8/5/20,8/6/20,8/7/20,8/8/20,8/9/20,9/1/20,9/10/20,9/11/20,9/12/20,9/13/20,9/14/20,9/15/20,9/16/20,9/17/20,9/18/20,9/19/20,9/2/20,9/20/20,9/21/20,9/22/20,9/23/20,9/24/20,9/25/20,9/26/20,9/27/20,9/28/20,9/29/20,9/3/20,9/30/20,9/4/20,9/5/20,9/6/20,9/7/20,9/8/20,9/9/20
AL,1,,,122.6,128.7,193.2,201.2,125.5,123.6,120.0,121.7,,143.5,212.2,,,111.6,155.1,111.0,86.6,83.1,94.9,110.2,144.6,207.7,132.3,94.5,152.2,89.1,94.6,105.1,151.4,196.0,133.7,98.2,111.3,114.8,138.9,212.6,183.6,211.9,136.2,89.9,94.2,102.0,114.8,126.2,128.0,92.6,121.7,98.9,134.2,245.6,130.5,87.5,79.1,86.0,131.6,95.4,201.0,243.3,147.1,119.4,131.4,129.6,14.2,283.3,192.6,121.4,105.8,100.6,84.0,89.7,113.6,205.0,125.3,91.0,99.5,101.4,119.5,268.6,159.4,100.3,104.5,103.7,174.3,276.2,341.4,103.6,219.7,186.9,214.3,271.4,226.6,18.2,246.1,142.6,125.6,106.7,107.9,119.0,152.1,136.2,284.1,150.4,100.6,94.2,91.4,234.0,130.9,140.6,147.0,173.5,269.7,241.7,146.4,166.6,130.3,145.5,132.8,146.0,227.3,244.7,149.2,135.2,153.0,164.0,185.9,258.2,304.3,136.7,130.9,121.7,137.6,225.3,246.5,149.8,176.2,129.1,80.6,95.9,140.1,183.5,116.7,118.4,95.2,86.9,83.8,146.7,95.9,58.6,44.4,53.7,66.7,71.0,63.3,86.9,97.7,52.7,150.4,55.7,55.3,136.7,166.7,240.4,270.5,159.5,109.9,66.2,87.1,93.5,21.8,53.5,43.0,56.9,55.3,69.6,84.1,38.1,64.9,65.4,69.5,69.5,57.9,98.6,113.2,72.3,70.2,71.2,66.1,112.0,79.8,77.5,31.3,43.0,44.7,48.0,56.4,115.5,112.5,105.1,107.4,117.2,126.3,159.4,214.7,124.4,149.2,129.8,135.3,133.1,146.5,188.4,236.7,154.5,114.0,143.0,123.9,134.9,209.5,84.6,167.0,134.5,97.5,105.9,101.5,112.8,151.1,251.3,122.9,132.6,145.7,242.5,247.1,157.7,135.1,132.5,141.1,147.1,197.7,118.9,295.2,151.4,129.0,121.4,125.9,176.2,169.0,226.9,147.3,119.5,144.4,125.0,141.4,220.3,214.3,112.8,118.4,120.9,140.4,160.9,221.8,124.0,122.9,120.4,129.4,128.0,163.3,226.4,145.5,157.9,113.6,109.4,117.2,139.2,172.5,222.7,136.7,120.7,112.1,118.6,198.2,127.9,170.6,126.4,123.5,121.9,119.3,123.3,123.6,251.9,116.5,116.0,117.3,120.8,163.1,257.6,146.2,111.8,109.0,112.3,148.7,113.9,144.0,222.5,121.8,95.0,91.6,98.0,103.8,111.4,215.4,123.1,116.6,110.3,121.1,125.0,129.3,164.5,232.4,144.8,97.9,107.4,133.3,225.1,127.4,106.4,90.2,77.8,104.0,136.4,201.2,106.5,111.3,76.3,96.0,108.0,101.6,145.3,190.3,129.9,92.0,95.9,119.7,108.5,155.9,223.0,135.4,109.6,98.5,102.6
AK,2,,,122.8,127.6,141.8,113.1,99.1,114.4,120.9,112.8,,113.7,139.3,,,29.9,65.5,41.6,24.7,23.6,27.9,30.7,33.0,72.4,42.5,27.2,35.1,24.5,25.2,26.5,32.5,73.3,49.1,26.3,27.7,27.7,29.2,76.2,30.7,59.3,50.6,26.8,28.6,29.1,31.9,32.0,47.4,22.5,29.3,23.2,27.9,63.7,40.0,20.9,18.9,20.7,50.4,23.1,65.1,67.1,43.6,23.1,28.2,25.9,7.7,30.9,50.7,36.6,25.6,20.4,22.2,20.3,21.3,50.2,31.0,21.1,20.1,20.5,20.1,61.0,38.0,19.6,19.6,18.6,53.4,71.1,69.0,20.1,51.2,30.4,29.6,33.2,38.0,14.4,70.5,44.5,24.1,23.9,20.7,25.0,27.8,23.2,57.4,37.3,20.9,17.9,19.1,122.3,136.6,130.3,120.3,142.4,176.1,129.9,102.4,127.5,144.2,144.3,68.9,150.5,152.1,141.3,106.4,140.9,135.8,156.1,162.3,186.6,169.1,112.8,114.5,123.7,134.3,158.3,126.0,102.4,125.5,107.5,48.8,49.5,60.6,110.7,83.4,66.1,59.8,51.2,44.6,144.0,87.9,51.4,23.8,31.3,55.8,48.8,29.3,29.7,46.9,27.0,145.1,28.1,30.7,151.7,160.1,190.2,153.7,105.3,67.4,30.2,29.7,55.8,20.5,19.7,19.3,22.4,19.9,22.7,37.0,31.2,27.8,29.4,31.7,30.0,29.1,35.3,66.6,45.6,32.6,35.1,33.0,56.9,32.3,42.3,29.2,24.2,26.0,28.5,26.2,38.6,69.2,38.4,39.4,43.3,44.0,49.7,91.9,62.3,85.7,46.8,69.0,45.7,48.5,54.7,86.8,61.1,32.2,92.8,47.7,45.1,104.4,47.1,42.5,67.4,39.7,45.2,42.1,41.7,47.0,100.5,47.8,51.5,54.4,127.4,102.6,74.5,52.7,51.3,52.7,53.3,56.0,49.8,97.9,69.4,49.9,48.4,50.3,107.3,51.9,91.0,71.7,50.7,53.2,52.7,50.4,123.1,77.3,63.3,50.8,48.3,65.4,60.7,102.5,76.4,53.9,52.3,50.8,48.6,50.6,90.6,72.6,58.5,47.9,48.1,44.7,44.5,48.0,92.5,66.4,47.1,45.4,46.5,51.9,44.4,52.2,67.8,68.0,51.6,55.6,57.3,50.8,101.1,40.8,40.5,41.7,39.7,45.3,82.2,62.6,37.6,37.8,38.5,73.3,34.7,35.4,71.3,54.2,32.6,28.6,32.2,32.4,32.4,73.7,46.0,52.8,66.3,42.6,45.8,41.4,50.9,85.3,64.6,34.0,34.0,32.3,71.1,55.5,30.6,29.3,33.3,29.5,34.9,69.8,36.8,45.9,26.5,29.4,31.7,29.4,32.2,68.9,48.3,29.9,29.6,35.4,31.4,39.6,76.4,50.5,29.0,37.0,36.2
AZ,4,,,127.0,138.3,174.5,173.7,137.5,129.3,124.9,131.4,,145.0,188.3,,,46.3,137.3,92.6,45.8,42.9,46.7,51.1,61.2,150.8,101.7,45.7,60.4,43.1,45.0,49.4,65.9,161.5,109.1,49.7,52.7,58.7,58.1,143.3,69.0,129.9,92.4,44.9,43.3,48.1,52.4,59.6,85.1,49.7,70.1,51.5,66.8,153.3,95.6,43.1,38.5,44.9,89.3,51.8,129.9,172.5,118.4,61.1,66.9,78.0,20.3,118.5,152.9,97.9,52.6,50.8,42.1,43.9,53.6,128.7,89.8,48.4,48.7,50.6,59.2,167.4,106.1,50.5,50.3,50.9,109.5,161.6,199.5,49.4,142.8,84.0,92.2,106.7,111.0,19.1,159.4,103.8,66.0,62.4,49.7,63.9,79.5,64.2,171.2,102.0,50.7,46.8,45.7,203.2,142.7,139.1,141.1,149.3,217.9,196.9,149.4,168.3,136.6,142.7,121.4,154.0,191.8,186.2,147.2,145.9,143.0,149.1,168.4,207.8,215.0,134.6,130.5,135.6,151.6,193.7,191.8,147.0,167.4,117.0,52.5,60.4,82.2,147.5,128.5,89.8,74.5,66.7,59.4,153.1,102.8,73.1,43.8,43.1,72.1,68.9,42.5,48.5,90.3,61.2,146.0,46.0,50.0,153.0,166.2,206.2,203.6,156.8,86.0,36.4,51.5,90.7,36.4,30.6,21.8,26.6,25.6,31.0,59.7,49.2,37.0,35.9,39.7,39.5,40.8,51.0,97.8,65.3,40.6,41.6,40.8,79.1,43.0,72.5,49.4,32.8,34.5,35.0,37.4,54.5,85.2,45.2,46.7,48.8,53.0,65.2,134.1,94.0,97.4,59.6,98.6,61.1,66.0,82.5,153.6,110.8,67.6,107.5,58.4,57.1,128.7,66.1,83.2,97.1,45.3,47.5,44.7,49.0,64.1,140.5,59.6,60.7,65.8,148.4,158.5,113.9,61.2,58.7,60.5,63.3,78.1,60.7,161.0,98.6,54.5,54.4,52.5,101.0,64.4,127.5,91.6,51.1,67.4,52.2,67.9,138.5,133.8,92.7,64.9,62.5,56.2,59.3,112.2,79.9,47.3,47.4,46.3,48.2,58.7,114.6,88.6,54.8,49.3,46.8,46.1,49.3,61.0,126.9,91.7,46.7,48.4,48.1,76.0,52.6,63.7,86.6,76.0,50.0,48.7,48.5,47.9,137.1,44.6,41.5,42.8,46.0,59.1,144.8,100.4,44.2,44.1,44.8,97.2,46.3,56.8,137.8,93.2,40.6,40.9,40.7,42.7,46.1,136.4,46.4,92.7,73.4,47.7,47.1,47.1,58.7,134.0,97.4,41.5,47.6,56.5,137.1,89.0,43.5,41.8,42.9,42.9,55.6,135.9,47.9,85.6,37.2,43.2,46.6,44.8,57.6,139.3,91.4,44.7,41.4,51.8,45.1,67.1,149.9,104.2,67.5,46.3,45.7
AR,5,,,110.6,135.9,179.0,197.0,121.5,127.5,117.7,126.3,,143.6,199.2,,,111.7,176.2,103.9,78.2,79.8,94.5,115.6,144.4,203.1,117.5,94.3,147.6,91.5,96.0,107.9,150.5,230.1,122.7,95.9,110.4,103.9,132.3,219.5,173.5,214.4,124.6,88.9,94.0,100.3,118.9,119.3,116.8,94.6,107.3,102.3,138.2,214.5,119.0,86.7,75.3,80.2,128.2,94.4,184.7,217.1,127.4,112.9,124.3,126.7,16.5,219.2,216.1,116.1,95.4,95.3,85.1,93.1,117.0,192.6,112.5,92.2,98.2,97.6,100.8,268.5,97.8,90.0,98.0,97.0,162.4,241.4,337.5,93.0,200.8,181.2,202.2,249.8,206.4,25.1,266.3,131.7,125.9,100.3,102.0,96.6,128.8,133.4,263.6,134.9,96.6,90.7,82.4,233.9,146.3,143.9,137.2,170.4,249.2,225.6,132.8,158.3,128.9,143.4,117.0,155.5,206.1,227.5,131.7,143.0,147.4,161.0,181.1,247.8,297.8,139.8,129.4,126.1,147.8,206.8,233.2,139.2,165.3,136.9,86.6,101.9,117.3,146.8,102.7,102.4,89.9,83.3,81.7,152.7,100.5,61.6,41.3,57.8,69.9,75.1,68.7,81.0,87.2,64.8,152.1,57.0,63.9,152.4,172.4,228.5,251.0,149.8,107.9,66.8,91.4,98.7,32.8,59.2,45.1,61.0,60.8,71.4,96.2,52.8,68.0,71.0,77.8,60.5,79.1,102.6,133.3,81.5,75.4,76.8,81.2,93.2,78.8,71.5,45.5,50.8,53.4,57.1,61.7,109.8,112.2,91.9,86.7,105.1,115.0,136.4,191.5,113.0,136.3,119.0,132.3,113.8,130.7,164.9,200.6,117.7,104.6,136.9,117.0,115.9,178.0,76.7,135.5,108.4,90.9,105.9,98.1,106.5,156.5,236.8,108.7,122.6,135.5,221.8,212.8,133.2,122.3,120.8,123.9,131.7,172.1,108.6,227.7,125.6,109.7,109.3,108.6,158.0,139.4,181.2,116.3,98.1,126.7,112.0,131.1,209.6,184.5,107.4,95.9,117.7,122.0,148.3,189.2,118.9,116.5,111.9,111.1,119.2,152.4,188.7,116.3,128.9,106.8,105.5,101.7,115.9,150.9,188.4,115.9,106.5,108.2,105.1,174.8,121.9,155.9,123.0,107.1,110.4,110.6,110.9,109.2,248.4,108.3,104.9,112.9,122.3,159.9,240.4,136.3,114.9,110.0,114.0,139.6,124.2,163.8,257.9,150.2,103.0,100.6,99.3,89.4,114.1,197.7,110.8,116.3,108.7,107.1,108.4,116.5,153.0,210.0,127.1,91.4,110.1,132.0,208.1,112.1,100.2,103.3,105.2,101.0,135.7,203.9,103.5,109.1,75.7,89.4,102.2,109.6,143.4,208.1,121.7,100.8,99.9,122.9,107.5,151.5,208.2,119.5,106.2,101.7,99.7
CA,6,,,132.6,151.2,175.9,169.2,152.4,141.6,124.8,132.0,,143.9,180.2,,,28.2,87.5,67.1,29.3,26.3,27.9,30.1,36.3,89.4,68.7,28.5,35.4,26.1,27.7,29.8,37.2,90.2,69.8,28.7,27.8,30.4,30.6,87.4,36.1,70.6,63.9,27.7,25.8,28.0,30.2,36.3,60.6,22.8,35.8,24.3,29.5,89.7,65.2,21.1,19.6,22.3,56.9,24.7,80.1,93.2,73.3,30.9,32.7,35.2,9.5,45.7,79.7,64.9,22.7,24.1,18.7,20.8,25.0,71.2,58.8,22.7,22.4,22.3,26.5,83.4,60.0,23.4,22.9,23.5,62.2,85.2,103.9,22.3,80.0,36.3,39.2,44.5,42.5,10.5,75.4,57.3,24.4,27.7,22.5,29.0,32.3,28.3,88.6,64.3,22.1,20.1,20.9,193.8,157.4,140.3,139.6,158.5,223.8,191.1,163.2,183.7,143.1,143.8,112.7,161.3,187.8,178.7,160.3,146.6,138.9,147.1,171.6,200.8,202.9,136.8,129.7,138.6,155.9,190.3,187.0,150.7,176.4,106.0,49.2,47.7,66.0,113.6,92.4,55.9,40.1,34.9,31.1,154.1,45.3,29.5,19.0,20.3,34.3,33.5,20.0,22.6,40.2,28.1,142.3,20.8,21.9,143.9,160.1,190.7,185.4,153.1,74.0,21.1,22.3,41.9,15.6,16.9,11.6,13.3,13.1,15.2,26.9,23.7,20.2,17.3,19.8,20.0,20.2,24.8,46.8,33.8,21.3,21.6,21.4,45.1,23.0,36.3,23.2,16.2,16.7,16.3,16.2,28.8,45.1,23.3,24.3,24.4,25.6,31.6,58.6,43.2,44.8,29.0,51.8,28.9,30.3,38.4,69.6,54.1,29.6,56.4,30.0,29.9,69.1,37.3,41.7,49.6,24.5,25.4,23.8,25.8,32.6,71.2,33.2,36.4,39.1,87.2,94.0,72.1,39.5,38.7,40.0,41.3,50.0,33.6,104.3,67.0,37.3,38.2,38.1,73.2,45.5,87.2,72.4,38.3,37.2,39.6,37.3,74.8,69.5,56.0,37.3,36.1,41.7,45.2,85.8,68.3,37.5,34.6,33.5,33.7,39.6,75.5,61.0,41.7,34.3,32.2,31.7,33.5,40.5,81.4,64.7,33.6,32.3,33.1,57.0,35.1,41.4,48.7,61.5,40.2,37.8,37.4,38.1,86.2,34.2,30.8,31.1,33.0,38.1,83.3,66.8,32.2,30.7,29.9,65.9,31.2,35.5,81.0,65.1,29.3,27.6,26.9,28.4,29.2,84.2,33.8,64.6,52.2,32.6,34.2,34.8,41.0,82.8,66.6,27.0,31.5,35.9,84.7,65.2,29.2,28.2,29.3,29.6,35.6,81.8,31.1,58.9,25.0,29.6,30.9,30.2,37.3,88.7,68.7,29.6,26.4,34.9,26.3,43.2,85.5,64.2,39.2,31.5,29.9
CO,8,,,154.1,192.4,204.7,174.1,183.6,169.6,145.9,158.1,,192.4,233.5,,,69.1,131.5,103.3,66.5,53.1,59.7,77.5,86.8,134.3,116.3,70.0,80.2,52.5,55.5,67.2,87.9,151.9,76.9,50.5,58.6,64.3,72.6,137.3,78.7,110.9,111.6,62.1,52.8,57.2,73.3,81.6,88.1,42.0,49.3,51.1,59.1,111.4,87.5,42.5,32.4,37.0,83.5,54.9,114.9,147.5,102.9,61.0,56.0,70.3,18.2,90.0,124.9,97.8,46.0,48.1,38.3,44.7,53.0,94.6,84.8,47.1,42.3,49.1,47.8,120.2,93.2,52.3,42.1,46.6,102.4,148.8,198.9,40.3,156.5,92.5,104.4,125.2,111.5,31.7,192.1,152.5,84.3,72.4,45.2,87.4,89.8,55.8,131.2,93.9,48.4,40.6,40.0,198.0,208.9,168.8,181.2,222.1,307.0,217.4,206.1,266.1,204.1,182.2,170.1,222.7,251.6,227.4,196.6,200.4,164.2,182.2,222.3,260.4,227.6,171.9,134.6,169.3,213.2,194.0,216.4,186.7,213.0,152.7,80.4,90.1,117.0,156.2,139.4,96.0,70.6,61.7,35.7,200.9,71.0,57.6,41.3,42.2,52.9,57.5,25.6,31.9,47.3,35.6,165.4,29.5,32.8,178.2,208.1,272.8,274.9,245.2,159.8,30.3,41.5,62.6,17.5,18.9,16.3,20.9,13.7,24.1,35.9,33.1,26.8,29.8,32.8,32.1,32.9,43.0,70.2,49.7,39.0,38.4,38.2,46.8,38.0,47.8,34.3,27.9,27.9,28.4,28.6,49.9,75.6,41.3,43.1,46.9,52.7,64.1,103.6,79.0,80.4,58.1,73.0,57.5,65.5,81.7,106.4,69.8,65.5,86.1,58.6,57.5,100.5,56.3,75.8,86.3,45.6,47.8,43.7,49.1,62.8,113.5,62.7,66.2,72.0,127.0,130.0,104.5,71.4,67.6,70.7,78.8,92.3,60.0,151.4,102.1,75.3,71.9,71.3,118.6,86.2,133.6,106.5,74.4,67.8,74.8,68.7,118.9,99.8,81.3,67.0,60.4,81.4,93.5,149.2,116.9,80.9,74.1,73.3,81.8,93.7,144.6,118.8,81.5,84.4,70.8,72.0,84.9,97.8,147.0,120.3,83.0,72.0,74.3,104.1,86.8,101.0,86.5,103.1,85.3,78.2,78.4,81.6,159.2,81.4,68.7,69.3,78.9,92.6,151.6,131.2,81.0,71.8,70.8,129.9,77.5,86.4,138.3,111.5,67.4,58.6,57.8,65.8,66.1,131.8,82.5,107.9,90.2,74.9,75.3,84.6,98.0,148.6,124.1,54.3,70.5,75.8,131.2,102.6,65.1,56.1,60.1,65.1,77.9,123.7,63.5,95.5,57.9,55.1,62.4,68.8,78.8,130.4,108.4,68.1,54.6,81.7,62.2,96.0,142.0,109.1,95.7,60.9,60.6
CT,9,,,111.4,125.7,139.7,129.7,116.3,110.9,106.3,113.3,,120.9,143.5,,,49.0,79.8,57.1,45.5,33.5,44.1,48.9,53.7,98.5,62.1,42.1,61.8,40.7,42.4,45.5,63.5,94.0,65.3,42.8,47.0,49.4,48.6,94.2,58.5,86.8,63.0,39.7,41.8,43.9,53.1,55.5,49.3,39.9,47.2,39.0,50.9,87.7,55.1,35.1,31.4,34.8,46.8,41.0,64.5,92.2,66.0,41.8,52.5,60.9,7.0,89.3,92.0,61.1,47.4,28.5,34.3,36.6,44.1,68.7,51.1,37.7,41.2,42.1,49.1,94.1,66.9,39.3,52.2,51.7,11.1,73.2,131.9,41.7,86.6,71.4,85.6,109.2,94.1,9.2,105.5,72.4,64.6,55.9,40.9,62.1,62.5,55.4,63.5,68.0,40.6,38.6,39.0,151.0,123.9,120.0,138.6,128.6,172.1,166.4,132.4,156.9,142.5,129.3,99.5,141.4,159.9,175.5,128.0,125.2,122.4,128.0,143.3,168.3,181.9,121.7,111.5,121.3,126.3,157.7,174.3,127.1,131.3,99.0,65.6,73.9,87.2,78.2,62.0,68.8,48.2,44.9,38.3,122.8,49.5,35.6,27.5,21.2,27.2,25.2,26.9,32.8,35.5,19.3,119.0,22.9,24.7,125.7,142.3,156.3,170.8,117.0,99.4,23.8,33.7,37.6,10.4,12.0,17.4,18.6,17.9,21.8,20.7,18.9,23.5,21.2,20.5,24.7,24.5,28.6,39.4,20.6,22.9,28.1,24.9,29.2,21.9,30.1,17.5,21.3,21.6,21.3,20.5,31.7,34.1,24.9,29.7,31.8,35.1,43.3,55.0,39.7,36.9,37.9,41.0,40.5,44.5,57.0,66.3,49.1,35.4,44.9,41.7,39.7,53.6,28.6,57.1,46.3,29.3,35.3,27.9,32.9,40.4,58.7,44.1,51.0,52.4,78.3,84.7,63.1,53.8,56.5,60.0,62.1,78.3,45.2,100.3,61.1,55.4,57.4,57.7,70.4,66.1,80.5,62.1,51.9,51.9,56.6,53.0,70.2,71.7,46.3,48.9,49.5,63.0,67.7,87.0,55.3,55.8,55.0,54.9,55.7,72.3,77.0,54.8,61.8,51.8,50.8,53.3,58.3,70.2,81.8,58.8,50.7,53.8,52.7,86.7,58.2,70.1,51.3,53.6,54.6,55.6,55.3,54.8,80.5,54.0,52.8,55.1,57.2,68.7,83.6,67.6,54.1,53.9,55.5,62.2,58.2,68.5,84.6,59.8,52.8,53.6,53.9,51.0,64.2,101.0,52.3,66.3,57.5,36.9,64.7,65.7,75.6,84.0,62.2,51.8,49.6,59.0,92.5,61.4,46.9,47.5,48.6,46.6,61.5,89.2,54.3,55.7,35.4,44.1,49.6,48.3,61.2,89.8,59.9,46.8,41.8,60.7,47.8,73.2,93.6,64.3,62.7,49.0,49.7
DE,10,,,123.5,131.3,168.8,174.1,121.0,121.4,118.4,129.9,,134.2,181.2,,,75.8,125.5,73.0,56.6,59.7,69.3,75.8,88.6,145.6,85.0,66.7,104.1,63.3,67.8,70.3,101.7,139.3,85.4,64.3,74.5,82.4,65.9,148.0,109.2,120.8,88.7,62.5,67.4,68.8,83.2,97.0,66.8,67.0,83.7,67.9,95.5,149.6,85.5,59.9,55.8,62.1,78.0,67.6,110.7,155.4,90.4,76.1,88.0,97.7,14.1,161.3,145.8,85.5,84.4,54.7,59.5,62.1,76.8,123.2,83.0,65.3,70.1,66.3,80.7,150.2,88.7,59.5,79.6,47.8,71.0,133.2,193.3,69.5,122.1,113.4,129.6,164.4,147.0,13.2,142.1,89.7,97.0,83.5,69.7,93.8,98.4,90.8,161.0,90.5,66.8,65.0,65.8,213.1,142.3,151.9,150.4,128.8,222.9,236.5,145.4,170.9,142.3,142.7,113.9,155.0,193.4,229.4,135.1,145.1,140.8,153.2,170.2,222.8,280.0,128.8,128.0,133.3,137.6,179.8,249.6,149.2,164.3,130.3,82.9,86.7,118.4,120.1,95.5,114.8,88.7,80.6,71.8,152.1,93.5,60.3,47.4,57.4,47.3,43.4,49.7,60.3,51.1,35.8,149.8,47.0,43.3,157.1,159.2,189.6,261.8,143.4,125.4,46.1,57.8,65.9,19.6,27.0,28.2,33.3,29.7,37.1,39.2,28.0,45.5,40.8,44.7,48.1,44.9,53.7,68.8,34.9,45.8,49.6,49.0,60.5,42.9,48.0,31.0,39.8,38.3,43.2,42.0,64.1,60.6,52.8,57.7,62.8,64.8,83.8,94.2,61.5,67.4,69.3,71.1,67.7,75.6,88.4,100.0,70.5,55.4,79.0,74.8,68.9,94.1,42.7,82.3,68.1,56.9,62.7,51.3,64.5,78.5,101.8,75.1,95.7,104.9,154.8,164.6,114.2,108.5,110.0,113.9,111.3,143.2,78.9,181.1,110.4,107.8,110.8,106.9,140.1,135.4,154.6,111.7,103.0,90.4,106.6,94.9,130.0,123.6,79.5,96.0,97.5,124.6,109.7,153.8,99.4,104.6,102.6,101.1,110.6,136.5,153.0,106.3,116.8,103.3,101.6,100.8,112.7,148.5,158.2,106.7,100.2,103.7,104.0,133.2,108.8,150.4,101.3,99.7,103.0,110.8,101.0,106.1,160.3,99.2,98.9,95.0,110.4,138.6,157.9,114.5,86.5,86.7,98.4,112.4,95.3,117.8,150.9,93.1,85.6,87.0,85.2,94.3,104.2,156.1,105.8,96.7,90.9,73.8,105.5,118.6,133.0,162.1,107.8,79.3,76.5,102.0,149.5,81.9,72.5,81.3,78.9,73.4,100.3,145.3,86.8,81.1,55.9,69.6,77.8,78.1,103.3,147.7,87.5,72.7,66.5,97.7,78.2,130.7,147.6,105.4,90.5,79.0,79.6
DC,11,,,243.6,337.2,477.3,221.1,125.7,197.5,191.6,214.2,,208.9,234.6,,,42.2,51.0,29.5,27.7,36.3,42.8,45.7,44.5,59.5,34.7,35.9,52.9,36.1,36.8,44.1,52.9,64.5,36.7,43.6,43.3,47.4,37.6,63.0,52.7,46.0,34.3,35.8,39.0,40.8,47.9,46.2,28.2,38.5,31.2,34.3,48.6,82.4,36.2,35.5,31.1,32.2,40.2,37.0,51.3,54.7,36.0,35.5,41.2,40.6,7.9,31.3,44.7,30.9,37.5,26.9,31.1,31.7,34.6,45.5,30.5,34.8,33.9,33.2,37.2,57.6,34.0,28.7,36.4,20.5,39.2,53.1,59.3,36.1,40.5,45.7,53.3,63.9,47.5,10.2,40.8,28.2,37.6,39.4,36.3,40.6,39.6,39.2,45.7,28.3,32.7,29.9,33.3,160.3,202.2,231.0,238.6,197.1,278.7,233.6,185.7,188.3,187.0,199.9,99.5,217.9,224.2,171.0,131.5,209.4,225.4,241.4,257.9,258.8,170.1,199.4,227.4,222.2,227.3,244.4,171.1,116.8,133.1,217.7,135.0,115.6,111.9,69.9,43.9,70.5,57.5,48.9,50.4,225.2,53.8,29.4,19.4,28.5,37.6,30.2,31.0,33.9,26.6,19.8,242.7,33.8,28.0,236.9,233.0,241.4,187.6,143.4,182.3,26.9,27.8,25.4,11.7,16.4,16.1,17.6,17.2,19.2,17.2,12.1,24.1,20.4,23.2,25.5,22.4,24.6,25.9,13.7,22.6,23.0,26.5,34.9,18.7,23.4,16.4,20.9,22.5,23.0,22.7,31.0,24.8,25.0,26.5,31.0,29.9,37.8,37.3,19.5,33.3,31.2,30.2,32.6,33.8,37.6,38.3,23.5,23.1,35.2,31.7,26.9,43.7,15.0,31.3,27.2,27.8,29.5,24.5,31.0,32.6,35.7,35.7,40.7,40.5,56.7,51.1,33.4,38.5,43.0,40.1,42.2,55.0,39.4,48.8,36.0,39.8,44.1,46.1,50.3,52.3,48.0,35.0,41.8,45.3,44.9,44.4,53.8,47.3,27.9,41.4,39.4,55.5,52.1,54.7,34.0,43.9,46.6,45.0,45.6,55.5,51.6,35.6,52.4,39.5,41.4,38.8,48.7,53.2,59.9,40.9,42.1,43.8,46.4,52.0,46.7,50.7,42.1,35.9,41.1,44.9,49.2,47.8,59.4,41.3,40.8,39.1,39.2,51.1,53.2,33.2,40.9,43.1,43.0,36.6,51.2,50.5,53.2,34.7,39.4,41.9,44.7,51.5,63.9,54.5,41.0,41.6,39.1,34.9,46.6,45.1,52.7,52.0,36.0,36.9,39.8,47.2,54.6,34.6,41.4,41.6,46.4,43.3,49.8,56.9,44.3,34.4,33.7,40.3,46.3,47.9,57.4,71.4,40.4,41.6,35.6,46.2,44.8,57.7,64.3,42.6,34.4,40.6,41.0
FL,12,,,238.9,254.7,323.0,326.9,245.4,238.4,232.6,242.4,,267.4,340.5,,,136.0,203.4,134.1,103.9,106.2,125.7,142.3,161.0,233.8,157.7,125.6,169.8,119.9,119.7,139.6,188.4,243.9,157.6,134.4,148.6,158.1,168.3,230.5,200.2,214.8,149.5,114.7,121.6,127.6,153.4,143.3,136.8,128.1,153.1,132.1,172.7,245.3,159.5,120.6,106.0,116.3,161.6,133.3,212.6,276.1,190.4,167.5,184.6,185.7,38.6,254.5,259.1,176.3,137.9,139.8,111.5,113.2,127.7,179.9,114.3,101.1,145.0,137.2,137.4,252.4,172.0,131.9,136.5,126.1,189.5,251.8,336.7,144.2,261.1,242.4,281.2,313.3,267.0,58.7,327.2,226.8,195.7,174.4,144.1,188.2,190.4,175.2,289.0,184.5,143.2,140.0,127.4,353.0,283.2,268.7,264.8,244.1,381.5,377.8,282.9,306.9,276.7,279.5,231.3,306.9,367.8,375.0,266.8,276.9,274.7,286.8,333.6,407.1,432.1,254.3,250.1,257.4,297.2,373.8,388.2,276.2,287.7,249.9,142.4,150.0,202.8,214.2,183.3,213.5,187.8,161.8,140.0,283.3,155.0,98.9,75.7,92.9,100.8,100.3,91.4,99.9,101.9,66.3,267.2,77.8,80.8,274.4,298.6,366.9,406.4,282.6,233.2,96.0,94.5,101.6,38.2,65.5,40.7,48.4,46.9,59.0,62.0,50.3,91.0,66.7,83.3,81.8,82.4,93.4,117.4,70.6,87.8,89.1,87.1,92.1,79.4,78.0,45.5,62.4,66.2,68.0,68.7,108.4,109.7,104.8,110.9,120.3,123.6,145.9,191.2,124.8,135.8,141.4,120.3,137.7,151.7,198.6,234.6,148.0,119.0,166.2,154.3,148.3,208.7,79.0,185.8,144.5,103.2,114.2,102.8,116.3,152.9,200.6,155.2,171.6,185.3,269.1,281.0,185.8,175.6,182.9,184.2,183.7,230.7,157.6,303.1,180.0,171.5,175.3,169.4,212.0,199.2,226.7,161.6,151.1,180.9,159.5,171.8,242.7,213.1,127.4,162.8,171.8,175.3,183.5,216.8,148.5,155.4,150.6,152.3,154.0,184.8,212.6,152.9,160.7,148.3,143.3,139.1,151.7,189.5,230.7,154.3,141.3,151.3,149.3,198.7,162.8,202.6,146.9,142.4,150.5,156.9,156.6,155.9,210.9,143.2,140.0,141.9,149.9,184.3,233.6,155.8,133.8,139.1,135.3,126.0,145.9,176.6,233.4,148.5,123.0,127.3,127.4,134.7,152.5,221.3,133.0,147.0,124.6,141.7,147.0,153.3,186.6,235.9,160.4,121.1,138.7,160.1,206.9,130.0,128.4,126.5,130.2,128.7,163.1,209.1,135.7,130.3,98.0,125.3,139.4,135.5,164.8,221.2,146.8,125.3,125.0,148.0,137.6,178.6,238.3,164.5,139.0,130.8,128.4
GA,13,,,170.6,194.7,246.3,248.9,190.2,186.0,170.5,177.5,,204.5,256.3,,,113.8,173.0,117.1,94.8,88.1,99.8,115.9,149.5,196.9,136.1,99.9,153.0,92.9,99.2,110.3,155.4,200.6,143.8,103.4,109.9,117.8,139.7,216.3,187.2,201.1,138.2,91.6,92.0,102.1,122.6,134.2,130.4,94.3,109.3,105.8,144.6,227.5,139.7,93.4,83.8,90.3,128.5,100.4,184.4,242.5,159.2,137.5,151.6,148.2,24.0,261.1,219.9,142.8,107.4,108.0,85.3,92.9,117.1,176.6,127.7,94.6,102.9,108.2,123.8,240.3,157.7,108.2,111.3,105.6,164.9,234.3,321.9,107.7,223.1,200.3,230.7,282.3,209.5,23.2,257.5,163.4,143.9,123.5,110.5,139.5,156.5,137.2,274.1,158.2,107.3,99.4,97.9,280.9,201.2,195.1,206.0,224.1,405.5,449.3,308.9,268.3,201.1,207.2,184.1,212.5,283.6,292.5,219.7,191.8,195.9,214.3,250.0,317.9,363.3,193.4,180.7,180.8,184.8,293.5,221.2,217.8,242.5,158.8,109.7,130.9,171.3,170.2,128.4,127.4,104.6,93.9,91.1,201.8,103.6,73.3,56.1,61.7,65.5,69.2,66.3,82.7,94.0,57.0,188.9,63.0,60.2,188.3,212.0,287.5,309.8,210.3,158.1,75.3,87.9,93.4,26.6,52.9,43.3,54.0,52.8,66.7,77.8,37.0,87.9,62.8,68.7,69.3,55.8,98.3,114.2,73.0,75.9,78.4,71.8,87.1,80.3,53.5,37.7,47.5,50.5,52.6,59.2,110.0,111.2,96.1,99.2,108.0,114.2,147.7,178.0,116.0,118.2,123.1,129.4,116.4,137.1,177.8,195.0,125.9,109.4,130.5,116.5,123.9,172.4,80.8,159.2,119.3,93.4,103.2,96.6,110.0,139.4,221.6,119.2,126.8,145.0,208.0,222.7,140.0,125.9,130.2,136.5,145.9,189.6,117.5,247.5,137.7,122.8,125.5,125.2,158.4,166.3,188.9,138.1,119.4,138.5,123.8,138.7,194.6,185.1,112.3,123.7,122.2,138.9,164.6,200.8,128.6,124.2,119.3,124.4,130.4,164.5,196.6,135.9,143.6,119.4,112.6,119.0,129.8,162.0,195.5,140.2,119.2,118.1,122.1,190.2,134.0,175.7,120.9,120.4,118.9,117.0,127.3,128.7,231.1,114.4,121.0,117.4,124.7,159.9,229.2,151.1,105.4,102.2,102.9,154.3,108.8,141.6,206.7,126.3,94.9,90.9,96.6,106.1,123.6,201.5,117.8,127.3,107.7,123.0,123.2,128.3,162.7,217.7,146.7,98.6,110.8,138.0,200.4,123.6,102.6,101.8,99.3,98.9,142.8,193.1,109.1,117.8,79.8,98.0,109.8,104.1,145.9,190.6,129.4,96.8,92.4,123.1,111.8,156.6,200.2,130.9,120.7,102.2,101.4
HI,15,,,462.2,477.8,575.2,539.8,419.8,426.9,419.8,448.5,,480.8,590.5,,,41.1,189.6,116.5,36.6,36.9,40.3,43.4,49.6,218.9,143.0,41.0,48.6,41.7,44.3,45.5,55.9,259.1,170.7,45.5,49.0,50.4,50.1,214.2,55.3,207.2,128.8,45.5,45.5,48.8,48.7,52.1,140.7,53.5,75.9,52.3,61.9,247.1,164.2,45.2,43.0,48.5,172.1,47.6,245.8,282.5,203.0,58.1,63.3,64.1,26.5,113.2,280.3,194.0,57.1,57.2,43.5,46.8,49.7,213.8,148.1,49.5,53.3,53.4,58.0,300.7,207.2,54.1,53.6,52.0,218.3,326.3,366.1,55.0,286.3,94.5,99.1,103.7,114.5,66.5,292.3,228.0,77.7,74.2,54.6,84.1,89.1,61.2,301.8,208.3,58.0,52.0,51.1,562.7,483.0,472.5,455.3,503.7,706.5,636.7,504.8,575.2,526.3,522.9,303.8,540.6,651.5,626.7,485.4,485.6,475.4,494.2,539.8,650.5,630.1,436.1,435.1,471.9,497.9,601.5,566.8,441.5,483.3,411.2,130.2,137.2,172.5,572.0,436.3,174.7,142.3,132.5,110.5,472.9,271.7,157.2,50.6,73.0,148.2,126.2,41.2,42.0,101.3,75.4,478.3,38.9,40.9,473.8,541.7,649.6,640.5,493.0,180.8,37.4,40.5,111.9,49.9,29.3,23.2,27.6,27.6,30.6,85.6,73.9,35.4,33.5,34.4,35.1,35.2,39.8,125.5,87.2,36.3,36.7,34.8,131.6,36.7,98.9,77.2,32.6,35.3,33.2,34.0,42.1,141.9,38.2,42.7,43.0,45.9,59.3,185.0,133.7,144.9,53.5,125.4,51.7,55.5,69.9,213.3,167.1,50.2,175.0,56.4,56.9,213.5,94.0,64.8,157.3,42.2,47.2,42.4,42.3,51.9,192.1,61.3,59.5,68.6,239.1,230.2,164.9,63.7,63.6,66.0,64.0,76.4,59.6,277.1,180.5,60.5,62.1,60.1,199.7,71.9,237.0,182.4,59.5,66.6,66.6,63.9,242.6,207.0,156.4,62.7,59.9,71.0,77.8,228.3,170.7,60.9,62.8,66.7,64.3,73.7,241.6,175.0,70.9,67.2,64.5,62.9,75.2,87.6,230.7,49.3,52.1,63.0,61.8,87.4,65.2,72.9,157.6,182.6,70.5,64.8,65.2,62.2,245.7,52.8,51.5,49.8,51.0,58.4,210.8,142.3,46.8,47.4,46.2,164.8,48.1,61.9,192.3,133.5,40.6,40.3,45.6,32.3,30.8,134.6,60.7,94.4,102.5,55.6,60.6,61.5,64.5,224.9,149.9,35.4,36.1,38.9,140.0,96.0,34.4,33.7,35.9,31.9,38.6,130.3,37.3,80.3,26.5,33.3,36.7,38.5,44.1,190.0,122.3,37.3,38.9,39.4,40.2,45.1,157.9,108.7,32.8,38.1,36.2
ID,16,,,98.4,104.5,128.0,114.3,77.1,99.2,94.5,100.4,,104.4,133.7,,,44.7,102.7,55.1,36.3,35.1,39.5,44.8,56.0,112.2,58.8,40.9,57.3,41.9,41.8,47.0,60.0,115.9,60.3,43.7,47.4,49.9,50.6,106.2,61.3,91.4,57.4,38.3,38.5,40.5,46.1,51.6,50.4,38.6,42.1,37.9,43.9,113.0,51.6,31.6,29.5,32.8,67.5,36.6,97.3,126.1,60.0,42.5,45.6,49.1,8.5,90.7,109.7,54.6,39.7,35.4,32.8,35.0,42.6,95.0,50.3,36.4,36.3,35.9,40.1,125.1,56.2,33.0,34.8,34.4,74.1,119.7,156.1,35.2,82.4,61.9,66.3,78.7,80.1,10.8,110.0,60.2,47.0,40.0,35.0,40.5,50.4,47.1,124.2,56.8,36.5,34.8,31.6,139.0,113.2,107.3,107.0,117.6,154.7,122.4,81.9,97.6,104.4,110.6,68.4,116.7,138.6,130.1,85.6,106.0,109.7,108.0,123.5,157.7,154.4,98.2,96.8,96.6,109.3,135.6,133.7,83.0,103.7,88.2,51.6,56.0,59.6,93.4,64.3,59.8,49.6,47.5,43.3,110.0,67.4,49.0,26.7,33.5,49.0,55.7,27.0,32.6,47.1,27.2,110.7,27.6,27.2,110.6,122.2,144.3,145.0,81.7,67.2,27.6,38.2,61.9,20.1,23.0,16.9,21.4,21.0,27.0,42.8,29.1,25.6,28.8,31.9,31.1,29.9,39.1,65.7,40.9,32.1,34.6,33.7,50.6,32.1,41.5,23.6,24.2,24.6,25.3,26.3,48.1,61.4,40.1,40.2,43.8,45.1,58.5,103.4,59.3,71.2,50.7,75.6,50.1,56.3,75.2,113.7,65.2,55.3,78.4,52.4,50.9,98.2,44.4,67.1,64.6,40.5,43.3,38.7,43.9,62.3,120.0,52.9,53.4,56.1,116.8,131.7,76.6,59.1,58.3,57.6,60.9,79.1,50.0,135.4,75.4,57.7,55.8,53.8,99.7,65.8,108.0,68.2,56.2,58.7,57.1,57.7,111.3,106.0,58.9,54.6,51.5,61.7,68.3,107.4,66.2,52.3,52.0,51.5,52.4,65.6,98.9,64.5,61.3,52.2,49.1,48.9,53.3,66.1,104.3,66.0,48.0,48.6,50.2,80.0,53.0,63.5,70.8,61.6,56.3,54.9,55.6,52.5,108.7,50.9,46.9,48.7,50.3,62.7,108.4,61.8,46.9,47.4,50.6,67.5,52.8,64.1,109.6,63.2,48.7,45.1,44.0,45.5,49.8,103.9,49.4,62.0,65.5,48.2,52.4,53.9,63.8,103.5,63.8,42.8,47.4,60.4,112.1,64.0,48.6,45.2,46.2,44.9,57.2,116.0,45.7,59.1,38.0,42.1,45.5,45.4,56.6,110.5,57.7,41.6,38.2,50.7,43.3,62.0,105.6,63.0,56.6,48.5,43.3
IL,17,,,113.0,113.8,135.0,137.6,108.5,109.7,106.3,110.8,,118.9,149.6,,,65.0,115.7,77.3,57.2,49.0,55.9,65.3,82.0,143.1,85.4,55.6,83.9,53.4,56.4,60.6,86.0,145.7,89.4,54.5,60.1,67.5,70.1,148.9,93.9,107.2,93.5,52.0,53.6,59.1,67.3,74.0,75.5,48.6,62.6,53.3,71.2,133.7,73.8,42.9,38.7,44.7,71.4,52.0,94.9,135.8,87.9,56.8,61.7,76.5,12.3,138.4,139.4,86.7,64.0,51.1,42.3,44.0,55.7,101.2,71.0,48.3,50.5,55.4,62.3,156.4,98.0,53.2,54.8,54.0,92.2,138.2,205.5,52.4,143.8,103.3,118.9,143.8,114.6,13.9,167.3,97.1,82.2,67.2,52.8,64.4,87.8,71.8,167.1,90.1,53.0,50.1,49.5,177.8,128.0,128.2,120.6,110.4,170.1,175.1,128.9,136.1,117.6,121.3,103.1,130.8,155.2,175.9,123.6,125.0,114.8,118.5,144.8,178.4,216.5,113.5,114.3,112.5,119.7,160.8,185.1,107.9,142.5,108.8,62.2,69.1,91.2,103.1,90.5,79.4,59.3,49.9,52.5,129.2,78.5,43.0,18.8,27.2,37.5,41.7,34.3,43.3,51.4,35.4,122.5,35.2,34.6,126.8,133.4,159.2,206.2,132.4,90.2,36.5,52.2,62.3,20.1,28.5,19.0,22.7,24.9,26.3,42.4,32.7,35.5,35.3,39.4,37.2,38.3,49.2,59.3,49.4,38.6,41.3,36.0,55.2,42.0,48.0,32.7,30.3,34.0,33.1,35.5,51.9,53.3,40.5,44.5,50.1,46.8,64.6,92.4,50.7,63.6,52.9,68.3,54.3,61.5,76.7,99.3,75.1,54.6,74.4,57.8,56.8,92.2,48.1,79.4,66.9,44.3,45.4,45.9,51.2,67.4,106.2,54.8,75.5,80.6,124.9,134.9,95.9,75.9,75.1,79.3,82.6,103.1,57.8,152.4,88.1,70.9,76.4,74.4,106.6,90.0,129.8,96.4,71.4,71.7,78.0,74.2,111.5,100.9,68.5,69.4,66.5,85.8,96.3,130.1,94.1,76.2,73.8,71.6,79.9,97.4,123.3,89.6,85.1,74.4,70.9,72.7,79.1,96.6,128.1,93.8,71.0,72.8,76.0,111.1,82.8,101.6,71.8,82.1,74.6,73.7,76.4,78.4,139.9,65.4,82.2,78.7,81.6,99.8,144.4,105.2,71.1,71.4,71.5,100.9,72.4,87.4,133.2,88.6,61.7,62.2,59.9,64.1,70.6,130.5,74.7,91.3,70.3,75.2,79.2,78.9,96.9,133.3,97.7,56.6,64.1,77.1,140.5,84.3,57.0,58.4,62.4,60.7,80.5,129.7,66.7,76.5,45.6,55.9,65.2,63.0,81.1,130.7,87.9,58.4,58.9,72.5,65.1,92.3,130.8,90.9,73.9,57.9,61.7
IN,18,,,93.4,102.2,135.1,170.0,106.3,93.0,89.8,95.9,,103.9,146.8,,,82.5,134.1,82.0,58.6,62.5,70.7,82.4,111.0,153.9,94.3,70.0,111.7,65.6,71.4,76.7,111.0,172.0,97.7,69.3,74.8,83.3,88.2,164.4,120.5,134.7,97.2,65.9,67.3,72.0,83.2,95.3,82.9,66.7,76.2,71.0,98.0,166.8,84.0,56.1,52.1,58.2,84.2,67.3,121.8,181.1,97.4,74.3,82.3,99.3,14.4,204.6,167.3,94.3,71.2,62.7,55.7,57.8,74.7,121.9,78.2,62.4,64.3,71.7,88.9,210.2,107.6,67.7,72.0,63.5,103.7,166.6,248.3,68.0,154.9,131.9,145.5,181.8,143.7,14.6,196.8,103.5,96.5,85.1,69.6,86.4,113.3,101.0,213.4,101.5,67.5,65.1,64.8,176.3,108.8,109.8,106.3,92.5,160.9,176.4,112.8,117.1,99.4,104.5,102.2,110.5,145.3,179.5,113.3,100.9,103.8,99.4,124.0,164.0,227.7,100.8,95.4,99.2,101.4,154.2,176.5,108.3,130.9,89.1,54.9,60.7,90.4,94.5,84.4,90.6,68.4,60.8,66.3,108.1,79.9,55.9,37.2,54.3,54.4,37.4,37.6,49.5,55.3,36.4,107.9,39.4,39.2,110.7,120.3,148.9,197.3,120.6,86.6,39.4,60.3,69.2,22.1,34.4,22.2,28.0,29.3,32.3,48.1,34.6,41.7,45.6,50.8,48.1,46.9,66.0,80.1,54.9,53.3,55.1,50.8,64.6,52.2,51.4,32.4,36.2,38.4,39.5,42.0,74.6,73.6,63.8,66.9,73.0,73.5,102.8,140.1,85.6,88.8,82.1,91.5,81.0,94.4,127.3,149.5,104.5,87.6,107.9,92.6,90.9,134.3,59.4,120.3,92.7,66.3,66.7,64.1,71.4,99.1,146.5,84.9,98.6,107.9,161.8,171.8,112.7,98.9,96.8,101.4,107.4,143.9,86.8,185.9,109.2,91.6,98.2,93.0,124.5,126.8,162.1,109.3,89.6,103.5,94.2,104.6,154.3,129.5,78.9,90.9,92.1,102.1,136.0,162.7,109.2,92.2,88.5,89.7,96.2,127.1,152.8,99.8,105.3,88.2,83.0,88.9,97.0,127.5,160.8,104.0,82.3,88.1,89.9,140.4,96.7,132.2,93.4,91.9,95.0,93.0,97.6,99.8,185.7,89.5,90.5,85.1,90.6,118.7,174.6,117.5,82.0,80.5,84.2,120.9,86.8,110.8,159.9,96.3,73.3,74.9,73.8,78.7,92.8,153.5,90.3,94.4,76.9,93.3,93.5,95.0,124.2,165.8,116.0,69.9,80.6,101.8,150.8,89.9,70.7,73.0,78.1,76.5,106.6,154.6,79.7,88.5,59.5,70.9,79.5,79.6,104.1,157.1,97.3,69.2,71.2,90.9,78.6,121.6,158.5,100.4,85.7,74.3,76.6
IA,19,,,66.9,81.1,103.3,151.2,100.8,77.6,72.6,77.7,,86.0,118.9,,,61.8,123.6,77.1,46.7,44.4,53.2,64.1,86.3,160.2,98.4,49.9,84.2,50.6,56.4,60.9,97.1,166.7,91.0,54.4,60.8,67.5,72.2,169.0,101.5,132.1,92.4,48.7,50.1,56.6,64.1,70.9,89.4,44.9,59.7,51.0,77.5,168.0,85.0,42.6,39.0,42.7,65.6,50.4,102.9,163.7,95.2,51.9,58.7,86.6,13.7,163.4,156.1,87.1,51.8,51.0,45.3,47.2,63.6,129.8,83.8,48.5,49.8,55.8,69.1,141.0,111.0,52.8,54.9,56.0,90.1,147.7,235.1,51.7,156.9,90.5,110.0,144.7,123.4,14.1,203.6,91.3,117.6,35.5,54.6,52.9,102.7,77.7,194.1,105.8,53.5,49.1,49.8,176.7,88.6,84.4,83.2,76.1,137.5,172.3,109.1,90.8,80.1,83.9,98.8,109.4,152.7,179.8,115.6,87.0,81.5,92.6,105.7,148.4,207.1,81.0,77.4,81.0,90.7,118.9,181.1,100.5,130.6,83.2,50.8,54.7,78.1,108.3,89.9,78.6,60.4,48.2,44.5,90.6,61.4,49.2,35.0,34.2,42.5,42.4,38.0,48.9,64.6,42.5,87.6,37.5,40.3,95.7,99.2,141.8,191.8,118.3,65.5,41.3,59.7,71.6,18.8,30.6,22.4,28.8,29.1,36.1,55.8,41.4,40.2,35.8,41.1,40.6,43.7,59.3,87.4,57.6,43.5,44.1,42.8,58.0,47.2,61.3,38.5,31.9,34.6,34.7,36.4,66.7,78.4,47.7,49.9,55.4,58.3,84.4,129.2,81.3,74.2,64.9,90.6,64.1,73.4,101.5,138.8,91.7,72.8,85.1,70.8,68.9,113.3,63.4,102.8,88.2,49.5,52.0,51.2,56.6,86.2,131.3,66.2,76.8,82.2,138.7,153.2,105.7,74.2,73.0,76.5,82.0,117.6,67.7,188.2,103.5,70.8,71.2,69.2,102.5,100.8,141.8,99.5,68.5,81.6,71.5,83.0,135.9,130.5,84.7,73.7,65.6,81.4,101.3,148.2,96.7,71.4,70.0,72.4,77.6,102.0,136.3,93.3,86.0,70.9,67.4,69.1,75.4,101.4,137.7,97.3,71.6,69.3,72.3,120.1,78.9,102.0,82.7,79.1,70.3,69.0,71.7,75.7,146.6,66.3,84.6,84.6,90.0,108.6,165.3,118.9,76.3,73.6,72.7,106.2,78.2,100.8,174.8,116.5,66.0,62.1,62.1,62.7,72.6,145.7,74.1,97.5,69.4,71.4,73.7,77.3,113.0,167.7,108.2,56.9,63.3,80.2,167.1,92.9,55.7,55.5,58.9,56.9,80.0,142.0,64.2,83.3,43.4,50.2,58.4,58.1,77.7,142.2,96.0,55.5,54.3,69.0,61.9,92.7,141.3,98.4,78.8,60.0,61.6
KS,20,,,87.5,110.8,130.8,162.3,112.3,109.8,98.7,105.7,,123.8,166.1,,,62.1,126.3,69.6,48.6,47.2,56.8,67.6,86.0,146.0,93.4,53.7,80.5,53.5,56.7,64.5,95.1,167.6,91.6,48.4,57.3,69.1,76.6,145.9,102.7,141.2,89.9,50.5,53.1,56.0,64.4,72.4,75.9,50.5,62.4,54.7,75.0,156.3,85.8,44.6,41.9,45.6,74.2,52.5,106.6,159.8,92.7,56.5,67.6,87.2,11.7,154.7,140.7,76.0,53.9,51.0,46.1,50.0,63.3,135.5,75.7,50.3,52.9,55.4,64.6,185.8,80.1,52.8,52.8,52.4,92.4,140.1,236.6,52.0,125.7,98.5,115.3,149.0,137.7,13.5,179.3,83.0,86.8,41.5,51.5,78.0,104.9,73.1,184.8,95.8,51.9,50.2,48.2,207.6,119.0,118.2,104.0,107.3,172.8,173.0,113.7,132.2,112.9,111.4,97.3,119.9,145.4,165.5,114.6,113.6,108.9,120.4,136.6,173.4,192.6,112.9,109.0,121.4,122.4,153.8,178.4,116.9,128.0,93.2,59.6,72.5,92.6,106.6,80.0,75.2,67.3,63.2,59.6,116.3,80.5,54.0,44.3,47.9,44.6,46.5,36.0,45.3,64.3,41.8,114.4,31.5,35.9,114.9,128.2,156.7,175.7,115.4,75.3,36.3,51.2,69.2,20.0,30.2,22.4,29.4,28.2,34.2,52.8,37.8,35.1,35.7,41.4,38.9,44.2,50.2,85.0,53.6,43.8,44.3,45.0,47.7,46.3,46.7,29.6,28.2,31.9,33.8,34.9,61.9,78.7,46.1,50.2,53.6,62.1,79.1,125.6,81.7,81.5,70.6,84.5,69.1,80.4,104.9,133.1,91.8,73.0,89.4,73.1,66.5,116.2,59.8,100.6,89.4,43.5,58.2,52.6,57.1,82.9,129.1,73.1,79.7,86.0,147.2,154.6,103.8,77.9,77.2,80.9,85.9,113.2,71.7,174.0,100.6,75.2,75.2,74.4,108.3,99.3,137.7,94.8,70.3,84.0,74.3,85.7,136.0,132.0,85.1,74.5,74.9,82.0,92.0,128.2,87.0,70.4,70.6,72.6,74.9,94.7,126.9,85.5,85.2,67.4,67.4,69.0,76.1,93.8,132.5,88.6,65.8,67.2,69.1,110.7,75.1,101.8,75.8,69.7,69.1,69.0,73.0,74.8,140.3,73.3,72.2,76.3,77.6,101.1,157.1,97.7,69.9,68.3,69.2,92.4,70.2,89.6,140.8,87.6,62.1,62.5,62.8,64.8,70.4,141.3,69.9,88.2,72.7,69.5,71.8,75.2,98.2,141.2,97.2,60.2,63.5,74.7,138.4,84.7,56.4,54.8,58.6,57.1,74.2,129.5,67.9,71.1,44.1,53.1,58.7,59.4,76.7,130.1,82.4,55.8,53.7,72.3,60.9,91.0,134.3,88.4,77.0,63.9,61.2
KY,21,,,118.9,134.7,165.5,160.0,114.0,124.5,118.2,123.5,,137.4,178.4,,,100.2,158.0,94.6,72.2,75.7,85.4,100.9,130.7,171.6,105.4,78.7,133.2,80.7,85.5,92.9,130.1,191.2,107.0,85.4,92.1,98.9,101.2,174.2,146.9,148.6,105.3,82.6,83.7,89.4,104.4,114.3,95.3,78.3,90.8,86.6,119.2,181.0,99.6,69.6,65.8,73.2,104.5,83.7,135.9,169.4,97.2,83.2,94.6,109.5,16.0,203.4,169.0,98.8,94.0,69.0,66.3,71.9,88.2,140.4,89.9,73.3,72.3,82.3,99.8,217.2,110.5,78.4,82.9,76.4,118.5,184.3,260.6,77.9,163.6,144.9,167.7,202.9,139.1,12.5,169.6,113.8,109.8,94.9,82.4,99.9,122.0,109.7,224.7,104.6,77.0,73.7,73.1,189.6,140.2,138.4,132.2,139.5,213.9,202.2,121.2,150.8,124.1,133.6,112.0,145.1,184.2,201.0,125.2,130.8,136.9,143.1,166.0,212.0,253.1,132.4,123.0,131.8,148.2,172.8,183.9,124.6,148.8,119.1,77.6,81.9,112.6,111.8,92.8,105.1,83.8,79.4,75.0,141.7,86.0,59.1,45.8,59.5,53.2,61.1,56.3,68.3,79.9,53.2,146.8,53.4,50.6,148.5,159.7,196.8,227.0,135.2,115.9,51.8,71.7,74.5,23.7,40.0,29.4,38.2,37.2,44.5,54.2,36.7,53.3,52.1,59.0,58.0,51.1,76.1,80.9,48.5,61.9,62.8,58.1,81.0,62.9,66.3,43.3,47.3,48.8,49.4,52.1,85.0,81.6,64.3,70.4,71.7,83.2,102.2,122.0,80.2,82.0,80.9,91.0,91.0,100.8,135.7,149.9,102.6,91.5,111.9,100.7,103.7,146.9,56.3,127.2,100.5,73.3,71.5,70.8,77.8,91.8,144.4,98.7,108.5,117.6,176.8,177.9,117.2,111.0,106.5,110.4,118.8,153.7,97.9,184.4,109.3,103.2,105.6,99.5,133.9,131.2,160.5,107.4,98.4,112.9,101.6,116.0,174.1,143.6,87.0,100.3,101.3,113.3,135.3,153.9,101.8,100.6,96.6,97.1,101.8,133.1,154.7,103.0,114.1,94.2,92.6,94.5,105.7,135.2,159.1,105.2,93.1,94.8,95.2,148.3,101.3,140.6,102.7,95.8,100.0,98.3,102.5,106.2,181.3,100.9,101.2,100.5,109.5,143.1,187.7,113.4,99.7,96.3,101.0,109.7,106.7,132.8,180.4,106.0,94.9,90.5,87.9,96.4,103.9,177.1,95.6,103.7,96.9,96.1,99.8,106.2,135.4,167.1,111.9,89.0,97.2,114.6,169.0,100.7,86.6,90.8,93.6,92.7,124.3,171.0,96.7,97.8,68.1,83.5,91.1,96.4,123.0,166.7,111.9,81.5,88.3,109.5,95.0,138.9,162.5,107.6,101.0,90.0,91.7
LA,22,,,141.3,164.2,218.2,196.8,134.4,158.2,144.2,149.9,,169.1,221.9,,,103.8,124.0,91.9,80.2,80.7,91.4,105.2,128.8,199.0,111.6,88.2,131.4,84.6,88.4,98.2,127.9,220.3,119.8,97.1,109.9,82.9,121.2,189.8,156.8,175.5,104.8,81.4,93.9,103.5,121.8,65.1,106.0,89.7,99.5,96.4,126.2,215.2,112.9,82.4,73.3,79.4,123.1,91.8,173.1,214.3,119.8,110.9,120.5,116.7,16.0,221.1,200.6,104.0,110.0,94.5,79.7,86.2,101.9,183.1,106.3,86.1,93.7,95.4,102.5,243.5,113.3,92.0,95.3,98.3,160.2,234.6,271.8,93.4,192.3,177.0,199.9,238.9,181.8,27.1,238.0,133.4,118.9,101.5,98.3,109.6,109.0,133.2,252.9,120.5,94.5,89.1,81.3,237.8,182.5,170.3,167.8,179.4,279.9,254.1,164.1,182.3,176.4,176.3,136.9,202.6,294.3,285.9,200.9,206.9,195.4,193.9,207.6,263.0,272.6,176.3,165.8,165.9,186.9,242.0,242.3,165.4,188.9,153.1,100.2,104.7,140.4,142.3,109.3,119.4,85.3,75.6,72.5,185.6,80.3,47.4,44.1,52.4,46.3,50.5,45.4,55.4,60.9,41.1,168.2,42.5,47.1,161.4,208.7,243.4,268.3,185.2,139.0,48.7,61.7,71.4,21.4,44.5,34.4,44.8,43.1,51.3,54.8,35.3,46.9,52.0,58.9,54.1,56.9,76.8,86.0,57.8,59.3,55.7,58.0,69.7,62.8,50.3,34.9,38.7,41.7,43.7,50.9,79.8,75.6,70.4,74.5,80.6,77.0,111.3,131.5,86.0,114.2,99.1,87.6,94.8,109.3,134.6,146.2,102.2,83.3,118.5,108.0,103.2,155.1,57.4,118.1,100.8,68.9,80.0,75.6,85.3,95.3,160.5,97.7,111.4,124.2,199.9,198.3,121.1,112.3,114.7,118.2,122.6,156.8,100.3,216.9,101.4,94.1,101.9,90.6,137.1,132.9,164.7,106.5,94.0,116.7,102.1,122.6,190.5,167.3,58.9,86.6,108.3,112.6,131.0,164.9,101.6,97.2,96.3,96.1,95.2,131.0,156.4,97.1,110.9,93.6,93.1,94.0,101.6,121.6,163.6,95.1,89.5,92.2,101.3,136.1,108.0,131.9,93.9,85.4,91.2,95.0,105.4,105.8,178.7,100.1,97.3,96.8,100.6,131.9,189.5,114.3,100.8,97.4,97.0,110.5,100.7,128.4,181.6,127.7,80.8,85.4,79.7,42.4,103.4,168.3,101.4,108.9,113.7,100.0,100.2,107.6,128.7,171.9,110.3,103.1,104.8,117.6,174.9,111.0,93.8,84.0,94.2,95.0,119.7,168.4,110.0,91.9,68.3,86.7,92.9,101.6,126.2,178.2,107.4,85.2,92.9,119.8,98.8,135.0,175.6,111.8,102.3,100.8,97.8
ME,23,,,40.8,42.2,56.6,56.1,41.2,40.2,36.0,41.0,,45.2,58.0,,,33.7,58.5,43.5,34.3,23.0,30.1,34.2,43.9,67.0,38.9,29.1,46.7,26.9,29.1,30.6,45.4,64.7,41.3,27.6,30.8,35.8,35.5,60.5,49.6,52.1,43.2,27.3,27.4,31.5,38.7,46.8,33.8,26.5,38.1,27.7,38.6,59.7,36.6,23.3,20.9,22.9,30.0,27.3,44.2,63.7,39.2,24.9,34.4,34.2,2.6,73.7,61.0,36.5,26.9,24.4,24.0,24.4,33.0,47.0,33.6,24.6,24.8,28.3,37.6,73.3,40.0,27.0,27.3,31.2,13.3,58.1,96.1,28.6,55.6,45.0,57.7,77.6,57.0,4.8,71.1,46.5,41.3,35.9,27.7,38.5,41.0,42.2,37.5,26.9,27.9,26.6,26.9,64.3,44.2,43.4,50.7,41.9,71.0,71.5,50.1,56.2,44.3,53.8,39.6,57.2,71.3,73.6,54.9,50.4,44.4,52.7,45.7,72.4,80.5,40.0,39.9,43.2,32.3,34.4,70.3,46.7,54.6,39.1,28.9,34.0,43.0,49.3,37.3,34.4,28.8,26.1,22.5,47.3,25.8,18.6,16.3,16.4,15.7,17.6,17.5,21.4,23.4,13.5,46.3,13.6,17.3,45.1,52.1,61.3,79.3,51.0,36.8,21.3,18.5,23.5,3.8,11.6,10.7,11.9,11.2,14.6,13.9,11.0,10.4,15.2,15.9,15.7,16.6,20.7,21.7,14.7,13.4,16.3,17.5,14.8,15.0,13.9,8.8,11.9,12.3,13.9,11.3,18.1,20.9,18.9,20.0,22.5,24.8,29.0,32.9,22.5,26.9,25.9,21.3,26.2,30.2,36.8,35.0,25.9,21.0,29.9,27.6,25.9,34.5,15.1,30.2,23.9,18.7,20.8,18.7,22.0,29.6,28.2,28.6,32.4,36.1,46.9,46.0,33.5,38.0,35.4,39.2,42.7,50.9,28.1,56.1,39.0,39.2,39.7,41.8,49.0,48.4,56.0,39.6,40.9,34.5,42.4,33.7,47.4,37.5,23.5,30.5,30.3,47.2,52.7,67.3,39.4,42.5,42.1,40.9,42.2,62.3,52.0,40.9,45.3,39.7,37.5,42.0,47.5,53.8,56.9,43.9,40.7,42.3,40.6,64.8,45.3,56.4,30.2,40.5,41.3,42.7,47.2,41.6,60.0,42.5,38.7,43.3,44.1,53.8,67.3,47.7,43.6,41.5,41.0,45.9,45.7,56.4,62.0,43.5,41.3,40.7,42.6,46.4,50.9,81.7,42.7,48.9,38.9,45.0,42.9,45.4,57.6,60.1,44.5,36.8,38.9,45.9,64.0,40.4,34.0,33.3,35.4,32.9,47.0,59.7,41.8,36.5,25.2,30.2,34.1,34.2,44.9,60.3,38.7,29.7,29.8,46.6,34.2,55.6,64.0,45.3,47.4,35.3,36.5
MD,24,,,168.6,181.1,231.0,223.2,150.1,151.2,149.2,161.3,,163.2,215.8,,,87.4,136.3,80.0,66.2,71.5,83.8,90.8,111.4,153.8,95.4,76.9,118.2,75.6,83.5,85.4,114.7,151.9,90.9,78.3,87.9,100.2,82.1,162.6,127.0,144.2,99.4,74.4,79.2,87.9,95.6,102.1,80.1,80.1,82.4,75.0,106.4,152.6,91.3,66.9,61.1,69.9,86.7,81.1,120.6,152.5,97.6,82.3,95.3,110.5,23.5,132.0,143.6,94.5,90.8,62.5,70.8,67.4,82.9,126.0,88.0,75.6,74.5,73.7,87.2,149.1,97.7,65.5,94.3,41.9,76.1,132.7,198.4,77.5,132.5,117.7,143.8,183.7,161.1,27.8,147.1,100.0,106.1,93.3,75.7,101.2,110.2,93.9,162.3,98.0,74.3,72.7,73.8,262.6,170.4,174.8,180.4,162.9,250.5,244.7,160.4,186.7,162.5,163.7,155.0,174.7,215.6,244.1,157.6,165.0,166.1,175.5,189.9,245.4,267.5,162.9,171.6,166.9,167.6,224.5,267.5,173.4,173.4,152.8,103.5,111.6,136.5,129.2,95.1,126.3,94.3,88.4,85.0,170.1,100.7,70.8,54.3,61.3,60.2,52.7,62.7,73.3,69.2,51.3,168.5,86.8,41.5,177.2,183.1,221.6,254.2,158.8,145.6,44.8,64.1,75.3,28.1,36.8,34.3,39.0,38.4,47.7,49.6,36.7,46.7,46.0,51.0,53.5,49.5,61.3,77.2,40.8,49.6,53.4,57.5,65.9,38.6,56.9,39.8,45.2,45.8,49.5,47.8,68.5,71.9,54.1,60.2,66.2,69.0,90.8,109.0,70.9,79.5,79.7,81.0,76.6,83.5,98.8,124.0,81.7,69.9,91.0,82.4,75.5,109.8,47.7,101.4,84.2,62.9,65.8,52.7,69.1,80.3,110.6,84.6,94.4,98.5,146.8,150.5,104.7,102.5,105.7,102.9,107.0,136.5,87.0,171.5,112.9,98.6,109.0,108.6,130.8,132.2,147.7,111.0,102.5,96.0,110.3,96.1,126.4,125.9,82.3,92.4,92.2,119.1,134.9,158.9,105.5,106.4,109.5,106.9,109.8,135.2,155.0,109.0,116.9,98.3,103.5,92.1,115.1,138.4,163.8,112.3,100.3,106.1,106.8,140.4,112.0,134.1,101.4,100.2,100.6,106.5,108.8,107.2,162.1,101.0,99.0,96.7,103.2,128.8,161.7,108.1,95.3,99.3,100.6,111.4,104.4,123.4,149.0,97.4,92.7,96.6,97.8,102.2,112.5,150.2,98.8,108.2,91.7,81.7,108.9,110.6,131.8,154.8,108.6,88.4,86.4,113.3,160.8,98.7,86.8,91.2,98.9,86.8,116.6,154.7,100.0,91.6,68.3,83.0,95.3,89.2,114.7,153.7,99.3,85.3,77.6,98.0,93.6,134.5,161.3,110.2,98.7,87.3,90.1
MA,25,,,99.6,106.5,127.0,124.2,94.3,94.1,92.0,97.7,,105.4,129.6,,,44.9,77.9,54.5,46.5,30.7,42.4,45.5,51.2,92.4,57.3,39.0,58.6,37.8,40.2,42.8,59.2,87.3,58.8,38.5,44.2,44.6,46.0,89.4,46.9,77.1,58.3,36.3,40.8,42.5,51.1,54.2,46.3,39.0,55.8,38.1,49.4,84.2,54.6,33.8,31.1,33.8,43.4,37.8,59.7,89.7,60.4,38.9,50.3,58.8,5.0,93.0,88.2,58.4,43.6,31.9,33.3,33.7,41.2,65.3,49.0,35.4,39.4,41.6,49.0,86.7,63.8,39.3,45.4,50.1,10.0,65.9,120.1,40.8,81.0,65.7,80.2,99.9,82.7,8.4,91.4,64.3,58.7,51.3,40.2,54.6,54.5,55.6,51.0,59.8,39.7,38.1,39.7,137.9,103.6,104.1,113.7,98.5,153.6,151.2,110.9,117.5,106.3,117.5,82.9,129.2,149.4,152.6,104.0,108.7,108.5,111.1,134.7,163.0,173.6,94.3,101.0,103.7,101.2,134.0,160.3,105.8,110.7,90.9,60.1,61.7,72.1,67.9,54.8,57.2,41.6,40.6,33.0,106.5,47.9,31.9,24.9,28.5,25.2,23.1,25.2,30.3,34.4,19.0,105.9,23.0,26.0,102.1,114.6,146.1,158.7,103.0,88.3,23.6,30.3,36.9,11.6,13.4,16.5,16.4,15.8,20.4,16.0,18.4,22.6,20.7,21.1,23.0,25.5,25.5,36.1,19.2,18.5,25.2,25.4,24.5,21.2,29.2,18.8,21.3,22.3,20.3,18.1,27.0,32.6,23.7,28.9,31.8,34.8,40.0,48.3,36.1,34.8,36.3,35.7,37.7,41.3,50.9,53.6,40.9,33.6,43.1,40.8,38.4,47.2,26.0,48.0,40.7,28.1,32.3,27.5,30.9,38.1,48.7,38.7,47.3,50.1,68.4,71.8,56.3,52.5,54.8,56.7,57.9,68.1,40.3,82.1,53.2,55.1,55.3,56.9,67.6,64.9,73.4,54.6,52.6,46.1,58.8,45.7,58.1,53.0,36.4,44.5,45.2,63.2,68.3,82.6,56.0,57.2,58.5,62.3,60.9,73.4,72.0,54.6,60.1,55.0,55.2,57.9,59.5,71.7,79.4,59.3,53.9,58.8,60.1,74.8,64.1,72.6,41.0,48.6,55.3,56.6,59.7,55.6,82.2,55.5,54.2,57.3,61.6,68.6,81.2,62.7,54.8,54.3,57.0,61.9,60.4,62.4,73.6,50.5,52.3,52.8,55.3,54.8,59.7,91.6,55.9,65.2,55.7,53.5,60.7,62.2,71.0,81.0,57.2,53.8,54.4,65.5,89.8,57.9,52.1,53.3,48.9,45.5,56.8,83.1,54.7,54.4,32.7,41.2,46.1,44.6,57.3,83.7,55.0,40.4,40.4,61.7,45.6,69.9,79.9,56.5,55.2,51.6,53.5
MI,26,,,102.3,111.7,135.2,138.8,102.3,104.4,95.7,105.1,,111.1,147.6,,,72.7,96.5,68.7,50.3,53.7,63.2,72.0,91.6,121.0,77.2,61.3,92.9,57.3,62.1,65.3,90.1,120.4,75.2,61.0,65.2,74.2,77.8,122.9,98.4,88.7,77.5,57.7,58.2,64.4,73.1,77.8,62.1,56.1,65.4,60.9,79.9,119.4,59.9,49.0,42.6,45.6,61.8,60.3,84.8,116.5,68.9,61.0,67.5,79.6,11.0,138.0,113.9,73.5,61.3,52.1,45.7,48.4,60.3,82.9,60.9,52.4,48.6,58.3,75.2,120.0,76.5,56.5,59.0,56.7,80.3,121.5,164.5,56.3,110.8,105.2,119.9,146.0,102.3,9.9,112.9,76.6,77.6,71.5,56.5,63.4,87.1,78.2,135.0,71.7,55.5,53.3,54.7,149.4,116.0,116.8,123.4,100.9,169.0,148.2,108.5,125.9,109.2,114.9,99.8,123.9,149.1,162.1,115.6,117.0,116.0,97.7,128.4,167.0,190.3,110.6,105.5,112.0,106.7,149.0,155.2,108.0,125.8,100.7,63.7,67.3,94.4,79.1,71.7,87.0,62.0,56.3,59.9,115.5,69.5,44.8,33.4,59.1,25.1,29.7,27.0,35.1,34.0,25.4,107.5,27.5,28.5,112.9,123.6,154.1,182.5,118.7,96.9,28.1,38.3,37.2,10.6,20.4,13.4,16.7,17.7,19.2,24.3,19.1,29.2,28.0,29.7,29.6,30.2,41.0,49.1,36.1,37.6,39.1,37.5,43.2,39.6,31.9,22.8,24.7,24.6,27.8,29.6,53.5,49.0,41.5,47.8,54.1,49.6,68.0,78.1,51.7,54.1,58.6,58.9,61.3,70.5,85.7,85.3,70.8,56.8,76.4,63.8,62.5,84.9,42.2,76.3,64.4,46.2,50.4,47.4,52.6,67.0,93.1,61.6,71.5,92.4,122.3,121.7,84.4,88.7,83.8,91.3,94.0,117.5,63.0,133.8,86.4,84.7,92.7,89.1,111.5,107.8,118.1,85.8,84.9,78.9,85.9,79.2,109.6,85.5,55.7,71.6,73.8,96.6,105.0,108.3,80.8,83.7,77.6,81.7,83.3,100.2,100.8,77.7,93.5,81.6,75.2,81.4,86.0,102.9,106.5,81.4,77.6,77.0,83.5,104.0,88.5,104.5,66.0,71.5,82.5,80.7,87.1,86.4,109.5,80.9,75.8,78.9,83.9,100.8,113.7,85.9,76.6,76.6,79.9,86.7,82.5,97.1,108.4,78.9,76.9,77.3,77.0,80.0,92.8,115.8,78.8,83.3,78.1,80.3,82.5,83.5,99.8,104.0,80.3,67.8,76.1,89.3,116.6,74.8,65.9,67.3,69.7,69.8,90.1,112.4,77.5,70.2,54.0,62.1,70.1,69.8,85.6,108.2,75.9,64.3,64.0,86.9,70.8,109.4,106.1,77.2,71.7,70.1,73.0
MN,27,,,87.3,97.9,131.4,172.2,112.4,91.4,86.2,91.1,,101.2,137.6,,,54.0,93.8,62.1,39.9,41.4,52.1,67.2,80.8,109.5,71.8,47.1,72.5,31.1,46.7,43.0,74.3,133.6,71.4,45.8,50.0,53.8,55.1,115.3,76.0,93.6,69.4,41.6,44.3,46.6,51.1,56.6,60.4,35.2,41.3,37.6,58.5,107.7,59.7,33.2,29.7,35.2,54.9,41.1,79.8,107.4,61.7,41.5,44.8,61.6,7.6,134.5,98.3,58.1,42.7,38.4,33.8,35.6,46.2,78.2,54.6,37.1,35.9,38.9,54.1,128.4,60.4,38.1,39.2,40.7,64.9,104.1,152.9,36.4,92.2,64.9,82.4,68.6,61.7,10.8,122.6,61.9,66.6,45.1,36.9,49.2,67.4,57.0,122.4,59.9,37.6,35.9,36.9,194.6,105.9,104.5,101.0,90.9,173.3,220.2,136.4,126.2,97.5,97.4,103.5,108.0,142.6,216.7,126.4,102.4,104.0,106.1,121.9,162.2,245.9,91.1,91.3,94.2,106.1,144.6,222.5,90.4,144.7,86.0,48.7,52.9,76.5,113.7,93.1,70.1,58.7,43.6,38.5,103.9,62.5,40.8,29.9,32.8,38.4,45.7,40.6,49.4,30.3,25.1,105.9,26.3,29.4,107.8,115.4,168.9,222.3,122.7,78.3,30.6,50.1,63.8,11.2,24.4,14.9,19.2,19.0,25.5,35.5,29.9,29.1,28.0,34.1,33.9,35.3,50.3,67.0,46.4,37.8,35.9,38.0,42.5,39.5,47.1,30.7,24.9,28.6,28.9,30.3,54.2,54.9,37.2,40.9,43.9,46.8,64.2,81.6,47.9,63.0,53.5,66.4,53.4,60.2,78.8,85.2,61.7,51.1,68.4,55.4,53.4,80.2,48.3,67.8,57.6,42.3,45.8,43.0,48.2,66.5,89.7,59.4,70.7,71.5,109.5,104.8,79.7,66.7,67.7,69.2,77.6,96.5,58.4,122.7,76.4,66.5,68.8,65.5,91.6,88.4,96.9,76.0,66.9,72.8,71.0,73.3,110.6,82.5,58.9,62.9,63.8,79.5,82.4,104.7,75.9,66.1,70.4,65.4,67.5,86.3,103.6,80.6,74.4,62.9,66.1,63.2,68.4,85.9,110.5,82.4,60.2,62.9,66.6,84.0,69.0,87.0,51.6,62.9,66.5,66.3,67.9,69.5,114.3,67.2,62.0,64.8,70.9,88.2,116.4,85.2,64.5,62.8,65.0,84.8,69.4,82.7,111.2,78.6,61.8,59.2,62.2,63.5,74.8,104.7,61.0,80.0,72.4,60.7,65.6,68.9,87.6,106.6,84.3,57.5,59.7,73.4,134.1,67.6,49.9,50.1,53.5,52.1,71.6,105.2,63.3,64.7,39.0,45.3,51.3,53.4,67.5,105.0,72.3,47.8,47.5,72.7,52.8,89.2,100.0,74.7,80.1,60.7,60.4
MS,28,,,146.1,149.9,204.3,194.3,113.0,148.9,147.0,149.5,,171.0,227.8,,,118.9,175.1,103.9,98.4,92.5,100.8,115.8,145.5,230.7,127.5,102.3,160.0,97.7,102.0,113.3,153.9,234.7,126.4,107.7,119.6,106.6,134.6,250.6,179.2,219.3,136.9,102.1,107.6,115.2,131.7,135.7,122.2,102.6,111.1,111.2,143.4,249.3,126.8,95.6,83.6,87.1,136.4,104.1,204.3,238.8,129.6,125.7,135.9,128.3,17.4,254.4,229.3,108.3,110.3,105.4,93.2,100.4,119.5,210.1,120.8,98.5,102.3,103.6,113.4,283.0,130.3,101.8,111.2,107.8,177.0,269.5,334.0,105.3,204.7,194.4,216.7,262.7,221.5,28.4,279.3,138.0,136.6,109.0,106.6,122.0,140.8,144.8,295.8,138.3,106.0,98.5,89.7,241.5,163.2,169.6,162.7,193.8,272.2,244.0,136.1,187.8,157.3,164.1,121.6,175.2,243.3,250.4,138.7,169.1,186.2,190.2,210.5,275.4,309.7,164.9,155.4,150.4,172.8,235.7,242.7,141.5,172.1,144.8,88.4,103.4,131.9,162.0,112.6,117.8,94.9,86.7,84.9,180.3,96.2,55.6,39.1,57.2,64.5,68.8,62.0,76.8,80.6,51.8,173.6,57.2,62.1,166.3,201.7,257.2,251.4,142.4,119.0,74.6,83.5,81.3,20.5,54.9,44.6,57.1,55.3,68.3,74.9,34.8,72.3,65.8,71.4,67.5,66.4,95.7,103.0,65.4,74.9,74.9,73.6,91.7,79.9,46.0,32.9,44.9,46.5,50.6,58.4,101.6,99.4,98.7,101.6,109.3,115.0,147.8,184.1,108.2,146.9,119.7,113.0,116.6,133.9,173.3,202.9,129.5,99.2,141.4,121.3,123.5,192.5,68.4,150.1,116.8,91.8,100.1,95.1,104.5,132.4,223.0,119.6,127.9,139.2,237.0,242.2,138.1,130.6,130.5,131.5,141.2,189.4,116.8,274.4,133.3,114.9,121.4,114.7,163.5,157.4,222.7,128.6,110.6,138.9,119.8,139.2,215.6,215.6,92.1,103.1,125.1,126.6,154.8,204.1,114.5,118.9,115.6,118.6,124.7,155.8,203.1,118.0,129.9,113.7,109.0,111.2,119.3,149.8,207.4,117.9,113.3,114.6,116.4,181.2,125.5,180.4,111.0,106.5,117.9,115.4,114.9,117.6,272.8,112.7,112.1,112.3,115.3,155.6,263.6,152.9,118.2,113.7,113.0,140.6,115.2,146.8,224.4,124.2,105.7,96.5,104.0,108.2,117.9,224.2,123.1,117.4,122.7,121.4,126.6,120.6,150.7,221.7,131.2,109.5,114.5,134.1,225.6,126.5,123.7,97.3,108.4,113.5,142.9,220.3,118.2,105.6,80.2,104.2,111.1,115.8,151.8,217.8,126.0,103.0,107.4,127.4,116.5,151.7,209.7,124.5,109.8,105.8,107.6
MO,29,,,105.7,113.5,147.1,220.7,142.5,118.0,109.9,112.6,,136.5,195.9,,,84.7,161.0,94.4,66.6,63.0,72.4,89.0,113.5,190.9,113.8,72.8,111.7,70.0,73.5,83.3,126.7,203.4,112.8,67.2,78.1,87.2,95.3,188.7,134.0,171.5,115.4,68.9,70.3,76.2,87.7,97.6,98.6,66.3,81.6,72.7,103.7,188.7,106.7,61.9,54.4,59.8,95.4,71.6,140.3,198.6,120.0,77.7,89.4,112.4,15.2,213.8,192.1,106.8,79.0,71.1,58.6,62.9,80.6,162.0,95.5,65.5,69.3,72.7,86.2,246.2,111.8,72.6,72.2,71.3,121.7,188.2,306.7,71.1,176.1,128.0,147.6,197.6,172.4,19.1,237.5,119.9,114.4,79.2,72.7,92.7,132.7,100.2,242.8,124.3,71.2,66.4,64.0,265.7,135.1,130.2,123.4,130.0,227.0,248.7,158.8,167.0,117.0,120.9,123.6,135.9,181.5,225.7,146.6,118.8,121.8,130.4,153.1,212.1,277.3,130.8,127.2,119.1,132.6,191.6,258.2,148.8,166.4,117.0,71.3,80.6,116.2,156.7,111.6,105.8,86.1,78.3,69.3,130.9,94.8,65.9,48.3,49.7,47.5,54.9,44.4,56.6,75.9,50.4,128.2,43.0,48.1,131.8,143.7,192.0,249.7,154.2,93.2,48.0,64.0,78.0,24.3,36.8,27.8,37.6,36.6,44.3,66.3,48.0,46.7,46.3,52.8,50.4,52.2,70.7,93.6,67.5,55.6,57.8,56.5,71.6,61.2,64.7,39.3,31.8,36.8,40.5,42.6,79.0,98.1,67.2,67.4,74.2,82.8,106.7,162.8,101.5,106.4,90.5,103.6,92.0,104.9,137.6,172.4,111.4,91.1,117.4,94.1,93.7,153.1,68.7,126.3,110.9,60.9,78.9,72.4,80.7,116.2,173.3,93.2,103.7,113.0,188.4,196.7,130.1,105.5,103.7,108.8,116.2,151.3,92.3,221.5,128.9,101.9,102.4,100.4,146.8,131.9,177.4,123.7,95.7,107.5,99.1,111.3,178.3,160.6,104.0,96.9,96.5,113.1,130.4,176.0,119.1,98.3,94.7,95.8,104.1,132.4,169.1,115.3,119.4,94.1,90.6,94.3,103.8,128.8,172.4,117.3,92.6,92.9,93.3,162.1,105.4,136.6,111.8,102.9,99.5,95.8,100.1,103.5,185.6,91.4,94.3,95.6,100.3,130.4,192.0,126.4,92.7,88.5,89.0,118.7,95.0,123.4,194.8,124.3,83.2,77.7,78.5,83.4,93.1,172.6,93.6,115.1,91.1,93.9,94.4,99.0,136.9,198.4,128.6,74.5,83.8,101.7,177.6,106.8,76.6,75.6,80.1,76.4,104.4,168.7,85.5,96.4,60.9,70.7,80.3,80.9,106.8,173.2,107.4,77.7,73.9,95.2,82.4,123.7,180.8,115.4,99.3,79.7,81.3
MT,30,,,116.1,119.1,155.1,130.6,99.4,114.1,112.3,118.9,,122.0,155.5,,,87.3,122.3,70.9,58.3,60.4,70.9,87.6,99.5,110.5,72.8,67.9,106.2,71.2,75.1,74.8,102.1,73.6,69.8,70.5,81.3,84.8,88.1,150.2,102.4,124.0,98.5,73.7,76.3,76.5,87.4,81.3,81.6,63.9,70.7,64.9,81.8,119.4,76.0,57.8,50.4,55.8,99.4,69.0,131.7,151.4,89.3,68.4,77.8,81.7,17.9,94.9,111.0,82.4,72.4,67.5,63.9,62.8,72.8,114.4,51.3,58.0,64.6,59.8,60.8,114.7,73.5,56.0,58.5,58.9,107.7,152.7,179.2,65.6,126.0,100.6,103.7,129.7,106.3,32.2,149.7,107.5,87.7,74.9,68.1,75.9,84.0,83.4,148.5,94.4,66.1,64.7,58.5,151.7,123.8,118.7,112.8,129.3,178.3,161.4,106.4,123.2,118.4,121.5,75.9,137.2,173.4,163.4,110.5,119.8,123.0,137.9,159.7,190.4,193.7,108.3,107.9,116.3,127.7,154.3,130.5,102.2,127.8,114.4,64.3,69.9,96.9,111.2,71.3,86.8,77.4,65.7,57.2,131.0,88.1,65.7,35.5,58.6,76.0,73.1,63.9,82.0,48.7,43.2,120.2,46.2,45.0,132.1,145.8,182.4,183.1,111.4,91.7,40.5,73.8,51.3,23.7,40.8,31.3,38.2,40.7,48.1,59.9,44.9,39.0,53.5,58.2,58.5,57.2,73.5,94.8,67.2,64.3,68.7,67.8,70.4,61.5,63.2,40.5,45.4,50.1,51.3,52.4,81.5,102.4,76.6,73.3,89.5,97.3,117.2,141.8,99.4,126.5,103.0,108.5,100.7,108.8,129.9,147.3,104.9,81.4,138.9,101.6,99.8,152.0,68.6,94.3,107.7,82.3,89.8,82.1,84.1,117.3,154.4,97.9,106.2,122.7,194.3,171.2,133.0,117.4,116.3,110.2,119.0,137.1,100.2,170.2,128.1,111.8,111.8,112.7,177.9,127.6,162.2,123.8,107.2,119.8,113.8,122.2,188.0,140.4,102.5,109.0,103.7,129.5,145.2,178.1,129.9,118.8,113.0,112.5,119.2,135.9,166.6,130.8,122.3,114.8,107.8,110.9,120.1,141.6,169.4,135.2,112.4,112.9,118.3,132.3,122.8,141.0,116.4,121.4,120.4,124.0,117.7,118.4,167.0,109.8,104.7,111.7,117.3,135.8,169.5,126.6,106.7,103.6,103.9,127.5,111.6,123.9,159.1,112.4,101.3,97.0,97.9,99.8,104.3,149.3,109.2,114.0,124.9,111.6,112.6,121.9,135.9,163.7,126.9,92.0,101.0,108.2,156.8,109.4,96.6,88.9,97.5,89.6,117.6,143.1,103.3,103.4,80.8,87.7,98.6,95.0,109.1,145.9,103.4,88.6,76.0,109.9,92.7,123.8,143.0,103.3,80.3,102.3,102.8
NE,31,,,68.1,84.8,119.0,157.5,116.6,84.4,79.3,85.3,,92.1,130.4,,,59.8,123.4,77.8,46.3,43.7,52.4,63.6,82.6,131.9,91.9,50.2,78.2,48.6,51.6,58.0,93.0,127.5,75.9,46.3,67.1,62.5,66.6,146.1,89.7,134.1,92.3,46.3,48.4,52.6,59.6,67.6,85.0,40.1,55.2,48.1,69.7,117.9,83.4,39.5,35.5,39.5,64.9,47.0,97.0,132.1,94.6,50.0,59.9,80.3,13.4,132.5,130.6,80.5,50.2,47.5,42.5,43.2,57.3,105.8,82.1,44.6,45.6,52.3,57.9,124.8,104.3,49.1,48.4,52.9,88.7,130.7,225.6,48.3,144.4,89.0,109.6,91.4,136.9,12.8,181.8,101.3,95.3,19.1,49.0,59.5,90.3,67.5,160.6,101.9,48.2,46.1,45.3,185.5,98.0,94.4,97.3,93.5,159.3,184.6,126.4,108.9,91.1,84.4,117.2,105.7,151.1,182.8,127.7,97.3,90.2,98.0,112.2,155.2,201.8,89.2,87.0,91.2,100.4,137.2,182.5,126.3,141.6,84.0,50.2,65.9,91.6,95.9,91.4,70.9,59.1,54.5,47.9,98.4,66.0,58.5,42.0,37.9,49.1,51.8,40.7,54.2,73.6,52.6,92.2,36.8,41.1,105.7,115.1,152.5,188.7,130.4,68.0,42.3,56.2,77.5,17.3,28.7,22.2,29.0,21.5,35.5,59.0,43.0,38.7,37.0,41.2,43.3,44.1,57.2,88.9,59.7,43.1,44.7,44.5,55.7,46.2,62.4,41.3,31.7,36.3,37.0,36.9,63.3,83.8,45.2,48.7,53.8,57.5,78.8,122.5,79.7,72.3,62.3,89.6,63.4,70.1,97.5,126.1,87.2,65.6,78.4,63.2,64.8,104.1,62.2,92.7,79.7,45.3,54.5,50.6,54.5,80.2,130.2,60.3,74.5,75.4,127.9,135.9,97.5,71.7,72.3,74.9,77.4,107.0,67.7,165.3,103.5,67.4,70.0,68.2,98.7,92.5,126.9,96.4,65.9,78.2,71.5,79.1,126.6,121.9,83.3,68.1,68.2,82.7,92.3,137.8,96.5,68.8,70.4,72.5,72.9,94.9,132.2,99.6,86.2,66.6,66.4,69.9,75.3,97.2,141.1,96.1,69.2,68.5,71.8,125.8,78.6,100.3,86.4,77.2,68.1,68.4,69.7,73.3,143.2,76.1,77.6,77.2,75.1,95.1,162.9,110.1,66.3,60.7,59.3,104.7,60.7,76.7,142.7,94.7,53.5,53.9,54.8,57.5,67.2,137.0,72.0,92.5,67.0,72.1,75.0,77.4,99.4,155.7,114.1,53.1,60.9,75.4,144.4,89.7,52.1,52.8,55.6,53.3,74.8,133.3,62.6,82.7,42.9,51.6,56.1,56.7,77.0,129.3,91.0,52.3,50.7,66.7,57.3,87.4,135.9,93.5,74.0,53.4,57.7
NV,32,,,492.2,544.9,671.4,746.7,571.8,436.1,365.8,375.6,,465.9,644.0,,,78.8,427.1,279.2,105.8,86.0,88.6,103.1,143.7,445.5,270.0,104.9,112.2,85.5,86.7,98.9,142.0,430.2,265.6,101.7,95.7,96.7,104.1,349.6,140.0,292.9,220.2,90.8,81.5,83.4,99.4,134.4,221.1,75.6,90.5,79.3,119.6,376.3,214.5,71.0,56.1,57.1,152.7,85.6,250.7,373.2,251.9,94.9,89.3,95.2,47.7,148.3,296.9,169.7,77.9,63.5,57.5,66.3,93.8,324.5,203.9,82.2,56.8,59.8,70.4,243.3,156.2,59.4,55.9,54.6,137.7,226.7,289.5,56.0,229.5,101.5,104.2,117.1,121.9,105.4,312.4,246.1,114.3,106.4,60.3,109.5,144.5,81.9,262.7,167.1,67.5,57.3,53.6,810.6,444.2,372.9,383.4,469.1,865.0,1155.6,939.0,685.6,450.6,445.8,508.8,558.0,792.3,891.1,712.7,494.5,414.6,447.3,528.4,698.1,835.6,490.0,438.3,481.5,568.6,750.5,835.1,567.0,582.1,379.3,181.2,192.9,241.3,461.6,329.9,168.1,112.3,86.0,56.3,447.1,94.4,57.8,35.2,41.1,69.6,71.2,42.6,49.2,80.1,56.2,388.1,41.2,43.0,409.2,501.6,672.1,794.1,575.9,261.8,44.5,48.1,82.5,34.8,34.4,26.4,34.4,32.3,38.5,64.1,52.4,41.0,37.5,42.7,43.8,43.1,54.6,92.7,66.7,45.7,48.7,46.0,89.0,46.9,72.2,47.3,35.8,35.0,35.5,36.3,57.5,92.1,49.7,54.4,57.3,58.7,70.2,124.6,89.1,103.9,69.4,98.2,67.6,75.1,87.7,149.9,106.9,65.7,119.6,68.8,67.2,136.3,67.5,78.9,102.7,51.3,56.7,51.9,54.4,67.5,143.6,69.8,93.4,102.6,244.2,288.8,202.1,109.8,106.7,107.1,112.7,138.7,70.2,311.1,209.9,113.2,109.8,102.1,210.0,131.4,276.5,209.3,106.6,81.4,103.6,87.0,195.6,197.0,146.6,98.8,94.0,110.6,138.1,276.5,199.5,114.3,107.1,105.1,108.0,131.7,273.0,207.6,116.5,117.8,104.2,100.8,108.5,140.0,310.2,226.0,116.2,101.1,99.5,164.3,113.4,127.8,297.6,247.5,127.4,114.1,109.6,113.6,317.9,99.9,86.7,85.4,95.9,119.5,295.4,194.0,91.5,83.0,80.4,217.5,87.5,114.6,290.6,188.7,81.1,70.5,70.1,78.7,93.7,300.9,105.7,189.5,140.2,97.0,95.4,96.4,126.8,301.2,205.3,70.9,89.3,117.2,325.5,216.6,92.4,81.5,80.7,82.3,112.6,326.5,79.9,209.2,81.3,84.2,83.5,83.8,118.3,341.9,220.6,90.4,74.1,91.4,75.6,128.7,412.9,336.5,141.6,91.1,85.9
NH,33,,,57.1,65.4,87.0,100.7,77.4,59.4,55.7,59.8,,63.0,88.8,,,45.2,80.9,61.9,48.1,30.6,40.6,43.1,54.5,94.8,58.7,38.0,62.3,36.1,38.7,40.9,60.1,91.7,60.6,37.4,41.9,43.4,48.5,92.5,54.7,78.3,62.6,37.1,38.8,40.4,49.4,56.4,49.3,36.5,54.9,39.4,52.1,90.2,55.8,32.2,29.8,33.3,44.5,36.8,61.1,94.4,64.2,40.8,49.9,63.0,4.3,110.9,95.5,60.9,42.1,32.8,31.5,32.1,41.2,70.3,51.9,35.0,36.8,41.6,53.1,104.2,68.8,39.6,42.2,50.2,10.2,75.5,139.8,38.7,79.8,67.6,78.8,106.0,89.8,4.3,98.5,66.2,59.3,50.3,38.9,57.2,62.3,59.4,48.2,53.5,39.0,38.1,38.0,113.4,68.1,68.9,67.8,54.6,98.1,116.8,84.9,87.9,55.7,73.1,73.3,82.4,101.6,117.1,79.3,74.1,65.0,73.7,82.9,114.3,134.8,57.7,58.3,63.2,51.1,80.0,117.6,85.0,95.5,57.1,37.5,45.1,59.2,70.4,62.7,57.2,43.9,41.9,34.2,70.5,46.4,37.6,29.8,25.9,24.1,27.1,32.6,40.7,37.2,20.7,65.6,21.4,25.6,61.6,71.7,92.2,123.3,84.6,57.4,24.7,36.4,52.0,11.1,16.4,15.1,16.9,15.9,21.6,23.3,20.1,23.9,23.3,23.8,26.1,28.9,35.6,45.8,28.3,23.7,29.1,30.3,30.4,26.3,34.6,21.9,22.4,23.8,23.1,20.7,36.5,42.3,30.6,34.7,38.5,41.3,54.0,71.4,49.4,45.0,43.7,50.3,45.8,54.4,72.6,83.6,61.8,50.1,51.8,50.1,47.3,64.6,34.4,74.6,60.1,32.3,36.7,32.0,37.4,48.7,69.0,47.0,56.0,61.5,81.8,92.7,67.7,57.8,56.1,60.5,64.6,82.3,46.6,102.6,68.2,57.5,58.4,60.0,71.2,73.5,88.1,70.4,59.0,56.7,62.7,57.0,80.2,78.6,52.0,53.4,52.0,67.5,75.1,100.3,63.6,58.1,56.7,57.6,58.9,83.6,81.9,60.4,64.4,53.6,51.8,57.3,62.6,76.9,88.5,64.6,52.6,56.4,53.3,96.1,61.5,76.4,55.0,59.8,60.8,57.2,61.3,59.6,89.6,53.5,51.8,54.7,59.6,73.5,92.8,70.8,56.1,53.7,56.3,72.5,62.6,73.2,89.9,60.2,55.2,54.3,55.7,59.1,65.8,107.6,53.2,70.9,53.7,52.2,56.4,61.0,72.9,85.8,64.3,48.9,48.0,61.9,93.3,58.1,44.8,44.7,46.2,43.7,60.0,88.0,53.1,56.3,33.8,39.8,44.8,44.3,58.4,86.1,58.4,40.4,40.0,59.0,45.8,75.9,91.4,65.9,66.9,50.6,46.8
NJ,34,,,272.6,294.9,322.7,231.6,227.2,273.9,260.4,273.3,,286.6,315.3,,,91.2,148.9,95.4,70.0,67.2,82.7,94.4,96.7,181.8,113.2,81.6,114.7,77.2,80.7,86.7,121.5,176.4,116.5,81.4,93.1,96.3,83.4,174.7,126.4,144.5,110.3,75.7,81.3,84.2,101.2,102.1,90.3,78.5,81.4,76.5,104.0,174.0,104.6,73.5,65.8,69.4,95.0,83.7,128.9,182.0,119.2,88.2,103.3,110.5,19.6,177.1,183.4,116.8,86.2,58.7,73.7,91.3,102.9,143.3,104.0,76.3,81.1,80.6,94.0,177.6,113.9,74.8,105.2,60.4,51.5,154.0,255.3,78.9,172.2,148.1,173.8,211.8,165.5,25.0,206.1,133.9,137.4,120.9,80.3,128.7,110.7,102.8,183.0,116.1,80.4,75.9,70.3,270.4,303.3,299.7,308.3,299.6,382.2,310.8,247.5,317.5,311.7,310.3,183.5,334.5,342.2,311.2,241.0,291.2,284.7,300.9,336.0,376.7,328.4,281.7,267.9,279.7,300.0,340.0,316.9,231.4,246.9,230.6,149.6,154.0,171.4,154.3,118.3,127.9,88.2,77.6,63.8,303.3,76.2,53.4,28.6,27.8,40.8,35.0,37.3,42.6,39.9,28.5,275.6,32.6,33.0,293.0,307.3,316.3,316.6,219.9,220.5,33.3,40.3,46.1,13.7,17.7,24.7,26.7,26.2,30.5,31.9,25.2,32.9,29.5,30.3,35.1,33.3,35.7,53.8,25.4,33.4,40.6,35.9,39.9,31.4,40.8,26.1,30.0,31.2,31.1,29.0,43.3,50.3,38.5,46.2,50.7,53.7,65.5,83.2,58.7,59.0,58.1,56.8,57.6,65.3,78.6,81.0,67.1,50.3,67.4,62.3,58.0,75.4,38.0,76.3,63.0,45.4,49.7,39.2,50.0,56.7,85.7,61.1,71.9,71.7,104.7,112.2,81.6,87.9,86.4,90.0,93.0,112.6,60.3,142.0,84.6,93.4,93.0,94.1,115.9,109.2,121.2,92.0,96.8,66.9,100.6,74.1,90.5,91.4,63.6,69.3,71.0,110.9,88.1,156.9,98.9,107.9,103.2,103.6,105.6,131.7,138.8,100.7,111.0,99.0,97.5,97.3,108.2,127.8,148.9,106.3,100.0,103.6,104.1,142.3,110.9,132.6,90.4,91.0,93.1,108.1,104.7,99.3,148.7,104.5,101.6,102.1,110.5,131.3,154.1,112.9,104.6,102.8,107.0,114.1,111.7,123.0,144.7,101.2,100.3,100.1,100.2,104.7,109.8,159.0,110.6,105.8,112.1,65.1,124.4,119.3,133.9,160.6,109.4,99.0,91.7,108.9,173.1,109.0,88.0,89.3,91.4,88.8,112.8,163.3,105.5,99.3,66.7,83.0,91.0,90.9,113.9,169.6,109.8,93.4,74.8,112.0,93.9,133.5,158.3,115.5,115.4,95.2,93.5
NM,35,,,97.0,108.8,128.2,119.0,98.8,101.8,93.1,99.7,,112.4,145.0,,,41.4,75.7,50.3,33.9,32.1,38.0,44.3,49.4,82.0,56.6,37.6,51.4,34.1,36.8,41.5,50.7,83.3,58.9,33.8,27.6,40.9,46.8,87.4,49.9,62.4,57.2,35.2,36.6,40.1,46.3,48.6,44.2,30.8,38.7,33.2,41.8,75.1,45.9,19.1,18.3,22.0,38.7,32.4,49.9,52.2,35.3,25.1,27.6,27.0,7.2,22.7,42.4,33.9,33.6,22.6,27.6,27.3,30.4,54.6,40.5,29.5,23.5,25.3,27.9,63.4,42.3,26.0,26.2,28.7,59.7,84.0,100.8,25.4,71.5,45.3,53.9,58.4,50.7,12.5,82.8,56.2,39.3,34.3,25.9,37.8,42.3,31.8,61.3,38.6,26.1,24.6,25.2,150.7,119.8,89.4,110.1,112.8,166.6,143.4,106.1,125.4,104.7,113.6,86.5,122.7,142.3,141.0,106.4,119.3,109.3,117.4,144.5,167.7,170.3,108.6,95.9,104.8,123.1,154.5,148.5,114.3,125.9,101.2,51.7,56.0,77.2,100.8,84.1,70.7,62.9,61.5,52.5,126.6,75.7,54.2,33.5,46.5,45.8,43.9,32.5,37.7,53.9,36.4,113.3,31.2,33.2,121.0,130.5,163.8,166.8,122.2,89.3,33.1,38.3,49.3,22.8,21.3,15.1,18.9,18.3,21.0,29.6,27.0,32.2,27.7,31.2,32.2,32.2,40.6,56.2,40.2,31.8,33.4,34.7,56.0,34.7,45.8,32.2,27.6,27.9,27.8,28.9,43.0,49.8,33.7,39.0,41.3,41.0,51.4,73.3,53.3,60.1,44.7,60.2,45.1,50.3,61.1,76.5,55.8,40.7,65.0,47.0,44.8,77.1,41.5,54.1,55.2,36.8,39.7,37.6,41.2,50.9,80.1,51.6,51.6,55.1,97.7,100.2,71.8,52.9,52.3,57.7,56.4,72.4,50.7,110.1,67.3,49.8,52.8,52.9,83.9,63.2,91.2,69.0,49.6,56.3,52.5,54.9,94.1,74.4,51.1,51.4,49.9,57.6,60.0,87.2,60.9,46.9,47.4,45.3,46.2,58.8,83.8,61.4,52.5,47.2,43.4,45.7,49.6,59.4,88.6,61.1,42.9,47.1,46.6,65.8,51.3,64.9,60.3,54.7,51.4,51.6,50.0,50.0,93.4,46.1,44.4,44.9,46.3,59.4,92.4,64.3,41.1,39.7,40.5,63.3,41.6,50.1,83.0,55.4,37.3,37.2,39.2,39.6,43.7,83.2,45.5,56.7,50.9,45.4,48.7,49.3,59.4,93.8,68.0,35.5,45.2,49.0,82.6,58.7,40.0,39.0,41.3,37.8,48.5,83.2,44.5,53.2,33.4,36.0,42.2,39.1,48.3,77.4,56.4,35.8,36.2,47.5,42.3,57.5,87.0,60.5,47.1,40.9,43.7
NY,36,,,300.7,325.2,351.6,228.9,223.7,288.5,283.6,298.4,,312.0,344.5,,,79.1,106.4,75.3,58.0,56.7,72.4,80.7,79.4,128.5,89.0,66.8,93.1,64.8,67.3,75.6,95.4,131.1,92.2,67.5,80.2,82.2,75.3,126.9,99.4,108.8,85.1,63.2,70.0,71.1,85.8,83.2,73.7,71.8,85.9,66.4,83.5,130.3,82.7,61.5,56.1,59.3,81.5,68.3,104.0,138.1,93.6,69.0,82.3,85.3,16.5,123.5,127.4,87.7,70.3,50.4,58.8,64.2,72.9,111.0,81.6,65.1,65.1,67.5,70.3,126.5,93.1,59.7,77.4,57.7,32.4,106.8,170.5,63.2,130.3,113.1,137.0,161.2,124.2,25.8,139.3,108.1,102.8,89.4,66.9,96.8,82.6,79.0,117.4,92.8,65.0,61.6,57.4,253.8,332.6,339.3,352.2,345.4,446.6,326.3,257.6,306.4,337.8,353.6,177.2,398.1,407.8,336.8,267.9,346.3,340.2,349.6,375.7,404.5,306.3,299.3,295.7,310.3,342.2,359.9,295.7,231.4,243.9,269.6,172.4,167.4,177.0,140.8,117.1,127.4,97.3,84.8,66.3,328.7,72.8,45.3,31.9,27.2,39.6,35.7,35.0,39.3,34.7,24.1,322.0,28.4,29.3,339.0,356.1,357.5,296.2,213.4,256.5,28.9,31.3,38.5,13.3,16.3,20.6,21.6,20.8,24.5,23.7,20.1,28.2,24.9,24.8,28.1,27.2,30.5,40.5,22.1,27.3,33.4,29.2,34.1,26.5,32.1,21.4,24.7,24.9,24.2,22.8,34.5,39.2,30.6,37.0,40.4,42.7,50.9,58.3,43.6,47.0,46.5,41.8,47.5,52.9,61.8,59.7,49.8,37.6,56.8,50.6,46.7,58.2,30.6,52.5,46.5,34.7,40.5,32.6,40.3,45.6,60.9,47.7,58.9,58.8,85.1,84.2,62.1,64.4,66.8,68.7,72.4,86.0,48.5,101.4,61.8,68.1,72.9,75.5,95.7,85.8,88.5,70.8,73.2,55.3,77.6,57.6,69.9,63.0,46.2,55.2,56.3,85.0,72.7,104.2,73.3,83.0,82.0,80.4,81.0,96.5,91.4,70.0,86.0,73.7,75.4,79.6,85.1,93.7,101.2,77.3,75.1,80.7,82.8,98.8,88.4,97.5,56.1,65.5,69.7,77.8,79.5,75.9,104.3,79.1,79.3,81.2,86.5,99.2,106.8,79.5,81.1,81.1,81.2,84.7,90.4,94.8,102.3,78.5,79.5,79.3,82.0,84.7,90.6,111.8,81.5,83.4,89.1,55.8,91.5,91.7,100.8,106.9,80.5,79.9,80.4,93.6,125.5,88.8,77.3,78.0,78.4,75.8,93.1,116.5,85.7,76.7,56.4,71.9,78.8,79.4,94.5,122.1,84.9,75.0,67.0,92.5,79.0,105.7,113.6,85.5,82.3,82.4,84.5
NC,37,,,141.6,157.6,185.6,197.3,145.5,145.7,137.6,143.0,,157.7,192.0,,,90.3,147.0,84.5,71.1,70.3,81.2,93.1,119.6,164.1,105.6,83.5,121.7,74.1,79.3,87.4,126.2,162.5,101.4,83.8,87.4,93.0,100.6,164.6,145.9,154.0,101.9,73.6,74.6,80.9,95.7,107.1,90.6,77.8,100.8,67.3,117.4,179.7,104.5,73.2,65.1,72.0,97.7,81.4,140.8,186.6,116.9,91.3,105.4,121.9,15.2,194.6,178.4,113.4,85.5,83.8,65.5,71.3,90.3,137.9,94.2,74.2,81.4,83.9,101.7,190.0,113.6,78.3,91.2,69.7,121.7,174.8,247.0,83.6,153.5,149.5,172.7,215.0,156.7,15.7,194.5,119.7,115.8,98.1,84.8,106.5,117.2,116.1,214.8,115.9,81.3,78.3,77.1,234.5,167.9,151.8,160.5,156.8,243.7,222.3,146.0,176.9,150.8,163.2,138.9,157.3,190.7,222.8,151.4,153.5,155.2,165.0,194.6,245.7,271.1,151.6,145.9,150.4,136.1,236.9,224.8,158.5,178.6,126.0,83.6,96.0,130.8,144.7,112.4,111.0,94.8,80.1,74.8,166.2,90.9,67.1,50.4,55.1,62.3,69.5,57.4,73.8,82.6,52.1,151.1,53.7,45.1,156.1,168.6,215.5,242.5,155.2,122.5,47.0,78.3,77.5,23.6,43.7,35.3,42.6,42.9,54.4,60.9,40.2,49.2,48.1,58.6,58.7,54.0,78.2,87.7,57.1,62.9,64.4,63.3,74.5,60.4,65.2,40.2,45.4,47.8,49.4,53.9,87.2,82.2,74.2,76.2,80.2,87.1,112.9,133.2,86.6,88.0,79.8,97.5,75.3,90.1,133.8,159.0,99.0,96.5,108.5,86.7,93.9,130.1,61.3,140.1,93.4,71.1,76.8,72.0,82.0,109.4,170.8,95.2,105.4,114.7,174.0,178.7,114.9,102.1,93.2,105.3,111.3,147.6,94.7,196.2,107.6,99.3,102.5,100.7,126.3,127.9,144.3,100.1,95.1,110.7,98.8,113.4,161.4,147.2,87.2,102.2,103.1,108.5,124.8,157.7,99.1,99.4,94.1,94.7,101.0,129.3,152.9,103.9,109.9,95.4,92.1,93.0,99.1,133.2,163.9,106.8,95.7,94.9,96.5,139.9,107.7,141.2,98.0,91.2,99.3,94.2,99.0,101.5,172.5,99.7,96.2,98.0,106.8,141.9,189.7,127.7,92.7,89.2,89.6,112.5,95.4,118.6,162.4,98.3,83.4,82.3,83.1,89.9,104.3,163.1,94.7,98.4,86.4,92.1,100.3,105.1,138.0,171.1,111.4,81.5,92.8,114.2,164.0,95.1,83.8,86.1,92.2,75.1,120.6,160.7,90.1,92.5,67.9,82.1,90.3,91.0,114.6,164.5,100.3,81.8,74.5,104.0,90.1,133.0,158.8,101.2,102.7,87.1,86.9
ND,38,,,92.2,101.7,116.6,130.1,86.6,88.4,91.5,86.6,,99.1,125.2,,,60.4,117.5,64.7,44.3,47.6,56.4,64.5,80.4,131.5,71.7,51.3,78.1,49.6,59.7,57.3,93.3,128.9,68.6,55.4,57.9,63.4,66.0,125.3,83.7,110.1,68.5,48.1,51.8,57.3,61.1,70.1,57.1,45.6,68.6,47.0,63.5,115.9,56.9,38.7,37.6,41.4,62.3,45.3,90.9,127.9,67.2,48.7,56.3,69.3,7.8,155.2,113.8,63.1,52.2,46.8,41.3,42.4,50.9,90.0,53.1,41.8,48.8,52.3,67.5,161.9,69.5,49.6,53.2,54.4,87.8,132.7,196.6,48.4,101.5,79.3,100.6,90.2,76.6,9.1,132.1,66.3,75.2,50.1,50.8,64.1,79.0,72.0,164.3,70.8,48.7,47.3,48.0,160.6,105.2,109.4,69.8,99.2,148.0,146.6,92.9,98.8,95.7,97.3,79.2,120.7,142.0,157.6,104.4,111.2,107.2,107.4,129.4,164.9,181.4,97.6,96.3,98.1,107.1,134.2,172.7,96.5,103.1,95.2,59.1,72.2,84.6,101.3,65.9,61.3,55.1,52.3,44.2,103.3,57.6,37.4,25.0,34.7,43.2,44.2,36.6,48.5,53.3,33.9,101.8,35.5,38.8,108.0,124.7,153.5,178.7,94.2,75.4,34.5,51.2,55.3,15.3,24.2,18.3,24.6,24.0,31.5,38.5,29.0,23.8,33.1,37.1,37.5,40.1,53.2,70.6,42.5,40.6,40.8,41.2,50.5,44.4,42.9,25.4,30.1,33.1,30.7,34.7,59.6,67.7,48.5,54.0,57.4,61.2,80.6,106.9,74.5,87.9,70.5,74.2,71.6,76.9,94.7,105.2,69.3,61.7,94.2,73.3,74.8,107.0,49.9,80.6,75.0,48.7,54.0,49.5,56.6,78.2,115.5,73.9,80.8,81.2,125.7,116.7,83.6,78.6,83.4,85.3,91.6,110.0,73.0,125.4,85.2,73.6,79.3,79.4,115.7,99.5,102.7,83.1,79.2,81.7,86.7,83.0,116.9,101.5,65.4,74.8,77.7,99.7,99.0,119.1,79.5,81.7,81.7,82.4,82.8,98.1,119.0,82.3,87.6,79.1,78.9,76.7,80.9,96.7,103.5,77.7,72.5,75.6,75.6,81.4,79.9,100.8,47.3,59.2,75.8,79.1,85.1,81.2,108.5,77.7,75.1,76.7,81.4,106.6,119.6,84.1,73.7,70.4,73.9,78.4,81.9,101.1,133.4,90.2,74.4,68.7,73.3,73.2,81.8,114.0,70.1,85.0,85.5,73.2,78.1,79.3,98.4,111.6,82.1,65.4,63.1,77.6,131.1,70.0,57.2,58.6,62.5,62.5,77.5,115.9,71.5,64.0,44.7,53.0,59.5,59.0,76.2,122.5,71.6,54.5,52.2,76.0,59.1,87.1,101.2,71.1,77.3,63.9,62.6
OH,39,,,100.2,112.7,141.6,163.4,114.8,100.3,96.8,101.1,,113.2,155.6,,,87.3,135.0,84.5,61.6,62.7,72.4,83.2,116.4,159.6,92.8,69.2,117.1,68.1,71.7,78.6,114.4,158.0,97.7,72.6,80.4,90.0,87.7,168.8,125.0,129.5,97.3,67.8,70.0,75.2,87.9,100.0,83.7,69.6,83.1,74.8,102.4,162.4,82.0,59.9,51.8,59.2,80.8,71.7,117.4,154.4,93.8,78.3,89.6,101.7,13.4,189.8,161.9,98.5,74.2,67.4,58.3,60.8,76.9,116.1,81.0,65.4,54.1,73.8,90.5,190.2,107.0,70.0,75.1,62.7,99.6,162.2,216.1,69.6,159.4,134.9,158.9,194.9,144.8,13.3,163.4,102.4,102.8,90.1,72.2,94.0,114.9,102.3,179.7,99.2,70.6,68.4,67.1,191.0,118.6,117.5,120.3,102.2,188.3,196.1,125.6,138.7,107.7,110.6,115.8,122.1,164.8,204.8,130.3,111.9,115.1,116.2,132.9,181.3,243.6,109.0,104.0,109.9,116.5,154.1,188.4,128.5,154.0,103.7,61.5,73.9,95.9,96.9,97.3,100.7,73.9,65.5,65.3,120.2,73.7,52.6,54.0,55.1,34.6,42.5,42.7,51.4,59.2,45.2,117.7,42.9,44.6,123.0,136.1,166.4,231.3,137.7,103.3,43.9,68.6,78.5,20.6,35.7,24.0,30.0,30.4,33.2,48.1,34.1,46.8,46.6,51.8,50.0,51.6,69.8,87.8,52.3,58.0,57.8,55.2,67.9,57.5,61.1,36.7,41.3,39.5,44.5,45.9,77.8,75.5,57.4,73.4,76.6,79.8,106.2,139.1,92.6,85.1,85.1,90.4,88.8,103.5,139.0,150.2,112.8,91.0,117.2,101.9,100.1,135.9,61.5,133.0,103.8,67.9,69.7,66.6,72.3,94.1,143.3,94.6,104.0,118.3,166.8,184.9,118.7,104.1,104.6,110.2,118.6,154.4,95.6,185.5,115.1,99.9,105.7,99.9,131.4,128.1,160.4,110.6,96.7,116.8,100.1,113.8,163.1,136.4,85.2,101.3,101.4,110.9,130.0,149.1,101.3,95.7,93.1,91.4,98.2,125.9,138.1,95.2,109.0,90.6,86.6,89.1,97.3,123.0,140.4,97.6,83.7,90.5,92.2,137.6,99.0,129.1,86.8,92.1,97.0,95.7,100.3,100.5,154.8,91.1,89.5,91.6,97.3,128.3,169.2,112.7,87.7,89.3,91.5,107.7,95.6,119.7,160.2,107.2,83.0,84.5,81.8,87.1,100.4,166.7,85.2,108.0,82.7,91.3,94.6,96.5,131.0,158.4,112.5,76.0,84.2,102.9,152.5,94.0,74.6,76.8,81.2,78.9,109.7,158.1,85.8,92.5,62.1,73.1,82.7,82.0,106.5,150.0,97.1,70.1,77.5,96.6,83.8,124.2,157.8,102.0,85.4,80.1,80.9
OK,40,,,144.8,175.7,230.9,245.5,156.9,162.2,135.9,157.6,,173.8,251.1,,,134.5,190.5,126.6,93.4,97.0,121.7,145.6,171.5,228.9,151.3,119.0,171.2,110.2,113.4,130.5,174.4,253.6,165.7,91.8,86.3,129.8,163.6,261.7,197.8,240.5,162.9,107.5,111.8,118.7,139.3,131.8,150.8,114.9,127.1,118.3,151.1,274.1,156.1,105.0,91.6,96.4,153.4,118.2,217.0,269.6,162.3,129.4,134.2,143.8,21.2,228.5,223.8,147.2,121.9,110.6,103.8,109.1,127.6,231.3,147.9,109.4,112.3,111.6,116.5,313.4,79.8,99.6,90.2,100.6,189.5,270.7,365.0,104.9,246.2,197.2,217.5,256.2,231.2,38.9,298.3,163.9,138.6,110.8,108.3,110.4,150.2,147.4,314.2,169.8,112.3,105.2,97.7,301.5,182.9,183.2,179.1,194.6,305.6,297.2,172.7,200.3,173.2,179.4,155.6,193.6,254.8,286.5,171.5,178.5,181.7,196.7,225.4,303.1,356.6,177.9,184.9,76.2,179.2,257.7,309.3,180.6,213.7,172.1,105.9,119.2,147.0,199.3,133.1,146.2,121.0,105.4,89.7,185.7,116.9,75.6,52.6,71.1,95.5,98.0,71.9,84.1,108.4,64.0,188.3,58.0,70.7,187.2,211.8,276.4,316.5,185.8,143.5,72.4,95.4,104.3,39.5,57.4,41.9,62.0,61.2,70.2,94.2,61.7,67.6,73.2,81.5,64.1,89.1,107.7,149.9,92.1,87.4,83.5,93.2,89.8,90.9,73.1,49.0,54.8,58.5,63.0,63.6,123.1,147.4,112.5,111.2,123.1,140.8,154.7,255.9,164.6,181.6,149.3,158.3,141.2,159.9,208.8,256.9,170.9,129.6,182.9,147.2,146.0,226.4,95.9,177.0,154.9,112.3,129.0,116.7,127.4,179.9,263.7,137.9,153.7,167.1,278.2,279.7,181.4,157.2,152.1,156.1,166.3,194.0,136.0,297.3,176.1,146.2,146.4,139.5,202.5,176.5,230.0,158.5,129.8,167.5,145.4,169.3,283.4,247.5,148.6,150.1,147.5,157.9,170.5,231.5,155.6,139.8,135.5,136.5,140.4,173.4,222.4,152.0,157.2,133.6,130.2,131.0,141.6,177.7,243.3,152.3,129.2,129.0,131.8,205.8,148.5,194.1,146.9,135.2,141.4,138.9,140.3,142.0,272.1,139.8,144.9,152.2,148.0,185.5,286.3,180.9,130.6,130.4,130.5,164.2,135.4,169.4,251.7,152.9,124.0,124.0,123.6,130.8,142.2,238.2,135.2,154.1,138.8,135.1,141.4,142.5,196.7,300.9,188.3,124.4,135.2,156.0,257.6,149.8,122.1,123.2,126.9,122.0,158.6,231.6,139.4,139.8,91.6,109.0,132.2,128.4,165.4,251.5,153.8,122.2,121.6,148.5,129.8,176.8,246.2,152.7,128.7,129.3,125.7
OR,41,,,83.6,93.5,117.4,108.5,86.1,86.3,81.3,82.1,,92.9,124.4,,,31.2,80.2,49.0,24.5,24.3,27.9,30.6,35.8,80.6,56.3,27.7,38.6,25.8,28.2,28.8,40.2,88.6,60.0,29.6,30.5,33.0,32.3,82.1,39.4,70.6,55.5,27.1,27.0,28.7,31.8,36.4,52.4,23.7,31.3,23.5,29.9,74.7,48.5,19.7,17.3,18.2,43.3,24.0,61.9,71.7,51.8,24.3,28.1,31.3,8.2,50.2,69.3,49.0,23.9,21.8,20.2,20.6,24.9,65.9,47.1,22.1,22.1,21.5,25.6,84.4,53.0,22.6,21.4,21.7,54.3,77.9,103.5,22.7,73.4,38.6,42.2,48.2,52.4,9.3,77.5,54.9,29.3,25.7,22.0,24.8,34.4,27.9,78.9,52.4,22.9,20.7,20.6,125.0,97.8,91.2,89.0,97.1,144.6,119.4,92.7,103.5,91.7,91.0,73.0,101.9,124.5,122.0,90.5,93.3,92.4,94.9,110.6,136.0,143.3,87.9,87.3,91.5,98.5,127.0,128.0,94.7,104.2,73.1,33.3,34.9,49.2,72.9,60.1,45.4,38.8,34.8,32.2,93.9,58.5,39.4,23.8,24.1,31.7,34.0,20.9,24.3,38.7,27.8,94.1,20.2,22.5,94.6,101.9,118.8,127.3,88.6,48.8,22.7,30.8,53.1,23.6,19.6,15.3,17.8,18.5,21.9,33.5,30.6,22.0,22.8,23.6,22.0,23.5,29.0,51.5,37.9,24.1,25.5,25.1,47.9,25.6,39.7,28.9,19.6,21.2,21.4,21.6,33.1,56.6,26.8,26.8,28.3,29.7,37.5,66.5,50.0,51.5,33.4,51.6,30.7,34.2,44.9,74.0,56.2,33.5,59.9,34.4,33.6,70.4,37.8,39.9,55.7,29.0,31.2,28.4,30.5,41.3,78.7,37.3,37.9,41.2,90.0,93.6,64.8,41.2,40.1,41.3,43.0,53.0,36.1,97.3,67.3,40.5,40.6,39.0,78.4,46.9,81.0,66.7,39.0,40.7,41.6,41.2,84.4,73.8,53.1,37.6,36.9,44.3,47.3,81.9,62.6,38.8,37.0,36.8,38.1,45.8,78.3,62.1,44.3,38.2,35.4,35.3,37.9,46.9,87.1,63.4,37.1,36.5,36.1,57.4,39.6,48.2,57.6,55.4,39.1,39.0,38.5,38.4,86.4,36.1,36.3,35.5,38.0,45.3,77.7,57.9,34.7,34.4,34.8,64.1,37.9,44.0,78.1,56.1,34.6,33.3,31.2,34.3,34.5,74.4,39.0,57.2,55.3,35.9,37.8,38.8,45.8,79.7,62.3,32.4,32.9,36.2,65.7,47.0,29.4,28.7,30.4,28.5,36.5,80.6,34.2,53.7,24.8,28.5,32.1,30.1,36.3,85.7,56.5,28.4,27.8,38.2,31.3,45.5,80.6,59.8,38.2,33.2,31.9
PA,42,,,104.1,114.8,146.8,142.0,107.5,103.0,100.0,105.7,,113.1,155.3,,,82.3,122.7,74.2,62.1,62.8,74.0,81.7,96.5,141.1,85.9,68.9,107.4,67.1,72.2,75.9,106.4,145.4,88.6,69.7,79.0,84.4,78.3,143.6,115.0,120.7,89.9,66.2,71.0,75.0,87.5,91.3,71.3,71.0,75.8,70.5,98.3,146.7,80.7,61.7,56.1,62.4,81.3,70.0,108.9,146.8,88.1,72.9,84.4,93.6,11.8,157.8,135.0,86.2,75.1,63.4,61.4,63.4,77.2,113.6,77.3,66.0,60.3,69.0,84.8,130.7,81.6,59.8,84.3,38.1,40.0,115.4,188.2,63.2,117.2,104.7,123.3,159.6,118.6,13.7,133.6,86.2,93.7,82.7,67.0,91.9,91.1,85.1,152.4,88.8,65.0,63.8,62.1,173.2,116.5,120.1,122.5,111.6,185.3,185.1,128.5,138.9,114.7,116.7,95.1,127.5,161.9,182.7,118.5,120.4,116.4,126.3,135.7,180.7,213.8,109.3,107.8,111.5,121.6,144.4,187.7,121.0,138.3,99.4,64.6,72.4,95.5,87.2,72.0,84.5,55.5,48.1,47.8,121.8,58.2,36.6,29.1,27.9,34.0,32.0,34.1,43.7,38.1,30.1,116.4,32.2,33.4,121.6,132.5,157.9,200.2,121.4,96.4,33.5,46.8,53.8,13.1,22.3,20.8,24.8,23.8,28.9,34.1,23.9,31.8,28.6,31.9,34.3,34.0,42.6,55.0,29.4,37.4,44.5,43.2,44.8,36.9,38.4,25.4,28.2,30.1,31.9,32.6,55.6,53.6,43.5,50.7,57.3,60.1,76.8,87.2,59.8,67.3,66.7,60.1,64.7,72.2,89.0,93.2,63.8,49.4,75.1,70.1,65.1,88.3,40.9,81.2,63.1,49.0,53.0,46.7,55.6,66.5,91.6,65.4,81.3,86.6,123.8,121.0,84.8,82.5,86.1,88.1,92.8,117.9,70.3,134.9,81.1,81.7,85.5,85.8,106.9,109.1,122.6,89.4,84.7,78.6,89.8,82.3,111.2,93.4,60.2,77.7,77.4,99.3,99.3,129.7,83.8,89.2,88.0,88.9,90.4,113.2,115.5,81.6,95.5,82.9,84.1,84.4,93.6,114.1,125.7,87.7,82.9,88.3,87.5,115.4,94.1,115.6,69.2,75.6,79.8,87.3,91.5,90.0,129.4,85.8,86.6,87.0,92.5,114.1,134.0,94.7,86.9,88.6,90.3,90.4,95.6,114.1,128.9,88.8,83.8,86.5,87.2,91.1,100.9,148.9,87.1,94.6,89.2,71.7,97.4,94.9,109.0,127.9,87.9,79.5,80.5,98.5,135.5,83.9,75.1,79.9,82.6,81.7,105.7,138.1,87.6,80.0,60.8,76.4,82.8,80.4,102.6,135.4,85.4,75.7,71.1,93.2,84.5,118.3,130.6,87.4,78.9,77.3,79.4
RI,44,,,67.2,72.2,99.0,135.3,91.2,67.9,64.7,69.9,,72.6,110.6,,,43.8,73.0,51.0,48.5,30.3,37.5,43.8,50.3,88.9,55.5,40.0,57.1,34.2,39.0,39.8,55.4,85.8,60.1,39.6,42.8,42.0,42.4,88.4,47.9,76.4,56.1,36.3,38.7,39.2,49.8,51.9,45.5,36.4,51.9,33.5,44.0,80.4,50.4,33.1,27.8,30.5,39.7,35.7,56.2,82.8,57.7,35.3,43.8,54.1,3.2,89.1,84.0,55.3,44.7,24.3,29.0,30.6,37.0,61.6,45.3,34.5,34.3,34.4,41.9,78.1,59.3,35.2,43.4,44.4,7.5,59.2,116.9,33.3,79.8,62.4,76.4,90.3,75.8,4.9,91.0,63.4,52.1,46.6,34.9,50.3,49.2,47.4,43.4,59.6,37.1,31.9,32.2,154.1,73.0,73.1,78.8,75.7,133.2,158.0,115.2,115.7,85.0,84.3,85.6,89.5,115.6,152.0,96.7,73.8,77.8,83.8,98.7,134.4,179.0,69.8,70.6,77.0,76.4,113.7,198.0,125.7,114.3,64.7,42.0,44.3,65.4,59.1,48.9,50.6,33.8,33.8,27.9,82.0,38.4,30.3,25.2,20.0,23.5,21.7,25.0,28.6,34.9,18.9,73.5,18.3,21.5,80.3,84.0,108.9,143.8,98.3,63.4,19.9,31.3,38.5,10.7,10.8,15.2,15.5,15.1,19.7,17.5,18.2,19.6,18.3,18.5,22.5,22.7,24.7,37.0,21.3,18.6,24.6,23.6,25.1,19.8,28.8,17.0,18.5,19.6,19.0,17.5,28.0,34.8,23.6,30.2,32.1,34.5,43.3,58.7,41.7,34.8,39.0,38.2,39.0,41.4,56.7,69.3,49.3,41.2,44.8,42.5,38.4,52.6,27.6,60.2,50.5,27.0,31.6,26.6,29.4,36.8,62.7,48.1,49.1,50.6,71.9,86.0,63.1,54.2,55.7,56.4,57.2,75.0,44.7,96.0,59.0,57.7,59.1,54.4,66.0,68.3,78.0,60.3,53.6,50.6,55.1,51.4,72.2,71.7,46.4,48.8,50.2,61.7,68.8,83.8,58.9,57.3,57.1,55.9,58.7,73.5,75.7,54.9,59.5,54.7,51.4,54.5,58.8,69.5,81.5,59.6,52.3,54.5,55.2,87.4,60.3,73.3,48.1,57.8,57.1,54.3,55.2,51.2,85.0,51.7,49.6,50.5,55.5,61.8,77.9,59.1,50.9,50.9,52.9,63.7,53.9,63.5,76.6,58.1,52.1,52.0,53.1,54.8,60.1,93.3,53.6,60.7,54.2,49.9,56.6,55.3,68.0,77.0,54.1,53.1,53.4,65.5,94.8,60.6,49.2,47.7,46.5,44.7,56.7,87.2,54.8,53.0,33.8,42.7,44.3,44.0,54.2,83.4,54.7,46.2,39.3,61.9,42.3,74.8,87.5,63.0,64.8,54.3,50.7
SC,45,,,119.4,134.3,165.9,203.9,125.8,123.7,118.6,124.8,,140.7,174.1,,,103.2,168.8,97.8,75.9,75.7,87.9,102.8,134.9,188.8,112.5,88.9,142.1,80.6,85.3,95.5,143.6,193.2,115.5,92.0,96.0,102.0,113.4,200.4,161.9,175.2,116.7,83.2,84.9,90.5,109.0,118.1,100.4,87.2,93.3,85.4,130.7,201.2,112.9,82.9,73.6,79.9,109.4,93.1,160.0,208.2,126.9,106.1,122.8,140.7,21.0,281.8,212.0,119.8,102.7,94.5,73.2,81.1,102.3,153.3,100.1,84.4,92.3,94.6,109.8,216.0,122.6,89.9,98.0,87.4,136.2,204.6,278.3,94.1,176.2,172.0,200.7,247.2,192.0,19.9,237.4,134.2,133.1,111.2,97.8,122.9,138.3,132.1,237.5,124.9,93.6,87.5,83.5,232.0,143.9,139.1,145.9,146.5,245.5,249.5,142.0,167.8,130.1,138.9,124.5,139.3,201.5,233.2,140.7,134.2,138.3,153.0,184.7,239.4,298.6,129.8,127.3,132.3,119.9,218.2,220.1,142.8,167.7,124.4,82.7,94.6,139.0,166.8,129.4,126.6,103.7,91.2,82.7,153.4,95.4,67.9,48.8,57.6,60.5,70.0,65.7,82.7,95.3,55.0,136.2,61.1,62.7,143.4,148.3,217.9,263.6,146.3,117.3,64.7,79.9,82.1,21.4,48.1,41.5,50.4,49.9,63.3,68.9,38.4,61.6,55.5,67.8,68.0,59.8,90.4,105.3,65.1,74.7,75.1,71.7,88.1,72.9,77.4,44.1,55.0,55.5,46.4,53.1,103.8,95.2,91.0,94.3,99.8,108.7,144.3,184.4,113.3,116.8,113.9,115.9,105.6,131.6,178.4,232.6,153.4,134.9,145.9,117.2,124.7,169.6,70.5,175.5,115.5,89.7,97.5,94.7,105.7,140.8,211.9,129.1,137.5,162.9,239.1,257.0,162.2,162.4,154.1,144.7,150.1,202.9,132.5,271.5,147.3,141.5,144.2,137.8,189.4,163.9,201.7,134.1,127.5,155.7,134.1,157.5,220.5,204.6,121.3,140.1,145.8,145.3,160.8,201.0,122.7,127.7,124.1,125.9,130.3,162.5,198.3,125.2,150.4,121.1,119.3,121.5,133.1,165.3,216.6,136.2,124.5,128.0,131.0,189.5,145.6,174.1,144.4,125.5,130.7,141.0,131.9,132.2,212.9,113.7,112.7,115.2,124.7,162.3,218.4,133.0,110.7,105.1,106.0,131.2,113.6,142.2,190.3,110.1,94.5,97.1,94.7,104.5,119.9,184.2,106.2,110.7,100.9,112.8,120.0,129.7,168.4,219.6,134.6,90.9,101.7,125.3,192.7,105.0,93.1,93.4,97.8,81.6,130.6,183.5,101.0,101.6,74.7,89.6,99.5,101.7,133.1,189.2,108.7,82.2,84.0,114.2,101.1,150.6,212.2,145.3,125.1,95.9,93.3
SD,46,,,71.1,80.1,102.2,124.6,91.3,65.1,66.1,70.6,,79.7,106.1,,,61.3,128.4,75.8,56.2,46.9,48.6,63.3,85.7,145.3,85.7,51.0,81.5,48.7,51.4,52.4,93.5,160.0,58.9,52.7,60.5,66.6,71.5,151.0,90.7,133.8,90.0,47.6,49.3,53.0,59.4,67.5,74.5,41.6,63.2,57.1,85.0,167.2,77.8,42.6,37.7,42.7,71.2,46.8,110.3,165.1,87.7,50.5,59.1,80.7,10.5,170.0,134.0,80.1,47.9,47.4,44.5,45.8,60.1,138.2,80.9,47.2,45.2,49.3,65.3,182.0,98.8,43.9,45.3,46.5,82.3,130.8,223.5,43.8,131.7,77.1,101.7,57.2,123.4,11.0,185.6,83.1,92.6,30.1,46.5,64.5,86.2,71.4,193.6,94.8,48.7,44.5,43.6,149.1,84.5,81.0,72.7,78.1,127.1,146.0,100.2,87.7,74.8,76.9,83.7,85.2,107.0,135.9,100.2,79.3,69.7,86.1,101.5,130.2,162.1,68.7,69.2,71.5,83.1,106.8,144.2,81.2,109.5,68.8,42.4,44.2,65.4,73.7,65.7,52.4,49.8,50.1,39.1,80.5,57.8,49.0,37.3,35.4,43.5,39.2,31.9,43.6,52.8,39.0,85.8,30.3,33.1,87.6,92.0,115.4,150.4,99.1,50.1,33.0,50.7,54.8,10.4,22.2,16.7,20.5,20.8,28.4,40.3,29.4,24.0,25.5,29.8,30.7,32.4,44.9,64.7,44.0,32.6,35.2,35.0,50.1,36.8,51.0,32.2,27.9,28.4,27.6,29.0,50.9,69.0,40.3,41.1,45.5,49.6,70.3,110.1,68.2,65.2,53.0,72.3,56.5,63.6,86.1,109.5,80.7,67.5,75.7,57.4,58.9,95.0,50.7,85.0,85.3,38.2,43.4,40.7,45.7,68.3,109.7,58.9,70.0,70.9,124.8,127.9,102.3,70.5,70.5,75.2,79.1,102.0,58.8,175.8,103.3,71.7,69.2,66.5,102.7,100.2,138.6,109.4,73.1,68.0,77.2,70.4,115.1,109.5,74.8,64.2,65.4,88.7,104.2,163.9,110.8,75.1,76.9,73.3,80.7,107.6,143.3,109.6,87.9,74.9,74.0,72.7,87.6,108.5,154.7,113.7,76.3,72.8,75.5,112.6,84.9,112.3,82.8,87.6,75.1,73.3,73.5,81.0,170.5,109.3,103.9,101.0,106.6,130.1,196.3,133.6,84.1,74.3,68.2,120.3,71.8,93.1,156.3,105.0,62.2,58.4,60.0,63.3,77.4,147.6,79.4,107.4,70.4,77.5,84.4,96.3,136.9,236.5,181.3,51.9,61.9,80.6,168.8,93.0,55.9,56.2,59.0,57.5,80.9,145.5,58.3,84.8,45.3,52.2,55.9,56.7,77.3,147.8,94.0,53.5,51.2,67.7,56.5,89.0,137.6,99.5,88.2,59.4,56.6
TN,47,,,150.1,164.4,215.6,244.3,153.2,150.7,147.4,156.2,,183.3,243.2,,,113.3,184.6,127.1,96.9,97.5,106.5,127.1,155.9,215.3,138.0,99.8,153.6,95.7,99.4,112.1,160.3,238.2,140.0,102.3,111.5,107.4,134.9,217.2,168.9,200.3,132.0,95.5,101.2,107.7,130.8,139.4,121.5,93.6,103.8,104.7,142.7,253.2,131.9,84.0,75.5,81.1,124.3,93.9,184.8,256.6,157.2,130.7,140.6,141.7,27.6,296.6,259.1,131.8,103.7,90.8,81.3,90.9,115.6,199.2,124.9,90.1,92.3,102.3,117.9,275.6,144.9,94.3,101.7,94.7,154.9,239.0,324.8,97.6,224.7,187.0,212.7,248.7,177.1,21.7,203.9,171.5,160.0,143.7,104.2,150.0,164.7,136.5,310.9,156.5,97.7,91.8,87.4,278.4,176.4,179.7,164.8,189.0,295.8,319.9,194.8,213.1,163.1,173.1,145.0,182.2,247.2,286.5,172.7,163.4,175.5,181.1,220.2,289.5,364.9,163.9,155.0,161.5,196.4,246.3,263.4,182.8,197.6,152.0,99.2,112.1,144.5,177.4,121.1,121.5,102.9,93.7,88.5,175.2,99.9,68.2,52.0,59.0,62.3,70.3,65.4,78.3,87.4,59.3,178.3,56.8,54.4,181.0,208.1,269.1,310.9,185.7,134.8,59.5,79.7,83.4,22.0,50.1,40.3,50.8,49.6,61.6,72.4,44.6,61.5,59.0,68.1,66.3,64.6,87.2,94.9,60.2,68.2,73.9,71.2,78.9,75.1,61.1,40.3,45.3,51.0,52.8,58.4,101.2,110.5,93.3,95.0,106.2,117.7,145.0,187.6,113.2,127.8,119.8,118.9,116.9,135.5,174.6,228.0,149.0,106.4,140.9,120.8,126.6,182.2,73.9,153.0,119.9,92.4,101.8,94.9,107.9,134.6,221.8,114.6,135.2,149.7,232.8,242.9,151.3,137.4,138.5,144.0,152.0,195.0,116.8,255.8,145.0,128.7,137.6,130.7,180.4,166.4,221.2,144.1,118.1,137.2,130.2,144.2,216.8,197.6,117.5,121.4,124.2,143.5,160.8,201.1,131.7,123.7,122.1,123.4,130.8,164.6,204.2,134.9,143.8,118.4,117.2,119.9,130.1,163.5,212.3,138.3,117.7,122.5,125.1,181.1,136.3,185.1,138.4,124.0,124.2,127.4,126.8,128.2,279.5,109.7,111.8,110.9,120.7,156.6,240.7,142.1,104.2,102.5,105.3,170.4,115.4,143.6,225.3,120.9,97.4,96.7,98.6,111.1,115.5,213.3,119.7,125.3,108.3,116.8,122.0,130.5,158.4,219.6,140.3,95.8,111.7,131.9,205.4,114.8,97.7,101.1,106.5,105.9,144.2,221.0,107.5,115.9,77.0,98.6,108.1,110.0,146.9,210.3,128.9,94.5,96.8,121.3,109.5,154.8,227.9,153.8,114.4,98.7,101.5
TX,48,,,276.9,343.4,392.1,359.3,287.1,311.6,278.7,298.1,,339.0,418.3,,,144.2,234.2,150.8,121.2,107.9,126.3,150.1,177.8,267.0,183.6,128.1,171.1,116.4,123.8,142.6,187.2,294.2,189.1,136.1,141.2,149.7,169.9,274.4,195.0,252.6,176.1,117.6,118.8,127.5,158.1,153.2,167.7,120.8,133.3,130.4,156.3,273.9,180.3,109.4,95.8,103.3,176.7,125.6,239.1,293.4,192.5,152.0,171.5,177.7,29.1,202.2,248.7,193.7,126.9,130.2,105.7,118.2,136.2,226.6,162.0,119.8,123.5,127.3,124.8,297.4,164.3,121.2,116.6,120.3,217.5,307.0,385.9,121.5,288.2,233.3,259.9,297.8,249.4,47.1,313.6,206.3,171.4,148.2,133.2,152.7,144.5,160.0,316.3,199.1,128.6,116.7,108.5,411.0,352.2,311.7,326.1,358.6,498.1,410.3,295.1,391.2,331.2,329.8,249.7,364.9,433.0,394.6,299.9,350.6,335.6,358.3,430.8,502.4,465.9,330.0,309.5,271.4,359.7,441.8,427.2,305.9,337.8,291.5,174.4,188.2,234.5,250.0,202.6,209.7,175.6,153.9,142.3,358.2,172.4,107.5,74.8,102.1,128.8,100.0,83.6,95.2,106.1,72.6,321.8,74.0,82.8,321.1,389.9,474.0,435.4,303.0,246.9,83.6,101.7,112.0,49.6,70.1,50.6,61.6,60.6,70.7,87.4,62.0,79.3,76.1,85.9,80.8,91.4,110.7,139.0,92.4,88.2,88.1,91.3,112.9,91.4,83.5,59.4,67.7,71.0,71.2,76.5,117.1,148.2,115.3,114.8,130.3,137.5,164.9,204.2,152.8,171.7,145.0,146.9,145.4,162.9,202.6,244.4,154.1,128.9,195.9,153.7,153.9,234.5,98.9,179.2,154.6,107.5,118.8,119.7,127.3,167.3,255.3,150.3,165.2,179.8,285.1,280.6,189.3,165.8,164.7,169.1,181.1,216.3,148.4,310.2,179.4,149.5,153.7,150.3,207.6,183.1,217.6,153.2,138.9,175.1,144.1,179.2,274.5,230.6,152.0,160.1,159.9,157.7,181.1,236.3,158.2,146.6,143.4,143.5,152.7,181.8,236.1,164.8,156.5,145.0,137.0,139.8,156.6,191.7,237.3,165.8,146.4,137.2,146.7,186.4,165.7,199.4,145.0,137.4,143.0,142.7,149.0,150.8,270.9,146.4,141.8,143.3,150.2,181.5,290.0,190.9,145.4,134.3,135.5,182.1,145.9,169.8,279.3,181.5,132.8,138.5,133.0,134.6,148.3,257.0,146.2,171.9,157.2,141.1,148.6,158.4,197.3,275.6,193.1,121.6,150.4,165.6,271.4,172.7,135.1,128.6,138.4,137.5,170.8,253.6,145.7,153.7,103.4,112.9,139.8,146.6,173.8,266.8,172.7,130.5,125.4,165.9,137.5,202.3,284.4,189.0,167.6,141.8,137.0
UT,49,,,139.4,159.3,193.3,191.5,104.3,147.4,137.7,135.1,,160.4,201.1,,,58.0,136.2,53.1,49.3,45.7,53.0,68.8,75.1,137.9,60.1,54.8,72.2,49.3,53.5,59.6,77.5,157.3,59.6,60.1,62.3,62.6,64.7,127.7,76.8,120.0,52.5,49.7,48.3,53.0,63.1,62.9,52.3,43.8,49.1,48.5,58.3,145.4,49.4,40.5,35.2,38.4,84.4,46.4,119.3,164.1,62.6,52.1,56.6,66.6,12.6,102.3,145.2,58.2,46.1,48.5,39.6,44.2,50.3,124.2,43.5,43.1,45.3,47.9,51.0,152.9,55.3,45.0,46.7,45.2,90.4,152.7,218.0,46.5,86.7,85.3,88.4,109.6,106.1,25.7,160.8,69.4,60.8,56.3,47.9,59.9,73.0,58.9,167.1,56.8,48.4,44.8,39.9,217.4,170.1,152.2,161.0,177.0,253.1,225.2,107.1,188.9,165.9,159.2,87.6,179.7,215.8,222.2,118.4,164.7,151.8,174.1,192.2,241.0,243.4,110.3,143.5,145.4,154.4,211.4,223.2,110.0,114.2,128.7,70.3,84.0,94.9,139.7,79.4,78.9,63.2,53.5,52.9,173.4,79.7,67.1,28.4,44.3,66.1,62.6,42.9,52.5,80.2,34.1,158.1,41.6,42.0,158.6,183.7,231.8,225.3,116.6,105.0,41.7,56.4,99.1,25.1,33.7,28.7,32.3,33.9,39.7,72.4,29.5,40.2,42.1,45.7,44.0,45.2,59.7,110.1,44.6,49.1,50.6,49.6,82.7,47.4,66.6,28.0,37.8,39.2,39.8,42.9,59.9,66.6,54.3,56.6,58.6,65.4,81.7,152.6,59.3,102.2,69.6,109.5,68.6,79.7,95.1,158.0,62.9,81.0,110.7,69.7,70.7,129.1,42.9,92.6,58.6,60.6,62.4,57.2,67.1,84.8,183.2,68.8,68.4,78.2,146.5,162.8,71.8,75.2,74.3,76.0,78.9,97.9,66.5,184.3,70.9,71.5,72.5,69.8,118.4,84.7,146.1,64.4,68.5,76.7,70.1,78.0,148.0,137.2,49.8,69.1,69.7,77.8,88.8,147.5,66.9,70.9,68.9,68.8,72.9,85.4,146.5,68.4,82.5,68.8,65.2,63.4,74.0,81.4,131.2,67.4,70.3,65.0,67.1,106.2,73.2,82.5,100.6,65.8,74.5,71.6,72.4,70.5,160.7,66.9,65.4,64.3,70.9,84.3,159.1,67.7,68.5,63.1,63.6,70.9,69.1,79.3,153.1,64.8,69.1,61.0,60.0,63.6,66.4,146.5,67.1,60.0,88.3,62.4,67.3,71.9,82.0,147.3,67.4,55.4,65.0,69.1,140.7,59.6,59.3,54.6,56.6,55.9,70.4,140.1,62.6,55.3,46.2,49.9,56.5,54.9,67.2,138.2,59.5,55.7,50.8,72.4,57.4,85.1,141.5,58.2,75.2,62.6,63.0
VT,50,,,30.9,34.8,44.4,36.3,33.5,26.9,23.8,26.3,,29.1,46.7,,,17.5,31.1,22.7,17.1,13.2,14.3,16.1,20.2,28.9,19.2,14.9,23.5,13.7,13.6,14.7,20.8,28.9,18.6,13.4,14.3,15.1,15.8,31.9,20.7,22.3,19.2,14.9,13.7,15.8,19.3,21.7,15.4,12.2,16.1,14.1,19.5,23.5,15.0,10.7,9.5,10.1,14.9,11.9,20.8,27.0,17.4,14.2,16.0,16.3,3.7,23.0,23.2,17.0,13.5,10.7,12.4,13.4,14.5,21.1,15.7,12.7,12.2,13.4,15.7,26.8,17.6,12.8,12.2,12.3,11.7,25.2,37.9,11.3,23.9,21.6,25.6,33.0,28.4,4.0,28.2,23.4,21.9,18.7,11.2,19.4,22.9,15.8,23.9,16.1,12.2,11.1,11.5,45.0,30.4,31.4,33.8,30.6,65.9,53.1,42.9,45.5,37.0,34.3,29.3,47.7,58.0,57.1,38.9,36.8,33.1,34.9,37.6,51.5,53.4,28.2,27.1,30.7,26.0,27.3,47.1,35.3,44.1,24.7,19.3,23.5,30.2,29.5,26.0,25.1,18.8,17.0,14.6,41.6,17.8,13.0,10.6,10.2,11.6,13.5,9.1,11.6,11.4,7.9,34.1,8.7,8.4,32.5,38.6,51.6,51.0,38.5,28.0,7.6,9.4,11.7,3.0,5.6,4.7,6.0,5.6,6.8,7.6,5.5,6.6,7.8,7.5,7.9,8.9,10.6,12.1,8.2,7.9,9.2,9.0,9.3,8.3,8.5,5.4,6.2,6.8,6.7,6.1,11.2,11.4,8.8,10.5,11.3,12.5,15.4,18.5,12.4,15.8,14.4,12.5,15.2,16.9,22.6,22.6,16.6,13.8,18.1,16.2,16.6,20.4,9.0,22.9,17.1,10.0,11.0,10.5,11.4,15.3,18.4,17.3,19.2,19.9,27.9,26.7,17.6,18.0,18.2,18.8,20.4,25.7,15.0,27.5,20.2,19.3,19.0,20.6,25.6,23.1,25.4,20.8,19.6,18.7,19.8,19.0,25.6,22.9,14.4,17.9,16.6,23.6,23.7,30.5,20.4,20.3,19.7,17.9,20.7,27.1,25.8,19.3,22.1,19.6,16.6,19.2,21.1,24.1,26.9,21.0,19.8,19.3,18.9,29.1,21.3,26.5,18.1,19.7,20.1,19.8,21.3,20.7,29.2,20.6,18.6,20.5,23.7,27.5,29.0,24.5,21.9,20.1,21.0,26.9,21.5,24.6,29.0,21.0,19.0,19.6,19.4,23.4,24.3,36.1,20.4,22.8,20.0,18.4,20.7,21.1,25.8,27.7,19.9,17.5,19.1,22.3,29.2,19.1,16.2,16.3,17.2,17.5,22.0,29.2,20.2,19.2,12.3,13.8,15.0,15.6,22.9,26.0,19.4,15.3,16.1,22.8,16.4,27.9,33.8,23.4,23.0,18.9,18.6
VA,51,,,129.3,148.5,193.6,198.3,135.4,138.1,132.6,133.3,,146.4,193.6,,,92.3,141.2,84.5,74.4,70.0,81.8,94.4,113.0,162.8,104.0,84.7,121.1,77.6,81.4,89.3,122.9,164.2,99.2,85.5,88.8,97.0,95.0,168.0,141.8,146.9,105.3,76.5,78.5,83.9,98.3,104.3,89.7,80.6,96.0,77.5,117.4,173.9,103.2,76.8,65.9,71.9,95.4,86.9,132.1,170.0,110.4,90.4,101.9,118.0,17.0,166.7,166.6,112.1,94.9,77.2,69.9,71.7,88.1,131.6,93.7,78.5,79.7,78.4,88.2,169.6,103.0,71.8,91.2,46.9,103.3,152.6,227.5,81.7,146.1,141.2,163.5,200.8,152.8,18.7,168.6,109.5,106.7,94.2,81.4,101.7,108.1,104.4,187.2,107.2,77.8,74.6,73.8,226.2,145.1,142.7,151.4,143.0,229.4,222.4,143.5,173.7,138.8,143.6,133.3,159.1,190.7,230.9,147.3,141.7,144.1,151.9,175.6,220.2,255.9,136.0,138.9,138.9,138.3,207.3,233.5,149.9,163.3,125.8,82.8,91.5,120.8,119.0,86.8,99.3,85.3,75.3,70.4,150.9,84.0,56.8,45.3,52.1,60.3,49.9,54.2,64.3,72.3,47.7,161.3,57.2,45.3,148.0,161.7,195.6,234.5,145.7,117.5,45.4,64.0,70.9,24.9,36.7,31.7,36.9,37.6,46.2,49.7,35.2,47.2,42.0,51.8,53.9,49.7,65.1,73.3,45.7,50.8,53.7,55.4,66.3,44.3,55.6,36.9,41.9,44.3,44.3,46.6,72.1,68.2,55.8,60.8,67.9,71.1,94.5,111.2,72.0,71.6,73.9,80.6,70.9,81.0,111.4,122.9,76.3,67.7,86.0,77.4,77.3,106.5,49.4,101.3,77.2,62.8,65.0,60.5,71.5,88.4,123.2,81.2,93.2,100.6,148.8,156.0,102.2,89.3,89.1,93.9,104.5,134.7,79.7,171.3,100.5,85.3,94.9,93.4,117.1,118.7,138.4,100.7,89.0,94.6,95.8,95.4,131.4,124.0,75.6,87.5,88.0,104.8,118.3,149.4,95.1,92.5,90.0,92.1,96.8,123.2,144.8,95.7,107.1,86.4,87.4,85.8,99.9,124.2,150.9,98.5,86.3,89.1,92.7,134.7,100.2,123.1,91.7,89.3,89.8,88.9,96.1,95.2,161.3,88.9,87.6,89.4,96.7,121.2,154.9,110.7,94.8,96.9,99.7,104.1,105.5,127.9,163.2,102.9,93.6,92.3,95.2,99.8,110.8,154.1,87.8,103.2,91.0,83.8,95.6,96.1,126.3,155.2,105.9,91.5,91.2,110.2,159.2,98.5,86.1,85.8,91.3,82.0,113.6,155.8,101.0,94.0,67.0,82.5,92.1,90.7,115.2,159.9,101.2,83.0,76.7,110.9,92.2,139.3,162.3,108.7,107.0,89.2,86.0
WA,53,,,141.6,163.1,191.6,165.6,147.3,152.7,130.4,135.1,,153.5,190.9,,,39.3,100.6,64.0,33.8,32.4,37.0,42.0,48.4,105.0,75.2,37.8,46.3,33.9,36.5,40.5,49.7,111.9,76.4,38.6,39.7,43.7,43.9,102.1,49.8,89.6,67.8,34.1,33.4,37.3,42.6,45.3,66.0,29.8,43.8,31.9,38.4,105.8,70.8,26.5,21.8,24.8,56.5,32.1,82.1,96.8,66.8,32.1,35.5,42.5,10.5,60.5,90.2,68.0,29.9,30.7,26.9,28.8,33.5,89.1,62.7,29.6,29.6,28.7,31.9,106.0,65.7,29.0,27.6,29.6,74.1,108.7,135.1,29.5,95.7,50.9,57.6,64.8,64.6,15.4,103.8,71.4,41.1,36.7,29.3,36.5,44.3,36.0,103.6,63.5,29.1,26.2,26.8,186.4,170.8,153.8,168.6,178.6,255.6,199.7,166.5,189.9,177.8,167.0,125.4,185.3,211.4,193.2,168.3,166.6,154.3,168.2,192.0,224.5,219.5,150.1,136.2,145.2,166.5,209.0,195.9,161.9,168.3,95.0,45.5,47.7,61.1,98.8,84.2,59.8,45.9,41.1,36.7,158.1,67.7,41.9,26.3,29.7,44.3,41.3,22.2,25.7,41.1,30.6,139.3,22.6,24.7,139.7,150.2,169.3,162.7,125.5,68.1,25.0,32.4,53.4,23.0,20.9,16.6,19.5,19.8,22.5,35.0,31.0,22.9,24.5,25.2,24.7,25.7,31.9,55.9,40.0,27.2,27.9,26.9,49.0,27.1,42.4,29.2,21.9,22.4,23.0,23.6,33.8,63.0,30.0,30.5,32.2,33.4,39.6,69.7,52.1,57.2,36.6,52.8,34.6,37.2,48.5,74.6,56.5,32.1,65.0,37.5,35.7,74.5,40.9,40.9,55.8,30.7,33.8,30.3,34.5,44.3,86.3,38.2,42.1,45.6,95.4,100.1,71.6,45.5,46.9,48.2,52.0,61.6,37.6,117.6,77.8,50.2,49.4,47.1,93.3,54.7,94.2,78.7,46.5,43.0,49.5,42.7,86.1,78.1,57.2,40.7,39.6,55.3,57.9,96.3,78.5,48.3,47.2,47.1,48.4,56.2,94.8,75.3,53.8,47.7,45.3,45.1,48.5,56.2,102.5,80.4,46.7,47.5,47.2,69.2,51.0,59.3,68.8,67.9,49.3,49.1,49.1,48.6,106.7,47.6,44.5,44.6,49.3,55.5,102.4,75.7,45.3,43.8,43.4,80.8,48.4,53.6,96.0,73.2,43.5,42.0,40.8,43.4,42.9,92.1,48.1,74.0,73.3,46.8,47.9,49.2,56.7,98.8,79.3,42.2,41.7,44.7,88.7,66.8,39.0,37.3,39.8,37.8,46.2,101.2,43.6,67.8,32.0,35.6,39.7,41.1,47.1,108.0,69.2,37.3,34.2,48.5,39.1,56.2,97.4,74.0,49.4,44.6,41.1
WV,54,,,86.4,92.4,117.2,127.4,72.0,85.2,84.0,87.5,,94.1,133.5,,,71.1,106.3,62.9,51.8,51.1,60.3,68.1,89.6,118.2,70.3,58.9,93.5,58.2,60.7,66.5,94.2,121.2,72.3,58.8,65.6,69.9,71.1,121.3,102.7,103.3,71.8,55.5,58.0,62.3,73.0,79.1,66.0,58.2,68.7,58.7,83.4,122.5,64.6,51.1,43.6,50.8,68.7,56.9,98.6,123.0,70.8,59.0,65.5,72.0,9.2,145.8,121.8,71.6,65.1,54.8,49.9,53.4,69.7,101.7,66.4,55.9,43.9,61.0,74.8,147.0,76.8,53.9,70.6,35.6,66.2,126.0,187.5,53.0,110.9,98.0,113.2,143.1,82.9,10.5,109.4,78.4,74.8,62.1,61.5,72.8,80.3,83.6,146.3,75.6,56.9,54.1,56.2,149.0,99.5,99.7,106.4,99.3,146.0,151.0,84.2,105.4,90.0,93.5,80.1,106.7,129.2,141.4,84.4,91.4,93.7,99.1,103.7,146.1,181.2,95.5,93.5,97.0,105.1,114.2,146.7,91.2,101.4,83.9,63.1,67.0,92.2,86.6,60.1,67.7,60.9,53.4,50.5,95.7,54.1,39.5,23.4,33.2,32.4,26.2,28.7,36.4,42.5,28.9,94.0,31.4,30.2,99.2,108.4,125.5,170.0,92.6,81.4,30.6,46.9,48.7,13.6,25.4,22.2,29.2,27.9,33.6,38.9,26.8,31.7,34.1,37.4,37.0,37.0,50.0,54.8,33.2,40.2,42.0,42.0,47.6,43.0,38.8,24.9,27.9,28.7,28.9,34.1,54.8,55.9,45.7,51.0,56.3,60.2,78.5,94.1,60.0,68.9,64.8,59.0,60.5,77.1,100.6,105.4,71.2,58.2,81.9,73.2,76.4,99.5,40.1,90.0,67.3,52.0,51.5,49.6,56.4,70.9,104.1,71.9,78.3,88.0,124.3,121.9,81.8,77.2,74.5,80.5,83.3,115.2,68.5,130.3,76.1,71.9,75.4,74.2,95.8,96.0,114.0,79.1,68.7,80.2,70.4,83.4,121.8,101.9,63.7,72.7,73.2,80.4,91.3,102.6,66.1,65.6,63.8,63.3,69.9,90.2,98.9,68.1,81.0,63.6,62.5,62.9,71.6,90.2,103.4,65.8,62.0,65.5,66.2,106.0,72.0,96.4,68.3,66.9,70.1,66.7,69.1,70.0,116.4,68.2,66.0,68.3,76.7,100.5,132.0,81.6,70.0,70.5,70.9,74.8,74.8,94.3,119.9,71.4,67.1,64.5,68.0,70.8,84.5,132.3,67.3,74.4,70.8,66.9,67.8,73.3,90.8,105.8,71.8,68.7,67.7,80.9,110.1,72.9,59.3,60.8,65.0,62.2,83.0,113.0,74.6,66.3,46.1,58.0,64.4,64.8,88.4,107.1,70.3,59.1,59.4,83.9,66.4,104.4,119.0,79.4,75.4,65.1,64.9
WI,55,,,68.3,74.0,98.4,108.6,91.1,70.6,68.8,69.9,,74.6,109.0,,,49.1,78.0,54.5,34.9,36.9,41.8,47.8,63.3,101.4,59.2,40.3,65.1,37.3,40.6,41.5,67.4,101.0,56.7,41.9,44.1,48.6,52.0,99.1,70.2,77.9,64.2,38.4,39.1,42.8,47.9,53.1,51.0,35.5,41.0,39.2,53.2,101.9,52.4,31.4,30.1,34.5,54.2,38.0,78.8,97.6,59.8,42.8,43.7,61.7,9.7,117.7,99.5,62.8,39.1,39.8,32.0,33.0,41.7,73.9,52.7,35.0,38.8,40.8,52.8,96.3,70.4,40.0,40.0,40.9,65.5,101.0,142.6,39.6,103.3,62.8,74.7,103.6,76.2,11.9,119.7,64.0,61.9,57.2,38.8,41.1,69.4,57.2,130.1,63.1,38.2,37.3,38.1,134.5,86.9,78.0,78.9,69.6,119.2,139.0,95.5,74.4,72.2,73.2,86.6,81.0,113.8,146.6,99.8,77.3,73.3,79.4,92.8,132.5,171.1,71.3,66.9,71.8,86.0,113.3,153.9,58.9,108.4,67.5,39.6,46.0,68.5,90.2,68.1,55.8,48.9,40.6,36.3,80.3,57.2,37.4,25.7,34.1,30.0,24.9,23.8,32.0,36.7,24.7,78.7,23.4,24.4,82.7,85.4,120.0,158.9,100.4,57.4,25.0,41.5,49.7,13.7,21.8,14.8,18.3,19.1,24.0,34.1,27.4,25.6,25.6,29.3,27.8,29.3,40.3,54.3,40.1,29.3,31.1,29.5,40.8,35.2,38.9,25.5,21.8,24.2,23.1,26.3,47.0,43.7,34.5,37.9,40.5,42.1,58.0,79.9,45.5,50.8,46.5,58.9,49.4,57.0,74.0,86.2,67.2,53.2,70.6,56.7,52.4,82.3,43.7,72.7,65.3,35.2,38.6,37.0,41.9,59.6,85.9,54.9,61.7,67.6,107.1,107.1,76.7,62.1,60.6,62.5,64.9,86.0,54.4,126.7,72.6,59.9,61.3,59.6,82.1,80.9,92.7,74.0,58.1,63.2,64.3,64.3,102.9,84.0,58.7,58.6,57.4,68.9,79.4,94.2,71.5,58.3,58.5,58.8,61.2,75.6,91.7,71.4,70.9,55.9,55.2,56.1,60.9,75.8,89.8,70.5,55.1,54.6,55.2,86.1,61.3,75.4,60.0,65.3,61.8,59.9,61.0,63.1,87.4,54.2,54.9,56.0,59.4,74.2,94.7,70.4,54.7,53.3,55.0,70.7,60.0,74.4,94.3,69.8,54.8,53.6,54.0,58.6,73.1,97.7,55.5,76.7,72.8,54.2,56.1,59.1,72.7,88.6,67.8,49.3,50.4,60.8,111.4,56.8,43.7,43.4,46.2,46.4,61.9,85.8,52.9,53.1,36.4,40.8,46.5,47.9,61.1,87.7,64.4,43.4,42.4,58.8,47.1,75.0,91.5,73.4,60.0,47.8,49.3
WY,56,,,56.8,66.6,78.3,82.6,74.4,66.2,63.3,67.9,,67.9,95.9,,,47.1,80.7,57.7,33.9,35.4,39.8,49.5,53.7,83.0,60.5,38.1,52.9,35.9,38.7,39.6,53.9,77.6,32.6,36.8,41.3,42.8,45.4,89.6,54.6,68.9,67.7,37.8,36.7,43.9,47.4,48.7,48.4,29.7,33.7,29.8,36.2,59.6,50.6,25.8,21.0,25.9,45.8,34.7,65.7,82.0,51.0,32.2,35.7,45.1,8.2,60.7,69.1,54.6,32.0,30.7,27.8,29.1,31.5,57.2,40.6,27.2,28.9,34.1,30.8,73.4,57.1,30.2,27.8,33.8,62.9,84.8,112.6,31.0,77.9,52.7,53.2,68.3,65.7,13.1,90.4,64.3,40.5,32.2,32.6,36.4,46.3,39.1,88.7,55.7,29.7,28.4,28.5,102.7,78.6,73.5,72.1,79.1,110.6,101.4,78.4,88.4,78.0,83.5,74.2,88.7,106.0,105.2,81.2,78.1,73.9,83.4,90.1,113.3,126.6,53.0,60.9,78.9,78.6,89.9,97.1,78.2,78.0,65.4,36.5,40.2,54.6,75.9,68.8,52.2,43.5,43.7,29.8,73.4,51.6,44.2,29.6,30.5,42.5,41.5,29.8,35.2,48.5,36.5,76.0,28.0,29.7,81.2,89.6,106.4,114.8,84.3,58.9,30.4,39.1,50.6,17.3,18.8,14.4,20.2,14.5,23.1,35.7,28.4,23.1,25.2,28.9,30.8,28.6,36.3,62.2,39.6,30.5,30.6,32.7,49.5,33.7,45.1,29.7,24.3,25.5,27.4,26.8,42.6,60.4,34.8,35.6,41.8,43.7,58.1,90.8,64.3,61.1,48.1,69.9,49.4,54.5,66.9,96.3,65.7,51.3,70.8,48.5,47.7,85.0,47.6,65.5,76.8,34.5,39.2,37.8,40.7,52.4,92.9,51.6,52.4,59.3,109.2,113.1,87.2,56.7,56.0,60.9,61.9,72.1,48.8,115.2,89.6,57.7,51.4,57.0,89.7,68.3,107.0,86.7,54.6,56.2,56.1,57.3,94.4,79.4,61.9,50.3,51.2,64.8,79.2,116.1,88.4,56.6,57.9,61.8,61.4,74.8,108.3,91.8,59.8,57.1,56.0,60.5,63.8,80.2,112.6,91.9,60.2,52.5,56.1,76.9,63.9,74.5,76.0,78.6,64.8,61.6,62.4,63.2,115.5,55.7,53.9,59.5,55.8,70.0,106.2,88.1,51.0,47.9,49.6,93.8,55.3,63.9,97.5,81.1,47.0,44.9,44.5,49.1,51.6,92.2,58.4,75.3,61.0,54.9,55.9,66.1,69.8,116.3,93.3,40.6,50.0,52.4,89.9,66.7,43.8,44.0,45.1,46.9,56.3,89.2,46.8,65.8,35.6,40.9,49.6,46.2,57.5,89.2,70.3,42.0,39.5,51.2,46.4,64.3,95.6,75.2,61.8,36.1,42.5
