fid,hospital_pk
"0",ee04edd185865c38c839812cb2eb5ae5d3f8922e3b629ee98c7d9424a37826c4
"1",f70d7abf93c78280583ac18e896e6737cca8212b017513ffdcf3f4de52d49be4
"2","010108"
"3","010083"
"4","010100"
"5","010129"
"6","010069"
"7","010058"
"8","011305"
"9","010110"
"10","010150"
"11","010038"
"12","012011"
"13","010078"
"14","010175"
"15","010022"
"16","010173"
"17","011304"
"18","010091"
"19","010128"
"20","010174"
"21","010073"
"22","010049"
"23","010019"
"24","010157"
"25","010148"
"26","010007"
"27","010036"
"28","010008"
"29","010021"
"30","010118"
"31","010034"
"32","010097"
"33","010169"
"34","010099"
"35","010046"
"36","010040"
"37","010045"
"38","010158"
"39","011302"
"40","010062"
"41","010051"
"42","010095"
"43","012010"
"44","010001"
"45","010055"
"46","010061"
"47","010011"
"48","010056"
"49","012009"
"50","010103"
"51","010033"
"52","012008"
"53","013300"
"54","010104"
"55","010139"
"56","010114"
"57","010006"
"58","010059"
"59","010029"
"60","010079"
"61","012014"
"62","010039"
"63","010112"
"64","010044"
"65","010086"
"66","010005"
"67","010113"
"68","012006"
"69","010144"
"70","013301"
"71","010087"
"72","010090"
"73","010120"
"74","010023"
"75","010149"
"76","010024"
"77","010085"
"78","010126"
"79","011306"
"80","010168"
"81","010130"
"82","010016"
"83","010138"
"84","010164"
"85","010101"
"86","010052"
"87","010065"
"88","010092"
"89","012012"
"90","010089"
"91","011300"
"92","010102"
"93","010125"
"94","020017"
"95","022001"
"96","020001"
"97","021307"
"98","020012"
"99","020008"
"100","021313"
"101","020024"
"102","021311"
"103","021306"
"104","020006"
"105","021302"
"106","021301"
"107","021304"
"108","031315"
"109","030043"
"110","031302"
"111","031301"
"112","031312"
"113","031304"
"114","030023"
"115","031314"
"116","031318"
"117","030068"
"118","031317"
"119","030038"
"120","030036"
"121","030061"
"122","030087"
"123","030105"
"124","030110"
"125","030121"
"126","030138"
"127","032000"
"128","032001"
"129","030022"
"130","032006"
"131","030115"
"132","030030"
"133","030136"
"134","030092"
"135","030119"
"136","030122"
"137","030093"
"138","030139"
"139","030107"
"140","030024"
"141","030108"
"142","030131"
"143","030083"
"144","030112"
"145","030147"
"146","031300"
"147","032005"
"148","033302"
"149","030014"
"150","030089"
"151","030037"
"152","030094"
"153","030002"
"154","030065"
"155","030123"
"156","030088"
"157","030103"
"158","030055"
"159","030069"
"160","030117"
"161","030101"
"162","030062"
"163","031311"
"164","032004"
"165","030011"
"166","030064"
"167","030114"
"168","030006"
"169","030137"
"170","030111"
"171","030085"
"172","032002"
"173","030010"
"174","030130"
"175","030134"
"176","030016"
"177","031313"
"178","030007"
"179","030012"
"180","030013"
"181","040072"
"182","041314"
"183","040118"
"184","041323"
"185",04T027
"186","040027"
"187","041331"
"188","040010"
"189","040001"
"190","040017"
"191","041327"
"192","041329"
"193","041304"
"194","041321"
"195","041330"
"196","041312"
"197","040067"
"198","041324"
"199","040020"
"200","042013"
"201","040018"
"202","040156"
"203","041307"
"204","041317"
"205","041308"
"206","041326"
"207","040051"
"208","040029"
"209","040154"
"210","041303"
"211","041322"
"212","040026"
"213","040132"
"214","042004"
"215","040078"
"216","040039"
"217","040153"
"218","040076"
"219","041311"
"220","040119"
"221","041306"
"222","040071"
"223","040002"
"224","041309"
"225","041320"
"226","041318"
"227","041300"
"228","040069"
"229","041316"
"230","040050"
"231","040085"
"232","040015"
"233","040041"
"234","040137"
"235","040134"
"236","042010"
"237","040036"
"238","040147"
"239","042012"
"240","040007"
"241","040047"
"242",04L115
"243","040019"
"244","040084"
"245","041305"
"246","042006"
"247","042008"
"248","040062"
"249","040055"
"250","041310"
"251","040088"
"252","041313"
"253","042009"
"254",04L120
"255","040022"
"256","043301"
"257","040004"
"258","040152"
"259","040014"
"260","042011"
"261","041302"
"262","040011"
"263","050488"
"264","052034"
"265","050320"
"266","050043"
"267","050075"
"268","050211"
"269","050002"
"270","050283"
"271","050305"
"272","050512"
"273","050777"
"274","053301"
"275","050195"
"276","050014"
"277","050030"
"278","051311"
"279","050039"
"280","051332"
"281","050783"
"282","050689"
"283","050760"
"284","050276"
"285","050523"
"286","050072"
"287","050180"
"288","050496"
"289","050417"
"290","050254"
"291","050352"
"292","053300"
"293","050708"
"294","050192"
"295","050492"
"296","050710"
"297","050093"
"298","050732"
"299","050060"
"300","051306"
"301","050028"
"302","051309"
"303","051318"
"304","050006"
"305","050342"
"306","050045"
"307","051302"
"308","051324"
"309","050608"
"310","050295"
"311","051301"
"312","050724"
"313","050257"
"314","050455"
"315","050315"
"316","051314"
"317","051333"
"318","050036"
"319","050121"
"320","051329"
"321","051320"
"322","050112"
"323","050096"
"324","050471"
"325","050126"
"326","050231"
"327","050238"
"328","050239"
"329","050139"
"330","050146"
"331","050481"
"332","050290"
"333","050378"
"334","050597"
"335","050717"
"336","050723"
"337","050737"
"338","050742"
"339","050739"
"340","050761"
"341","050262"
"342","051307"
"343","052032"
"344","052046"
"345","052050"
"346","050063"
"347","050278"
"348","050351"
"349","050281"
"350","050078"
"351","050376"
"352","050382"
"353","050588"
"354","050641"
"355","050660"
"356","050677"
"357","052054"
"358","050058"
"359","050135"
"360","050137"
"361","050735"
"362","050158"
"363","053302"
"364","050169"
"365","050191"
"366","050373"
"367","050736"
"368","050353"
"369","050738"
"370","050411"
"371","050468"
"372","050091"
"373","050581"
"374","050625"
"375","050663"
"376","050704"
"377","050779"
"378","050776"
"379","050056"
"380","050116"
"381","050104"
"382","050124"
"383","050132"
"384","050138"
"385","050149"
"386","050393"
"387","050235"
"388","050350"
"389","050438"
"390","050485"
"391","050561"
"392","050624"
"393","050740"
"394","050696"
"395","050755"
"396","050763"
"397","050782"
"398","052031"
"399","052038"
"400","052045"
"401","050204"
"402","053309"
"403","050040"
"404","050568"
"405","052043"
"406","050131"
"407","050510"
"408","050360"
"409","051304"
"410","051310"
"411","051325"
"412","050301"
"413","050444"
"414","050528"
"415","051308"
"416","051330"
"417","051303"
"418","050334"
"419","051336"
"420","050145"
"421","050248"
"422","050013"
"423","050009"
"424","050150"
"425","051328"
"426","050230"
"427","050678"
"428","050747"
"429","050526"
"430","052035"
"431","050567"
"432","050780"
"433","050580"
"434","050426"
"435","050543"
"436","050745"
"437","050226"
"438","050069"
"439","050224"
"440","050570"
"441","050603"
"442","050609"
"443","050744"
"444","050746"
"445","053306"
"446","050769"
"447","052039"
"448","053308"
"449","053304"
"450","050551"
"451","050589"
"452","050168"
"453","050309"
"454","050772"
"455","050498"
"456","051300"
"457","051326"
"458","050022"
"459","050292"
"460","050534"
"461","050765"
"462","050102"
"463","050686"
"464","050243"
"465","052052"
"466","050684"
"467","050701"
"468","050775"
"469","050573"
"470","050054"
"471","050329"
"472","050770"
"473","050390"
"474","050423"
"475","050599"
"476","050017"
"477","050425"
"478","050108"
"479","050414"
"480","050674"
"481","053311"
"482","050516"
"483","050590"
"484","052033"
"485","051337"
"486","052049"
"487","050709"
"488","050140"
"489","050778"
"490","050099"
"491","051323"
"492","050129"
"493","050327"
"494","050245"
"495","050300"
"496","051312"
"497","050279"
"498","050517"
"499","050758"
"500","051335"
"501","050298"
"502","050089"
"503","050272"
"504","050586"
"505","052037"
"506","050234"
"507","050424"
"508","052044"
"509","053303"
"510","050026"
"511","050100"
"512","050128"
"513","050222"
"514","050025"
"515","050077"
"516","050324"
"517","050515"
"518","050757"
"519","050503"
"520","050636"
"521","052036"
"522","050024"
"523","050115"
"524","050228"
"525","050668"
"526","050047"
"527","050076"
"528","050454"
"529","050152"
"530","050407"
"531","050457"
"532","050055"
"533","050122"
"534","050118"
"535","050313"
"536","050336"
"537","050084"
"538","050167"
"539","050748"
"540","050016"
"541","050232"
"542","050506"
"543","050633"
"544","050197"
"545","050541"
"546","050070"
"547","050113"
"548","050289"
"549","050007"
"550","051331"
"551","050110"
"552","050107"
"553","050357"
"554","050396"
"555","050380"
"556","050038"
"557","050308"
"558","053305"
"559","050071"
"560","050604"
"561","050125"
"562","050441"
"563","050242"
"564","050714"
"565","050194"
"566","052047"
"567","050764"
"568","050697"
"569","051319"
"570","051316"
"571","050767"
"572","050101"
"573","050367"
"574","050073"
"575","050174"
"576","051321"
"577","052057"
"578","050136"
"579","050090"
"580","050291"
"581","050690"
"582","050557"
"583","050726"
"584","052055"
"585","050179"
"586","050067"
"587","050464"
"588","050766"
"589","050042"
"590","050784"
"591","050546"
"592","050057"
"593","050261"
"594","050335"
"595","050082"
"596","050394"
"597","050549"
"598","050616"
"599","050159"
"600","051334"
"601",718456ab442d5f84683cd24a06376fcd58d33961727e082bf99a4068a256eda7
"602","050236"
"603","050537"
"604","050127"
"605","050133"
"606","060132"
"607","060004"
"608","063301"
"609","060065"
"610","060024"
"611","060008"
"612","060034"
"613","060113"
"614","060100"
"615","061328"
"616","061311"
"617","060003"
"618","060116"
"619","060103"
"620","060027"
"621","060104"
"622","061322"
"623","061343"
"624","061308"
"625","060071"
"626","060107"
"627","060028"
"628","060064"
"629","060011"
"630","062012"
"631","060032"
"632","060014"
"633","060125"
"634","060112"
"635","060114"
"636","060096"
"637","060130"
"638","063303"
"639","060022"
"640","060031"
"641","061344"
"642","060075"
"643","061317"
"644","061318"
"645","061320"
"646","061316"
"647","060009"
"648","060129"
"649","060015"
"650","060124"
"651","061313"
"652","061319"
"653","060013"
"654","060117"
"655","060126"
"656","061312"
"657","062017"
"658","060030"
"659","060010"
"660","060119"
"661","061321"
"662","061306"
"663","060076"
"664","061302"
"665","060023"
"666","060054"
"667","061314"
"668","061327"
"669","060006"
"670","060044"
"671","061303"
"672","061336"
"673","061304"
"674","061305"
"675","061324"
"676","061323"
"677","060020"
"678","060012"
"679","061325"
"680","061307"
"681","061301"
"682","060049"
"683","061310"
"684","061326"
"685","060131"
"686","060128"
"687","060001"
"688","061309"
"689","061315"
"690","070006"
"691","070010"
"692","070018"
"693","070034"
"694","070028"
"695","070033"
"696","070002"
"697","070025"
"698","073300"
"699","070029"
"700","070035"
"701","070036"
"702","072004"
"703","070027"
"704","070004"
"705","070011"
"706","070020"
"707","070031"
"708","070038"
"709","070022"
"710","070017"
"711","070005"
"712","070007"
"713","070024"
"714","070012"
"715","070008"
"716","070021"
"717","070003"
"718","080004"
"719","083300"
"720","080001"
"721","080006"
"722","080009"
"723","080007"
"724",09005E
"725","092003"
"726","090011"
"727","092002"
"728","090001"
"729","090008"
"730","090003"
"731","090004"
"732","090005"
"733","093300"
"734","100113"
"735","100204"
"736","102022"
"737","100134"
"738","100026"
"739","102017"
"740","100242"
"741","100315"
"742","100092"
"743","100028"
"744","102027"
"745","100291"
"746","100316"
"747","100019"
"748","100177"
"749","100200"
"750","100228"
"751","100285"
"752","100281"
"753","100038"
"754","100039"
"755","100276"
"756","100073"
"757","100189"
"758","100289"
"759","100224"
"760","100086"
"761","100167"
"762","100230"
"763","102010"
"764","101304"
"765","100236"
"766","100047"
"767","100077"
"768","100023"
"769","100249"
"770","100321"
"771","102015"
"772","100226"
"773","100018"
"774","100286"
"775","102032"
"776","100156"
"777","100175"
"778","100117"
"779","102012"
"780","100001"
"781","100088"
"782","100040"
"783","100151"
"784","100179"
"785","100307"
"786","100025"
"787","102024"
"788","100231"
"789","100093"
"790","100118"
"791","101305"
"792","100298"
"793","100313"
"794","101300"
"795","101309"
"796","100264"
"797","100071"
"798","100109"
"799","100049"
"800","100259"
"801","100206"
"802","100271"
"803","100069"
"804","100128"
"805","100173"
"806","100132"
"807","102013"
"808","102009"
"809","100243"
"810","101307"
"811","100217"
"812","100105"
"813","100142"
"814","100051"
"815","100084"
"816","100057"
"817","100107"
"818","100012"
"819","100220"
"820","102029"
"821","100254"
"822","102020"
"823","100135"
"824","101311"
"825","100035"
"826","100213"
"827","100299"
"828","100062"
"829","102019"
"830","100212"
"831","100044"
"832","100131"
"833","100181"
"834","100209"
"835","100314"
"836","100050"
"837","100034"
"838","100029"
"839","100183"
"840","102031"
"841","100022"
"842","103301"
"843","100053"
"844","100277"
"845","100296"
"846","100125"
"847","100187"
"848","102001"
"849","100008"
"850","100154"
"851","100079"
"852","100284"
"853","100150"
"854","101313"
"855","101312"
"856","100140"
"857","100054"
"858","100223"
"859","100122"
"860","100252"
"861","100007"
"862","102003"
"863","103304"
"864","100006"
"865","100030"
"866","100302"
"867","100320"
"868","100110"
"869","100176"
"870","100268"
"871","100080"
"872","100269"
"873","100288"
"874","102025"
"875","100130"
"876","100258"
"877","102023"
"878","100002"
"879","100275"
"880","100253"
"881","100287"
"882","100168"
"883","100319"
"884","102026"
"885","100256"
"886","100211"
"887","100046"
"888","100063"
"889","100238"
"890","100248"
"891","103300"
"892","100032"
"893","100055"
"894","100043"
"895","100127"
"896","100180"
"897","102021"
"898","100067"
"899","100126"
"900","100265"
"901","100121"
"902","100137"
"903","100157"
"904","100052"
"905","100099"
"906","100232"
"907","100090"
"908","100260"
"909","100246"
"910","100266"
"911","100048"
"912","100124"
"913","100087"
"914","100070"
"915","100166"
"916","102018"
"917","100267"
"918","100161"
"919","100329"
"920","102028"
"921",10T290
"922","100290"
"923","100106"
"924","101303"
"925","100072"
"926","100068"
"927","102030"
"928","100017"
"929","100014"
"930","100045"
"931","100330"
"932","100292"
"933","100081"
"934","101308"
"935","110071"
"936","111327"
"937","110150"
"938","110045"
"939","110030"
"940","110073"
"941","110234"
"942","110164"
"943","110107"
"944","110201"
"945","111302"
"946","111332"
"947","110075"
"948","110113"
"949","111319"
"950","110146"
"951","111334"
"952","110015"
"953","110011"
"954","110236"
"955","110036"
"956","110043"
"957","110024"
"958","112018"
"959","110230"
"960","110008"
"961","112017"
"962","110074"
"963","110006"
"964","110165"
"965","111308"
"966","110035"
"967","110143"
"968","112007"
"969","110089"
"970","110105"
"971","110101"
"972","110233"
"973","110229"
"974","110104"
"975","110132"
"976","112006"
"977","110226"
"978","113300"
"979","110076"
"980","110010"
"981","110092"
"982","110007"
"983","110184"
"984","111314"
"985","111306"
"986","110109"
"987","110142"
"988","110189"
"989","110215"
"990","110168"
"991","110054"
"992","110005"
"993","110027"
"994","110083"
"995","110161"
"996","110079"
"997","110115"
"998","113301"
"999","110082"
"1000","110198"
"1001","110078"
"1002","110025"
"1003","110023"
"1004","110121"
"1005","111329"
"1006","110087"
"1007","110192"
"1008","110029"
"1009","111320"
"1010","110191"
"1011","110153"
"1012","110069"
"1013","110130"
"1014","111303"
"1015","111333"
"1016","110100"
"1017","111311"
"1018","111326"
"1019","110125"
"1020","111335"
"1021","110122"
"1022","110237"
"1023","110111"
"1024","110190"
"1025","111316"
"1026","111305"
"1027","111331"
"1028","111318"
"1029","111304"
"1030","110050"
"1031","110129"
"1032","110200"
"1033","110064"
"1034","110018"
"1035","110042"
"1036","111310"
"1037","110225"
"1038","111330"
"1039","110135"
"1040","111313"
"1041","111336"
"1042","110028"
"1043","110034"
"1044","110177"
"1045",11L006
"1046","110091"
"1047","111312"
"1048","110194"
"1049","110031"
"1050","110032"
"1051","110044"
"1052","111323"
"1053","110095"
"1054","110128"
"1055","111324"
"1056","110016"
"1057","110051"
"1058","110002"
"1059","110046"
"1060","110003"
"1061","110086"
"1062","110124"
"1063","110001"
"1064","111325"
"1065","111328"
"1066","120005"
"1067","121307"
"1068","120019"
"1069","120001"
"1070","120026"
"1071","123301"
"1072","120004"
"1073","122001"
"1074","120011"
"1075","120022"
"1076","120006"
"1077","120007"
"1078","121304"
"1079","123300"
"1080","120014"
"1081","121306"
"1082","120002"
"1083","121308"
"1084","130071"
"1085","130006"
"1086","130007"
"1087","130028"
"1088","131316"
"1089","131317"
"1090","131325"
"1091","131328"
"1092","130074"
"1093","130018"
"1094","131301"
"1095","131324"
"1096","130013"
"1097","130014"
"1098","131309"
"1099","131326"
"1100","131320"
"1101","131311"
"1102","131322"
"1103","131318"
"1104","131302"
"1105","131321"
"1106","131315"
"1107","131310"
"1108","130049"
"1109","132001"
"1110","131327"
"1111","131305"
"1112","130025"
"1113","131319"
"1114","130003"
"1115","131303"
"1116","131304"
"1117","131314"
"1118","131313"
"1119","130002"
"1120","131308"
"1121","131312"
"1122","131307"
"1123","140137"
"1124","141337"
"1125","140143"
"1126","140113"
"1127","140091"
"1128","141341"
"1129","141339"
"1130","141351"
"1131","140145"
"1132","140189"
"1133","140095"
"1134","140115"
"1135","140117"
"1136","140206"
"1137","140150"
"1138","140158"
"1139","142011"
"1140","140177"
"1141","142010"
"1142","140062"
"1143","140083"
"1144","140048"
"1145","140182"
"1146","140258"
"1147","142008"
"1148","140049"
"1149","142009"
"1150","143300"
"1151","140054"
"1152","140290"
"1153","140068"
"1154","140179"
"1155","140119"
"1156","140133"
"1157","140180"
"1158","140181"
"1159","140208"
"1160","140172"
"1161","140223"
"1162","140224"
"1163","140197"
"1164","140300"
"1165","140251"
"1166","140088"
"1167","140080"
"1168","140063"
"1169","140103"
"1170","140114"
"1171","140124"
"1172","140250"
"1173","140065"
"1174","140252"
"1175","140276"
"1176","140082"
"1177","143302"
"1178","140191"
"1179","140281"
"1180","140008"
"1181","140010"
"1182","141343"
"1183","140286"
"1184","142006"
"1185","141303"
"1186","140288"
"1187","140200"
"1188","140242"
"1189","140231"
"1190","140292"
"1191","140122"
"1192","141320"
"1193","140032"
"1194","141317"
"1195","141321"
"1196","140001"
"1197","141300"
"1198","140101"
"1199","141326"
"1200","141305"
"1201","141319"
"1202","141325"
"1203","140167"
"1204","141334"
"1205","140164"
"1206","140046"
"1207","140294"
"1208","140059"
"1209","141302"
"1210","140211"
"1211","140029"
"1212","140030"
"1213","140174"
"1214","140217"
"1215","140155"
"1216","140186"
"1217","140040"
"1218","140064"
"1219","140084"
"1220","140100"
"1221","140202"
"1222","140130"
"1223","140291"
"1224","140033"
"1225","140110"
"1226","141310"
"1227","140234"
"1228","141344"
"1229","140012"
"1230","140161"
"1231","141322"
"1232","140089"
"1233","140116"
"1234","141335"
"1235","140162"
"1236","140127"
"1237","140135"
"1238","140166"
"1239","141347"
"1240","141306"
"1241","140002"
"1242","140125"
"1243","141336"
"1244","140289"
"1245","141345"
"1246","140034"
"1247","141313"
"1248","141323"
"1249","141304"
"1250","141332"
"1251","141350"
"1252","140058"
"1253","141312"
"1254","140209"
"1255","140013"
"1256","140067"
"1257","142013"
"1258","141307"
"1259","141331"
"1260","141301"
"1261","141315"
"1262","141348"
"1263","141338"
"1264","141349"
"1265","140147"
"1266","140275"
"1267","140280"
"1268","140187"
"1269","140185"
"1270","140077"
"1271","141324"
"1272","140148"
"1273","140053"
"1274","141333"
"1275","140019"
"1276","140160"
"1277","140120"
"1278","141330"
"1279","141342"
"1280","140093"
"1281","141316"
"1282","141327"
"1283","141318"
"1284","141308"
"1285","141311"
"1286","140043"
"1287","141329"
"1288","140007"
"1289","140213"
"1290","140304"
"1291","140011"
"1292","140184"
"1293","140228"
"1294","140239"
"1295","140233"
"1296","141309"
"1297","151330"
"1298","150168"
"1299","150021"
"1300","150150"
"1301","150017"
"1302","150047"
"1303","150112"
"1304","151302"
"1305","150104"
"1306","150072"
"1307","150009"
"1308","151309"
"1309","151316"
"1310","150061"
"1311","150086"
"1312","151332"
"1313","150089"
"1314","150115"
"1315","150026"
"1316","150018"
"1317","150044"
"1318","151313"
"1319","151319"
"1320","150011"
"1321","151317"
"1322","150059"
"1323","150157"
"1324","150161"
"1325","150181"
"1326","150153"
"1327","150037"
"1328","151331"
"1329","150005"
"1330","150158"
"1331","150030"
"1332","150010"
"1333","150007"
"1334","150091"
"1335","150065"
"1336","151324"
"1337","151320"
"1338","151303"
"1339","150001"
"1340","150042"
"1341","150133"
"1342","151323"
"1343","152012"
"1344","152024"
"1345","150165"
"1346","150004"
"1347","150034"
"1348","150008"
"1349","150126"
"1350","150002"
"1351","152028"
"1352","150090"
"1353","150125"
"1354","150166"
"1355","150015"
"1356","150006"
"1357","151328"
"1358","151335"
"1359","151308"
"1360","150088"
"1361","150113"
"1362","150024"
"1363","150160"
"1364","152007"
"1365","150169"
"1366","152013"
"1367","150128"
"1368","150056"
"1369","150084"
"1370","150162"
"1371","152020"
"1372","150074"
"1373","150076"
"1374","151300"
"1375","151318"
"1376","150183"
"1377","150051"
"1378","150022"
"1379","150057"
"1380","150146"
"1381","151306"
"1382","150035"
"1383","151305"
"1384","151333"
"1385","151301"
"1386","151329"
"1387","151304"
"1388","150058"
"1389","150012"
"1390","151334"
"1391","150097"
"1392","150102"
"1393","151315"
"1394","151327"
"1395","150109"
"1396","150173"
"1397","151311"
"1398","150082"
"1399","150100"
"1400","152014"
"1401","151326"
"1402","150023"
"1403","150046"
"1404","151310"
"1405","151307"
"1406","151325"
"1407","150149"
"1408","151314"
"1409","150048"
"1410","150075"
"1411","151312"
"1412","161310"
"1413","161304"
"1414","161318"
"1415","161377"
"1416","161330"
"1417","161349"
"1418","160110"
"1419","160067"
"1420","160040"
"1421","161372"
"1422","161320"
"1423","161339"
"1424","161335"
"1425","161375"
"1426","161350"
"1427","160005"
"1428","161332"
"1429","161376"
"1430","160064"
"1431","161362"
"1432","161331"
"1433","161348"
"1434","160112"
"1435","161312"
"1436","161319"
"1437","161313"
"1438","160080"
"1439","161369"
"1440","161322"
"1441","161327"
"1442","161340"
"1443","161343"
"1444","160057"
"1445","160124"
"1446","161378"
"1447","160069"
"1448","160117"
"1449","161351"
"1450","161316"
"1451","161338"
"1452","161347"
"1453","161308"
"1454","161324"
"1455","161325"
"1456","161303"
"1457","161314"
"1458","161361"
"1459","161307"
"1460","161380"
"1461","161309"
"1462","161356"
"1463","161328"
"1464","161334"
"1465","161354"
"1466","161317"
"1467","161329"
"1468","160032"
"1469","161364"
"1470","160058"
"1471","160029"
"1472","161306"
"1473","161315"
"1474","161353"
"1475","160122"
"1476","160008"
"1477","160079"
"1478","160045"
"1479","161341"
"1480","161321"
"1481","161326"
"1482","161379"
"1483","161355"
"1484","161367"
"1485","160001"
"1486","161323"
"1487","161359"
"1488","161342"
"1489","161363"
"1490","160013"
"1491","161381"
"1492","161300"
"1493","161345"
"1494","161366"
"1495","161352"
"1496","161357"
"1497","161368"
"1498","161305"
"1499","160101"
"1500","162003"
"1501","160082"
"1502","160083"
"1503","160028"
"1504","160047"
"1505","160147"
"1506","161373"
"1507","161370"
"1508","160104"
"1509","162001"
"1510","160033"
"1511","161374"
"1512","161346"
"1513","161311"
"1514","161360"
"1515","161336"
"1516","160030"
"1517","161333"
"1518","161365"
"1519","161337"
"1520","160089"
"1521","161344"
"1522","161358"
"1523","160016"
"1524","161371"
"1525","160153"
"1526","160146"
"1527","161302"
"1528","161301"
"1529","171373"
"1530","171316"
"1531","171382"
"1532","171334"
"1533","171331"
"1534","170191"
"1535","171333"
"1536","171301"
"1537","171341"
"1538","170017"
"1539","170197"
"1540","171318"
"1541","170203"
"1542","171308"
"1543","171310"
"1544","171304"
"1545","171368"
"1546","171371"
"1547","171349"
"1548","171385"
"1549","171312"
"1550","170150"
"1551","171383"
"1552","170006"
"1553","171376"
"1554","171352"
"1555","171340"
"1556","171381"
"1557","170137"
"1558","171317"
"1559","170013"
"1560","171327"
"1561","170023"
"1562","170014"
"1563","170074"
"1564","171367"
"1565","171325"
"1566","170110"
"1567","171359"
"1568","171339"
"1569","171322"
"1570","171346"
"1571","170103"
"1572","171324"
"1573","171369"
"1574","171319"
"1575","171314"
"1576","171309"
"1577","170104"
"1578","173300"
"1579","170185"
"1580","170182"
"1581","170049"
"1582","170176"
"1583","171313"
"1584","171332"
"1585","170120"
"1586","171303"
"1587","170009"
"1588","171360"
"1589","171326"
"1590","171384"
"1591","170075"
"1592","170105"
"1593","171358"
"1594","171356"
"1595","171357"
"1596","171363"
"1597","171321"
"1598","170109"
"1599","171375"
"1600","170145"
"1601","171379"
"1602","171315"
"1603","171380"
"1604","171300"
"1605","171336"
"1606","171348"
"1607","171364"
"1608","171328"
"1609","171345"
"1610","171353"
"1611","171354"
"1612","171337"
"1613","170027"
"1614","171307"
"1615","170020"
"1616","171361"
"1617","171330"
"1618","170142"
"1619","171311"
"1620","171342"
"1621","171350"
"1622","170187"
"1623","170012"
"1624","171372"
"1625","170122"
"1626","170202"
"1627","170204"
"1628","170123"
"1629","170200"
"1630","170068"
"1631","170016"
"1632","170086"
"1633","171347"
"1634","171370"
"1635","171377"
"1636","171323"
"1637","171335"
"1638","171329"
"1639","171362"
"1640","171355"
"1641","171365"
"1642","171351"
"1643","171306"
"1644","171374"
"1645","170146"
"1646","170040"
"1647","180149"
"1648","181324"
"1649","180017"
"1650","180020"
"1651","180154"
"1652","180045"
"1653","180046"
"1654","180009"
"1655","180048"
"1656","180139"
"1657","181319"
"1658","181322"
"1659","180027"
"1660","180001"
"1661","181310"
"1662","181309"
"1663","180051"
"1664","180092"
"1665","180043"
"1666","180106"
"1667","180095"
"1668","181317"
"1669","180038"
"1670","181301"
"1671","180103"
"1672","180067"
"1673","180143"
"1674","180010"
"1675","181332"
"1676","181305"
"1677","180127"
"1678","181311"
"1679","180116"
"1680","180070"
"1681","181325"
"1682","180012"
"1683","180050"
"1684","180079"
"1685","181314"
"1686","180056"
"1687","180093"
"1688","182009"
"1689","180088"
"1690","180040"
"1691","182001"
"1692","180141"
"1693","180130"
"1694","180078"
"1695","180035"
"1696","180080"
"1697","181328"
"1698","182006"
"1699","180011"
"1700","180128"
"1701","181316"
"1702","180002"
"1703","181315"
"1704","181320"
"1705","180066"
"1706","180104"
"1707","182008"
"1708","180102"
"1709","181329"
"1710","180049"
"1711","180024"
"1712","181327"
"1713","180019"
"1714","181302"
"1715","180105"
"1716","180064"
"1717","181307"
"1718","180004"
"1719","180025"
"1720","181323"
"1721","180138"
"1722","180029"
"1723","180069"
"1724","180044"
"1725","180132"
"1726","180115"
"1727","180018"
"1728","181330"
"1729","180101"
"1730","180016"
"1731","181318"
"1732","180087"
"1733","181304"
"1734","181306"
"1735","180124"
"1736","180013"
"1737","181321"
"1738","181308"
"1739","191319"
"1740","190044"
"1741","190106"
"1742","190133"
"1743",764e4176df9f3b110d69f34074f855a151462207109d55c7115326ac3ad0dc5a
"1744","191308"
"1745","191303"
"1746","190099"
"1747","190050"
"1748","191320"
"1749","192006"
"1750","193301"
"1751","190041"
"1752","190278"
"1753","190317"
"1754","192010"
"1755","192011"
"1756","190098"
"1757","191304"
"1758","190111"
"1759","190315"
"1760","190060"
"1761","190013"
"1762","191307"
"1763","190027"
"1764","190201"
"1765","192013"
"1766","190190"
"1767","190307"
"1768","190114"
"1769","192028"
"1770","190118"
"1771","190202"
"1772","192004"
"1773","192041"
"1774","190064"
"1775","190316"
"1776","190251"
"1777","190020"
"1778","190065"
"1779","190128"
"1780","190266"
"1781","190208"
"1782","190167"
"1783","190025"
"1784","190140"
"1785","190054"
"1786","191317"
"1787","190146"
"1788","192015"
"1789","192007"
"1790","190036"
"1791","190302"
"1792","190039"
"1793","190274"
"1794","190053"
"1795","192032"
"1796","192029"
"1797","190006"
"1798","190259"
"1799","190002"
"1800","190102"
"1801","190255"
"1802","190004"
"1803","191324"
"1804","191325"
"1805","191315"
"1806","192022"
"1807","190086"
"1808","192008"
"1809","191314"
"1810","190116"
"1811","192035"
"1812","190007"
"1813","190046"
"1814","190300"
"1815","190313"
"1816","192030"
"1817","192009"
"1818","190005"
"1819","193300"
"1820","190176"
"1821","190125"
"1822","190160"
"1823","192016"
"1824","192031"
"1825","190245"
"1826","192055"
"1827","190011"
"1828","191316"
"1829","192043"
"1830","190019"
"1831","190298"
"1832","192012"
"1833","190026"
"1834","191312"
"1835","190151"
"1836","191323"
"1837","190218"
"1838","190308"
"1839","190079"
"1840","191300"
"1841","191305"
"1842","190017"
"1843","192034"
"1844","190318"
"1845","191302"
"1846","190014"
"1847","191310"
"1848","190256"
"1849","192048"
"1850","190267"
"1851","190270"
"1852","192023"
"1853","190040"
"1854","190045"
"1855","190204"
"1856","192036"
"1857","190015"
"1858","191321"
"1859","190303"
"1860","191309"
"1861","190314"
"1862","190183"
"1863","190241"
"1864","190008"
"1865","192037"
"1866","191326"
"1867","191301"
"1868","190034"
"1869","191322"
"1870","190164"
"1871","190312"
"1872","191313"
"1873","190088"
"1874","190144"
"1875","190081"
"1876","191306"
"1877","190090"
"1878","200024"
"1879","200034"
"1880","201308"
"1881","200031"
"1882","200018"
"1883","200052"
"1884","200021"
"1885","200009"
"1886","201310"
"1887","200008"
"1888","200037"
"1889","201304"
"1890","200050"
"1891","201300"
"1892","200041"
"1893","200039"
"1894","200063"
"1895","201302"
"1896","201306"
"1897","201315"
"1898","200033"
"1899","200001"
"1900","201303"
"1901","201307"
"1902","201301"
"1903","201309"
"1904","201314"
"1905","201313"
"1906","201312"
"1907","201305"
"1908","201311"
"1909","200020"
"1910","200019"
"1911","210027"
"1912","210043"
"1913","210023"
"1914","210015"
"1915","210063"
"1916","210040"
"1917","210039"
"1918","210033"
"1919","210032"
"1920","210035"
"1921","210005"
"1922","210017"
"1923","210049"
"1924","210006"
"1925","210048"
"1926","210030"
"1927","210022"
"1928","210004"
"1929","210018"
"1930","210057"
"1931","210065"
"1932","210062"
"1933","210016"
"1934","210051"
"1935","210060"
"1936","210003"
"1937","210028"
"1938","210037"
"1939","210001"
"1940","210019"
"1941","210061"
"1942","210008"
"1943","210034"
"1944","210011"
"1945","210013"
"1946","210029"
"1947","210009"
"1948","210002"
"1949","210012"
"1950","210068"
"1951","210038"
"1952","210056"
"1953","210024"
"1954","220012"
"1955","220046"
"1956","221302"
"1957","220073"
"1958","220074"
"1959","220020"
"1960","220008"
"1961","221300"
"1962","220029"
"1963","220080"
"1964","220010"
"1965","220035"
"1966","220033"
"1967","220016"
"1968","220024"
"1969","220030"
"1970","220065"
"1971","223303"
"1972","220066"
"1973","220077"
"1974","220015"
"1975","220063"
"1976","220002"
"1977","220070"
"1978","220175"
"1979","220049"
"1980","220101"
"1981","220011"
"1982","220084"
"1983","220098"
"1984","220105"
"1985","222000"
"1986","220177"
"1987","222027"
"1988","220108"
"1989","220100"
"1990","220083"
"1991","220111"
"1992","220052"
"1993","220060"
"1994","220088"
"1995","223302"
"1996","223304"
"1997","220116"
"1998","220017"
"1999","220071"
"2000","220075"
"2001","220162"
"2002","220031"
"2003","223300"
"2004","220036"
"2005","220119"
"2006","220086"
"2007","220110"
"2008","220163"
"2009","220176"
"2010","221303"
"2011","220019"
"2012","220095"
"2013","220001"
"2014","220090"
"2015","231308"
"2016","231328"
"2017","232034"
"2018","230036"
"2019","231305"
"2020","231307"
"2021","231339"
"2022","230041"
"2023","231300"
"2024","230021"
"2025","230078"
"2026","230022"
"2027","230075"
"2028","230217"
"2029","231315"
"2030","231322"
"2031","230239"
"2032","230180"
"2033","231326"
"2034","230058"
"2035","231337"
"2036","230055"
"2037","231327"
"2038","231324"
"2039","230105"
"2040","230141"
"2041","230132"
"2042","230197"
"2043","231325"
"2044","231333"
"2045","230097"
"2046","230030"
"2047","230037"
"2048","231319"
"2049","230108"
"2050","230118"
"2051","231310"
"2052","231313"
"2053","230167"
"2054","230230"
"2055","231331"
"2056","230100"
"2057","231318"
"2058","230080"
"2059","230092"
"2060","230117"
"2061","230017"
"2062","231301"
"2063","230236"
"2064","230059"
"2065","230038"
"2066","230193"
"2067","230005"
"2068","230069"
"2069","231304"
"2070","231306"
"2071","230227"
"2072","230047"
"2073","230195"
"2074","230264"
"2075","230303"
"2076","230054"
"2077","231321"
"2078","230110"
"2079","230093"
"2080","230222"
"2081","230099"
"2082","230035"
"2083","231317"
"2084","231312"
"2085","230208"
"2086","230066"
"2087","231338"
"2088","230277"
"2089","230301"
"2090","230151"
"2091","230071"
"2092","230130"
"2093","230269"
"2094","230302"
"2095","230207"
"2096","230013"
"2097","230029"
"2098","230019"
"2099","230254"
"2100","231320"
"2101","230095"
"2102","231309"
"2103","231323"
"2104","230133"
"2105","230003"
"2106","230072"
"2107","230174"
"2108","230077"
"2109","230275"
"2110","230070"
"2111","230216"
"2112","230241"
"2113","230031"
"2114","230096"
"2115","230015"
"2116","231314"
"2117","231330"
"2118","231311"
"2119","231303"
"2120","230121"
"2121","231329"
"2122","231316"
"2123","231332"
"2124","230085"
"2125","230046"
"2126","230259"
"2127","230144"
"2128","230165"
"2129","230270"
"2130","230020"
"2131","230053"
"2132","230146"
"2133","230104"
"2134","230142"
"2135","230176"
"2136","230273"
"2137","232019"
"2138","230002"
"2139","230024"
"2140","230089"
"2141","230244"
"2142","233300"
"2143","230081"
"2144","241305"
"2145","240115"
"2146","240101"
"2147","240100"
"2148","241342"
"2149","241321"
"2150","240093"
"2151","241327"
"2152","241378"
"2153","241350"
"2154","241364"
"2155","240056"
"2156","241325"
"2157","240050"
"2158","241328"
"2159","241317"
"2160","241332"
"2161","241302"
"2162","240075"
"2163","241353"
"2164","240059"
"2165","240014"
"2166","240207"
"2167","240030"
"2168","241369"
"2169","240043"
"2170","240018"
"2171","241346"
"2172","241379"
"2173","243302"
"2174","240057"
"2175","240214"
"2176","240080"
"2177","240078"
"2178","240053"
"2179","240001"
"2180","240004"
"2181","242005"
"2182","241380"
"2183","240020"
"2184","241316"
"2185","240064"
"2186","241360"
"2187","241315"
"2188","241367"
"2189","240088"
"2190","241336"
"2191","241322"
"2192","241372"
"2193","241314"
"2194","241308"
"2195","241301"
"2196","241375"
"2197","241339"
"2198","241348"
"2199","241303"
"2200","241359"
"2201","240187"
"2202","241355"
"2203","241300"
"2204","241337"
"2205","240166"
"2206","241366"
"2207","241356"
"2208","241370"
"2209","241319"
"2210","241334"
"2211","240022"
"2212","241313"
"2213","240010"
"2214","240006"
"2215","241373"
"2216","240052"
"2217","241381"
"2218","241309"
"2219","241374"
"2220","241357"
"2221","241320"
"2222","241376"
"2223","240038"
"2224","240210"
"2225","240063"
"2226","240106"
"2227","242004"
"2228","243300"
"2229","241351"
"2230","241306"
"2231","240071"
"2232","241371"
"2233","241344"
"2234","240019"
"2235","240047"
"2236","241312"
"2237","241340"
"2238","240002"
"2239","241318"
"2240","240040"
"2241","240084"
"2242","241361"
"2243","240104"
"2244","240141"
"2245","241311"
"2246","241349"
"2247","240036"
"2248","241330"
"2249","241368"
"2250","240069"
"2251","241363"
"2252","241341"
"2253","241365"
"2254","241326"
"2255","241304"
"2256","241338"
"2257","241335"
"2258","241354"
"2259","241345"
"2260","240066"
"2261","240213"
"2262","241333"
"2263","241323"
"2264","241377"
"2265","240044"
"2266","241362"
"2267","240076"
"2268","241347"
"2269","241343"
"2270","250009"
"2271","251336"
"2272","250093"
"2273","251331"
"2274","250017"
"2275","251334"
"2276","251320"
"2277","251316"
"2278","250067"
"2279","250042"
"2280","251325"
"2281","250141"
"2282","250167"
"2283","250094"
"2284","250078"
"2285","251330"
"2286","250036"
"2287","251329"
"2288","250168"
"2289","250162"
"2290","250019"
"2291","250123"
"2292","250007"
"2293","250072"
"2294","250102"
"2295","250001"
"2296","250048"
"2297","250152"
"2298","251319"
"2299","250040"
"2300","250018"
"2301","250060"
"2302","251326"
"2303","250058"
"2304","251335"
"2305","250034"
"2306","250081"
"2307","252004"
"2308","250069"
"2309","250151"
"2310","250104"
"2311","251305"
"2312","251315"
"2313","250004"
"2314","250099"
"2315","250057"
"2316","250100"
"2317","250038"
"2318","250085"
"2319","250012"
"2320","251302"
"2321","250025"
"2322","251312"
"2323","250043"
"2324","251322"
"2325","251307"
"2326","250050"
"2327","250128"
"2328","251333"
"2329","250117"
"2330","251306"
"2331","250097"
"2332","250049"
"2333","251308"
"2334","250044"
"2335","250096"
"2336","250138"
"2337","251323"
"2338","251300"
"2339","251338"
"2340","250124"
"2341","251317"
"2342","250163"
"2343","250095"
"2344","251318"
"2345","251304"
"2346","251337"
"2347","250006"
"2348","251324"
"2349","252008"
"2350","250031"
"2351","252013"
"2352","250082"
"2353","250077"
"2354","250020"
"2355","251309"
"2356","250027"
"2357","250061"
"2358","251313"
"2359","260022"
"2360","261303"
"2361","260064"
"2362","261329"
"2363","261317"
"2364","261325"
"2365","260034"
"2366","260068"
"2367","260141"
"2368","260006"
"2369","262019"
"2370","260119"
"2371","260209"
"2372","260186"
"2373","260110"
"2374","262015"
"2375","260183"
"2376","261332"
"2377","261324"
"2378","261323"
"2379","260177"
"2380","260096"
"2381","261322"
"2382","262018"
"2383","260057"
"2384","260011"
"2385","260047"
"2386","261337"
"2387","261318"
"2388","260052"
"2389","261314"
"2390","261328"
"2391","262017"
"2392","260040"
"2393","260065"
"2394","261309"
"2395","261312"
"2396","260175"
"2397","260078"
"2398","261335"
"2399","261336"
"2400","260190"
"2401","260193"
"2402","260138"
"2403","260216"
"2404","260048"
"2405","260102"
"2406","263302"
"2407","260027"
"2408","260095"
"2409","260085"
"2410","260137"
"2411","261338"
"2412","262016"
"2413","260001"
"2414","260023"
"2415","260081"
"2416","260097"
"2417","260059"
"2418","261320"
"2419","261316"
"2420","261319"
"2421","261307"
"2422","261321"
"2423","261313"
"2424","261302"
"2425","260025"
"2426","260113"
"2427","260050"
"2428","260070"
"2429","261311"
"2430","260009"
"2431","260017"
"2432","261333"
"2433","260062"
"2434","260195"
"2435","261305"
"2436","260074"
"2437","261327"
"2438","262013"
"2439","260219"
"2440","260191"
"2441","260200"
"2442","260005"
"2443","261301"
"2444","261330"
"2445","260163"
"2446","261315"
"2447","260020"
"2448","263303"
"2449",a0533851-e7a5-4ee9-a433-01b83c94f739
"2450","260176"
"2451","260091"
"2452","260179"
"2453","260180"
"2454","260077"
"2455","260104"
"2456","260108"
"2457","260162"
"2458","261310"
"2459","260160"
"2460","261306"
"2461","260094"
"2462","260024"
"2463","260061"
"2464","261308"
"2465","260105"
"2466","260210"
"2467","260032"
"2468","263304"
"2469","262010"
"2470","263301"
"2471","271318"
"2472","271338"
"2473","271333"
"2474","271326"
"2475","271302"
"2476","270012"
"2477","270086"
"2478","271311"
"2479","271304"
"2480","271347"
"2481","271342"
"2482","271332"
"2483","271335"
"2484","271301"
"2485","271345"
"2486","270051"
"2487","271336"
"2488","270087"
"2489","270057"
"2490","271337"
"2491","271303"
"2492","270032"
"2493","271325"
"2494","271343"
"2495","270003"
"2496","271334"
"2497","271320"
"2498","271305"
"2499","271319"
"2500","271329"
"2501","271306"
"2502","271331"
"2503","270014"
"2504","270023"
"2505","271346"
"2506","271317"
"2507","271312"
"2508","271324"
"2509","271314"
"2510","271309"
"2511","271340"
"2512","271344"
"2513","271308"
"2514","271300"
"2515","271341"
"2516","271327"
"2517","271322"
"2518","270017"
"2519","271330"
"2520","271313"
"2521","271307"
"2522","271328"
"2523","271316"
"2524","271321"
"2525","270004"
"2526","272001"
"2527","270049"
"2528","280032"
"2529","281326"
"2530","281334"
"2531","281360"
"2532","281303"
"2533","281325"
"2534","280009"
"2535","280134"
"2536","281321"
"2537","281332"
"2538","281351"
"2539","281344"
"2540","281357"
"2541","281323"
"2542","281322"
"2543","281365"
"2544","281335"
"2545","281341"
"2546","281327"
"2547","281313"
"2548","281361"
"2549","280077"
"2550","282001"
"2551","283301"
"2552","280040"
"2553","280060"
"2554","280081"
"2555","283300"
"2556","280129"
"2557","280130"
"2558","280013"
"2559","280131"
"2560","281340"
"2561","281301"
"2562","281311"
"2563","281348"
"2564","281364"
"2565","281310"
"2566","280023"
"2567","280139"
"2568","281320"
"2569","281300"
"2570","281343"
"2571","281329"
"2572","281338"
"2573","281319"
"2574","281350"
"2575","281306"
"2576","281355"
"2577","281305"
"2578","281331"
"2579","280003"
"2580","280020"
"2581","282002"
"2582","280128"
"2583","280065"
"2584","280125"
"2585","281328"
"2586","281318"
"2587","281312"
"2588","281324"
"2589","281315"
"2590","281309"
"2591","281342"
"2592","281302"
"2593","281356"
"2594","281362"
"2595","281347"
"2596","281346"
"2597","280111"
"2598","281314"
"2599","281363"
"2600","281352"
"2601","281333"
"2602","281330"
"2603","281354"
"2604","280132"
"2605","280105"
"2606","281307"
"2607","280061"
"2608","281339"
"2609","281358"
"2610","281304"
"2611","281349"
"2612","281353"
"2613","281359"
"2614","281345"
"2615","281316"
"2616","281308"
"2617","281336"
"2618","291313"
"2619","290041"
"2620","290022"
"2621","291521"
"2622","290054"
"2623","290046"
"2624","291309"
"2625","292002"
"2626","290047"
"2627","292007"
"2628","290053"
"2629","291500"
"2630","290005"
"2631","290012"
"2632","290003"
"2633","290058"
"2634","292006"
"2635","290042"
"2636","290045"
"2637","292003"
"2638","290057"
"2639","291307"
"2640","290007"
"2641","290021"
"2642","290039"
"2643","291306"
"2644","290008"
"2645","291308"
"2646","291303"
"2647","291314"
"2648","291311"
"2649","291304"
"2650","290032"
"2651","292004"
"2652","290009"
"2653","291301"
"2654","290001"
"2655","290049"
"2656","291302"
"2657","290019"
"2658","292008"
"2659","300005"
"2660","301307"
"2661","301312"
"2662","300019"
"2663","301310"
"2664","301303"
"2665","301300"
"2666","301311"
"2667","301301"
"2668","301302"
"2669","300003"
"2670","301305"
"2671","300034"
"2672","300020"
"2673","300011"
"2674","300012"
"2675","301309"
"2676","300001"
"2677","301306"
"2678","301304"
"2679","300023"
"2680","300029"
"2681","300017"
"2682","300014"
"2683","300018"
"2684","301308"
"2685","310064"
"2686","312023"
"2687","310047"
"2688","310012"
"2689","310001"
"2690","310008"
"2691","310045"
"2692","312019"
"2693","310130"
"2694","310058"
"2695","310057"
"2696","313302"
"2697","312022"
"2698","310031"
"2699","310061"
"2700","310086"
"2701","310029"
"2702","310014"
"2703","310022"
"2704","310011"
"2705","310032"
"2706","310054"
"2707","310076"
"2708","310096"
"2709","312024"
"2710","310009"
"2711","310119"
"2712","310083"
"2713","310002"
"2714","310025"
"2715","310003"
"2716","310118"
"2717","310040"
"2718","310074"
"2719","310016"
"2720","310005"
"2721","310092"
"2722","310021"
"2723","310044"
"2724","310110"
"2725","310039"
"2726","310070"
"2727","310038"
"2728","313300"
"2729","310108"
"2730","310034"
"2731","310112"
"2732","310075"
"2733","310111"
"2734","310050"
"2735","310015"
"2736","312020"
"2737","310017"
"2738","310052"
"2739","310113"
"2740","310041"
"2741","310084"
"2742","310006"
"2743","310019"
"2744","310069"
"2745","310048"
"2746","310028"
"2747","310027"
"2748","310051"
"2749","310024"
"2750","310115"
"2751","310060"
"2752","320001"
"2753","322003"
"2754","320021"
"2755","322002"
"2756","320017"
"2757","320009"
"2758","320074"
"2759","320006"
"2760","320086"
"2761","321308"
"2762","321307"
"2763","320085"
"2764","320018"
"2765","320091"
"2766","322004"
"2767","320063"
"2768","320030"
"2769","321311"
"2770","320067"
"2771","320065"
"2772","321305"
"2773","321306"
"2774","320033"
"2775","321309"
"2776","320038"
"2777","320004"
"2778","321302"
"2779","320011"
"2780","320084"
"2781","320089"
"2782","320005"
"2783","320003"
"2784","320002"
"2785","320090"
"2786","321300"
"2787","321301"
"2788","321310"
"2789","321304"
"2790","330057"
"2791","330096"
"2792","331301"
"2793","330127"
"2794","330009"
"2795","330059"
"2796","330080"
"2797","330399"
"2798","330394"
"2799","330011"
"2800","330103"
"2801","330235"
"2802","330239"
"2803","330166"
"2804","330229"
"2805","330090"
"2806","330033"
"2807","330250"
"2808","330094"
"2809","330175"
"2810","331305"
"2811","331312"
"2812","331304"
"2813","330049"
"2814","330023"
"2815","330111"
"2816","330279"
"2817","330078"
"2818",3ee47674-d986-48d8-83e5-58a306cae975
"2819","330005"
"2820","330102"
"2821","330219"
"2822","330079"
"2823","330084"
"2824","330276"
"2825","330073"
"2826","331311"
"2827","331309"
"2828","331318"
"2829","330157"
"2830","330019"
"2831","330194"
"2832","330233"
"2833","330350"
"2834","330397"
"2835","330056"
"2836","330201"
"2837","330236"
"2838","330396"
"2839","330221"
"2840","330196"
"2841","330202"
"2842","331317"
"2843","330238"
"2844","330115"
"2845","331316"
"2846","330285"
"2847","330403"
"2848","330125"
"2849","330164"
"2850","330226"
"2851","330047"
"2852","330182"
"2853","330181"
"2854","330198"
"2855","330331"
"2856","330027"
"2857","330259"
"2858","330332"
"2859","330106"
"2860","330214"
"2861","330100"
"2862","330119"
"2863","330154"
"2864","330046"
"2865","330199"
"2866","330204"
"2867","332008"
"2868","330240"
"2869","330270"
"2870","330024"
"2871","330101"
"2872","330188"
"2873","330163"
"2874","330065"
"2875","330215"
"2876","330245"
"2877","330044"
"2878","330203"
"2879","330241"
"2880","330140"
"2881","330074"
"2882","330265"
"2883","330264"
"2884","330135"
"2885","330205"
"2886","330126"
"2887","331319"
"2888","330218"
"2889","330085"
"2890","330136"
"2891","330273"
"2892","330055"
"2893","330128"
"2894","330231"
"2895","330395"
"2896","330180"
"2897","330028"
"2898","330160"
"2899","330405"
"2900","330104"
"2901","330158"
"2902","331315"
"2903","330197"
"2904","330211"
"2905","330223"
"2906","331307"
"2907","330222"
"2908","330153"
"2909","330406"
"2910","331320"
"2911","331313"
"2912","330144"
"2913","330277"
"2914","330151"
"2915","330393"
"2916","330107"
"2917","330185"
"2918","330246"
"2919","330401"
"2920","330286"
"2921","330043"
"2922","330045"
"2923","330141"
"2924","330386"
"2925","330307"
"2926","330004"
"2927","331310"
"2928","330224"
"2929","330191"
"2930","330030"
"2931","330304"
"2932","330006"
"2933","330086"
"2934","330162"
"2935","330234"
"2936","330261"
"2937","333301"
"2938","330184"
"2939","330267"
"2940","330008"
"2941","331314"
"2942","340070"
"2943","340084"
"2944","341325"
"2945","340186"
"2946","341304"
"2947","341315"
"2948","341327"
"2949","340158"
"2950","340002"
"2951","342017"
"2952","340075"
"2953","340001"
"2954","340041"
"2955","340142"
"2956","340143"
"2957","340116"
"2958","341311"
"2959","341328"
"2960","341318"
"2961","340021"
"2962","340068"
"2963","340131"
"2964","342014"
"2965","340028"
"2966","341324"
"2967","340085"
"2968","340096"
"2969","340187"
"2970","340120"
"2971","340155"
"2972","340030"
"2973","340049"
"2974","340107"
"2975","340148"
"2976","340014"
"2977","340047"
"2978","340032"
"2979","340127"
"2980","340091"
"2981","342012"
"2982","340004"
"2983","340151"
"2984","340071"
"2985","340184"
"2986","340017"
"2987","340023"
"2988","340099"
"2989","340188"
"2990","340039"
"2991","340144"
"2992","340129"
"2993","340016"
"2994","340090"
"2995","340020"
"2996","340027"
"2997","340145"
"2998","340087"
"2999","341316"
"3000","341326"
"3001","340133"
"3002","340113"
"3003","340098"
"3004","340183"
"3005","340190"
"3006","340053"
"3007","341329"
"3008","341303"
"3009","340115"
"3010","340147"
"3011","342013"
"3012","340141"
"3013","340042"
"3014","340061"
"3015","340109"
"3016","341307"
"3017","340159"
"3018","340040"
"3019","341322"
"3020","340123"
"3021","340050"
"3022","340060"
"3023","340015"
"3024","340013"
"3025","340024"
"3026","340008"
"3027","340119"
"3028","341317"
"3029","340097"
"3030","340003"
"3031","341305"
"3032","341319"
"3033","340130"
"3034","340132"
"3035","340173"
"3036","340069"
"3037","340073"
"3038","340114"
"3039","341314"
"3040","340051"
"3041","340010"
"3042","340064"
"3043","340126"
"3044","351330"
"3045","351324"
"3046","351307"
"3047","351313"
"3048","350002"
"3049","350015"
"3050","350011"
"3051","352004"
"3052","350070"
"3053","351323"
"3054","351315"
"3055","351325"
"3056","351328"
"3057","351318"
"3058","350019"
"3059","351312"
"3060","351314"
"3061","351306"
"3062","351322"
"3063","351321"
"3064","351302"
"3065","351303"
"3066","351304"
"3067","351310"
"3068","352005"
"3069","351301"
"3070","351308"
"3071","351319"
"3072","351332"
"3073","351333"
"3074","351311"
"3075","351316"
"3076","351336"
"3077","351335"
"3078","351329"
"3079","351309"
"3080","351320"
"3081","351326"
"3082","351305"
"3083","350006"
"3084","351327"
"3085","351300"
"3086","351334"
"3087","361326"
"3088","360009"
"3089","360263"
"3090","362020"
"3091","360066"
"3092","361322"
"3093","360002"
"3094","360125"
"3095","360245"
"3096","361307"
"3097","361308"
"3098","360014"
"3099","360032"
"3100","361321"
"3101","360080"
"3102","360046"
"3103","360132"
"3104","360354"
"3105","360056"
"3106","361312"
"3107","360086"
"3108","360355"
"3109","360236"
"3110","360175"
"3111","360096"
"3112","360185"
"3113","360109"
"3114","361316"
"3115","361325"
"3116","360137"
"3117","360155"
"3118","363304"
"3119","360123"
"3120","360037"
"3121","363302"
"3122","360144"
"3123","360180"
"3124","360082"
"3125","360143"
"3126","362026"
"3127","362029"
"3128","360059"
"3129","360077"
"3130","360041"
"3131","360075"
"3132","360087"
"3133","360230"
"3134","360359"
"3135","360367"
"3136","360044"
"3137","361328"
"3138","361301"
"3139","360270"
"3140","360210"
"3141","360025"
"3142","360358"
"3143","360072"
"3144","361331"
"3145","360006"
"3146","360266"
"3147","360242"
"3148","362022"
"3149","363305"
"3150","360085"
"3151","362037"
"3152","360017"
"3153","360348"
"3154","360012"
"3155","360152"
"3156","361333"
"3157","360054"
"3158","360192"
"3159","360026"
"3160","360203"
"3161","360134"
"3162","363300"
"3163","360016"
"3164","360003"
"3165","360001"
"3166","360362"
"3167","360179"
"3168","363308"
"3169","362004"
"3170","360163"
"3171","360234"
"3172","360095"
"3173","361315"
"3174","361311"
"3175","361309"
"3176","361332"
"3177","361304"
"3178","361330"
"3179","360148"
"3180","360065"
"3181","361310"
"3182","361320"
"3183","360211"
"3184","360040"
"3185","360098"
"3186","360218"
"3187","360197"
"3188","362025"
"3189","360172"
"3190","360364"
"3191","361306"
"3192","360145"
"3193","360262"
"3194","362036"
"3195","360112"
"3196","360048"
"3197","360081"
"3198","362038"
"3199","360090"
"3200","360259"
"3201","360068"
"3202","360189"
"3203","360064"
"3204","360276"
"3205","362024"
"3206","362023"
"3207","360352"
"3208","360011"
"3209","361303"
"3210","360091"
"3211","360058"
"3212","360174"
"3213","360368"
"3214","360051"
"3215","360133"
"3216","360239"
"3217","363306"
"3218","362028"
"3219","360079"
"3220","361313"
"3221","360039"
"3222","361314"
"3223","361300"
"3224","360170"
"3225","361334"
"3226","360078"
"3227","360118"
"3228","360365"
"3229","361324"
"3230","360159"
"3231","360107"
"3232","360156"
"3233","360361"
"3234","360008"
"3235","360089"
"3236","361318"
"3237","360013"
"3238","360131"
"3239","362016"
"3240","360084"
"3241","360070"
"3242","363303"
"3243","360150"
"3244","360241"
"3245","360351"
"3246","362027"
"3247","360020"
"3248","360027"
"3249","360161"
"3250","360055"
"3251","361302"
"3252","360092"
"3253","360071"
"3254","360076"
"3255","360147"
"3256","361319"
"3257","360036"
"3258","361323"
"3259","360121"
"3260","361327"
"3261","360029"
"3262","361329"
"3263","370178"
"3264","371300"
"3265","371322"
"3266","370019"
"3267","371302"
"3268","371327"
"3269","370014"
"3270","371314"
"3271","370211"
"3272","370047"
"3273","371310"
"3274","370089"
"3275","370100"
"3276","370008"
"3277","370212"
"3278","373300"
"3279","371319"
"3280","370097"
"3281","370056"
"3282","370237"
"3283","371331"
"3284","371312"
"3285","370029"
"3286","371323"
"3287","370113"
"3288","371336"
"3289","370026"
"3290","370016"
"3291","370054"
"3292","371330"
"3293","371338"
"3294","371324"
"3295","371335"
"3296","371321"
"3297","370022"
"3298","371304"
"3299","370030"
"3300","370006"
"3301","370153"
"3302","371337"
"3303","371316"
"3304","371301"
"3305","371317"
"3306","371306"
"3307","370158"
"3308","371342"
"3309","371329"
"3310","371326"
"3311","370015"
"3312","371328"
"3313","372022"
"3314","370025"
"3315","370139"
"3316","371305"
"3317","370106"
"3318","370192"
"3319","370222"
"3320","370234"
"3321","370240"
"3322",719c8a84-a386-4aca-8db1-a36ddc9e050b
"3323","370037"
"3324","372004"
"3325","372009"
"3326","370203"
"3327","370206"
"3328","370215"
"3329","372005"
"3330","370201"
"3331","370225"
"3332","370199"
"3333","370013"
"3334","370093"
"3335","370028"
"3336","370094"
"3337","372012"
"3338","370220"
"3339","370236"
"3340","370183"
"3341","372023"
"3342","370078"
"3343","371309"
"3344","371318"
"3345","370004"
"3346","371320"
"3347","370099"
"3348","370049"
"3349","370034"
"3350","370020"
"3351","370149"
"3352","372019"
"3353","370083"
"3354","370039"
"3355","370229"
"3356","370112"
"3357","370023"
"3358","371340"
"3359","370210"
"3360","370235"
"3361","370001"
"3362","370041"
"3363","370114"
"3364","370228"
"3365","370227"
"3366","370218"
"3367","372018"
"3368","370190"
"3369","370202"
"3370","370216"
"3371","370091"
"3372","370166"
"3373","370018"
"3374","371325"
"3375","371341"
"3376","370002"
"3377","381315"
"3378","380014"
"3379","380038"
"3380","380091"
"3381","380082"
"3382","381320"
"3383","381303"
"3384","381312"
"3385","381304"
"3386","380090"
"3387","381313"
"3388","381322"
"3389","380047"
"3390","380040"
"3391","380027"
"3392","381311"
"3393","381305"
"3394","381307"
"3395","381318"
"3396","380075"
"3397","380018"
"3398","380005"
"3399","381324"
"3400","380002"
"3401","380050"
"3402","381309"
"3403","381301"
"3404","380033"
"3405","380020"
"3406","380102"
"3407","381316"
"3408","381302"
"3409","381314"
"3410","380022"
"3411","381323"
"3412","380052"
"3413","380056"
"3414","380029"
"3415","380051"
"3416","381310"
"3417","380061"
"3418","382004"
"3419","380009"
"3420","380007"
"3421","383300"
"3422","380017"
"3423","380025"
"3424","380060"
"3425","381308"
"3426","381317"
"3427","381325"
"3428","381319"
"3429","381321"
"3430","381306"
"3431","380001"
"3432","380089"
"3433","380021"
"3434","380004"
"3435","380037"
"3436","380071"
"3437","390065"
"3438","390050"
"3439","390114"
"3440","390157"
"3441","390328"
"3442","393302"
"3443","390028"
"3444","390032"
"3445","390090"
"3446","390265"
"3447","392045"
"3448","390037"
"3449","390002"
"3450","390102"
"3451","390228"
"3452","390267"
"3453","392028"
"3454","393304"
"3455","390164"
"3456","390107"
"3457","390163"
"3458","390036"
"3459","392043"
"3460","390117"
"3461","390316"
"3462","390096"
"3463","390044"
"3464","390073"
"3465","390062"
"3466","391307"
"3467","390079"
"3468","391305"
"3469","390035"
"3470","390203"
"3471","390322"
"3472","390057"
"3473","390070"
"3474","390168"
"3475","391317"
"3476","390110"
"3477","392031"
"3478","390194"
"3479","390268"
"3480","390220"
"3481","390127"
"3482","390076"
"3483","390153"
"3484","390179"
"3485","390093"
"3486","390052"
"3487","390086"
"3488","391304"
"3489","390071"
"3490","390072"
"3491","390003"
"3492","391314"
"3493","390113"
"3494","390004"
"3495","390058"
"3496","390256"
"3497","390067"
"3498","392039"
"3499","390156"
"3500","390081"
"3501","390222"
"3502","390180"
"3503","390139"
"3504","391315"
"3505","392037"
"3506","390063"
"3507","390198"
"3508","390009"
"3509","391308"
"3510","390041"
"3511","390184"
"3512","390151"
"3513","390138"
"3514","391303"
"3515","390150"
"3516","390056"
"3517","390173"
"3518","390199"
"3519","391312"
"3520","390237"
"3521","390119"
"3522","390001"
"3523","390068"
"3524","390225"
"3525","390100"
"3526","390016"
"3527","390314"
"3528","390321"
"3529","392033"
"3530","390133"
"3531","390197"
"3532","390137"
"3533","390185"
"3534","392025"
"3535","390270"
"3536","391300"
"3537","391301"
"3538","390045"
"3539","390104"
"3540","390178"
"3541","390266"
"3542","390307"
"3543","390211"
"3544","390048"
"3545","390201"
"3546","390330"
"3547","390012"
"3548","390272"
"3549","390097"
"3550","390231"
"3551","390123"
"3552","390329"
"3553","390116"
"3554","390324"
"3555","390006"
"3556","392047"
"3557","390162"
"3558","390326"
"3559","390049"
"3560","390174"
"3561","390142"
"3562","390115"
"3563","390025"
"3564","392027"
"3565","392050"
"3566","393307"
"3567","393309"
"3568","390312"
"3569","390204"
"3570","390226"
"3571","390331"
"3572","390027"
"3573","390026"
"3574","390196"
"3575","390223"
"3576","391313"
"3577","390332"
"3578","390183"
"3579","390030"
"3580","391302"
"3581","390112"
"3582","390039"
"3583","391306"
"3584","391309"
"3585","391316"
"3586","390013"
"3587","390091"
"3588","390146"
"3589","390323"
"3590","390147"
"3591","390042"
"3592","390160"
"3593","390125"
"3594","390217"
"3595","392036"
"3596","390219"
"3597","390333"
"3598","390145"
"3599","390046"
"3600","390325"
"3601","390327"
"3602","390101"
"3603","390233"
"3604","410009"
"3605","410006"
"3606","410007"
"3607","412001"
"3608","410005"
"3609","410010"
"3610","410012"
"3611","410011"
"3612","410004"
"3613","410013"
"3614","410008"
"3615","421301"
"3616","420082"
"3617","421300"
"3618","420027"
"3619","420080"
"3620","420067"
"3621","420110"
"3622","420065"
"3623","420089"
"3624","420004"
"3625","420079"
"3626","422005"
"3627","420087"
"3628","420104"
"3629","420043"
"3630","420019"
"3631","420107"
"3632","420109"
"3633","420030"
"3634","420010"
"3635","420057"
"3636","420005"
"3637","421304"
"3638","420091"
"3639","420066"
"3640","420051"
"3641","422007"
"3642","420098"
"3643","420020"
"3644","420023"
"3645","423300"
"3646","420103"
"3647","422009"
"3648","420037"
"3649","420078"
"3650","422008"
"3651","420102"
"3652","420033"
"3653","420071"
"3654","420072"
"3655","420105"
"3656","420049"
"3657","420085"
"3658","420101"
"3659","420048"
"3660","420036"
"3661","420038"
"3662","420106"
"3663","420073"
"3664","420055"
"3665","420053"
"3666","420009"
"3667","420068"
"3668","420011"
"3669","420015"
"3670","420086"
"3671","420026"
"3672","422004"
"3673","420007"
"3674","420070"
"3675","420108"
"3676","421303"
"3677","420002"
"3678","431335"
"3679","431327"
"3680","431317"
"3681","430008"
"3682","430097"
"3683","430014"
"3684","431329"
"3685","431306"
"3686","431315"
"3687","431336"
"3688","430005"
"3689","431323"
"3690","430013"
"3691","431311"
"3692","431307"
"3693","431305"
"3694","431322"
"3695","431301"
"3696","431326"
"3697","431338"
"3698","431319"
"3699","431337"
"3700","430015"
"3701","431330"
"3702","431313"
"3703","431324"
"3704","431332"
"3705","431300"
"3706","430048"
"3707","431333"
"3708","431308"
"3709","431312"
"3710","431321"
"3711","432002"
"3712","430090"
"3713","430095"
"3714","431331"
"3715","430016"
"3716","430027"
"3717","431310"
"3718","430077"
"3719","430093"
"3720","431302"
"3721","431339"
"3722","431316"
"3723","431334"
"3724","431328"
"3725","430089"
"3726","430012"
"3727","440034"
"3728","440137"
"3729","441316"
"3730","441306"
"3731","440011"
"3732","440185"
"3733","440180"
"3734","440033"
"3735","440200"
"3736","440016"
"3737","440018"
"3738","441311"
"3739","440057"
"3740","440153"
"3741","440144"
"3742","440007"
"3743","440009"
"3744","440150"
"3745","440006"
"3746","440039"
"3747","440082"
"3748","440111"
"3749","440133"
"3750","440197"
"3751","440161"
"3752","440148"
"3753","440046"
"3754","440072"
"3755","440058"
"3756","440060"
"3757","440020"
"3758","440050"
"3759","440030"
"3760","440156"
"3761","440091"
"3762","442007"
"3763","440104"
"3764","441320"
"3765","440109"
"3766","440032"
"3767","440008"
"3768","440132"
"3769","441300"
"3770","441322"
"3771","441303"
"3772","440056"
"3773","441304"
"3774","440015"
"3775","443303"
"3776","441314"
"3777","440175"
"3778","440102"
"3779","440110"
"3780","440068"
"3781","441305"
"3782","440002"
"3783","441309"
"3784","440073"
"3785","440084"
"3786","440035"
"3787","440130"
"3788","440187"
"3789","440059"
"3790","441310"
"3791","440031"
"3792","440065"
"3793","440227"
"3794","440053"
"3795","440235"
"3796","440081"
"3797","443302"
"3798",44L009
"3799","440049"
"3800","440183"
"3801","440048"
"3802",44T152
"3803","440152"
"3804","440228"
"3805","440012"
"3806","440017"
"3807","440176"
"3808","440003"
"3809","440194"
"3810","440131"
"3811","441301"
"3812","440001"
"3813","440151"
"3814","440063"
"3815","440184"
"3816","440010"
"3817","440061"
"3818","440192"
"3819","440029"
"3820","440193"
"3821","450747"
"3822","450144"
"3823","452031"
"3824","450211"
"3825","450484"
"3826","450165"
"3827","450253"
"3828","451372"
"3829","670143"
"3830","450586"
"3831","450082"
"3832","670080"
"3833","452105"
"3834","450054"
"3835","450152"
"3836","450697"
"3837","670055"
"3838","450388"
"3839","450058"
"3840","450237"
"3841","450856"
"3842","670078"
"3843","452073"
"3844","453315"
"3845","452090"
"3846","670054"
"3847","670112"
"3848","452016"
"3849","452059"
"3850","450780"
"3851","450213"
"3852","451385"
"3853","450200"
"3854","452061"
"3855","450801"
"3856","670106"
"3857","450072"
"3858","451311"
"3859","670259"
"3860","450011"
"3861","450834"
"3862","450299"
"3863","670088"
"3864","451378"
"3865","450587"
"3866","451305"
"3867","670108"
"3868","452062"
"3869","451371"
"3870","451356"
"3871","450033"
"3872","452101"
"3873","450028"
"3874","450662"
"3875","450855"
"3876","451367"
"3877","451350"
"3878","451328"
"3879","450194"
"3880","451319"
"3881","451362"
"3882","451347"
"3883","670025"
"3884","670082"
"3885","450853"
"3886",f59a354d-92b9-409e-81d3-bef8716d9a79
"3887","453316"
"3888","670069"
"3889","450891"
"3890","450771"
"3891","450651"
"3892","450885"
"3893","450403"
"3894","450840"
"3895","450890"
"3896","453308"
"3897","451355"
"3898","450370"
"3899","451312"
"3900","670098"
"3901","452106"
"3902","451382"
"3903","450090"
"3904","451335"
"3905","451379"
"3906","451353"
"3907","451345"
"3908","451331"
"3909","452100"
"3910","450874"
"3911","452044"
"3912","670073"
"3913","453314"
"3914","670090"
"3915","450647"
"3916","450678"
"3917","450851"
"3918","450379"
"3919","450051"
"3920","670049"
"3921","452067"
"3922","453302"
"3923","450462"
"3924","450742"
"3925","450688"
"3926","450723"
"3927","452110"
"3928","670060"
"3929","450822"
"3930","452097"
"3931","452108"
"3932","450537"
"3933","450021"
"3934","450015"
"3935","450079"
"3936","450889"
"3937","450489"
"3938","450155"
"3939","452022"
"3940","450634"
"3941","670260"
"3942","452111"
"3943","450669"
"3944","450730"
"3945","450743"
"3946","670010"
"3947","670062"
"3948","670068"
"3949","450893"
"3950","451346"
"3951","450597"
"3952","451390"
"3953","450411"
"3954","452121"
"3955","450661"
"3956","450132"
"3957","450833"
"3958","450024"
"3959","670047"
"3960","452035"
"3961","450668"
"3962","450107"
"3963","452079"
"3964","453313"
"3965","670120"
"3966","670124"
"3967","450002"
"3968","450877"
"3969","450351"
"3970","450348"
"3971","451370"
"3972","670004"
"3973","451313"
"3974","450330"
"3975","450820"
"3976","450860"
"3977","670053"
"3978","452114"
"3979","450848"
"3980","452080"
"3981","450658"
"3982","451391"
"3983","451358"
"3984","453311"
"3985","450018"
"3986","450604"
"3987","450235"
"3988","450324"
"3989","670076"
"3990","452041"
"3991","450469"
"3992","450032"
"3993","450702"
"3994","451322"
"3995","450104"
"3996","450539"
"3997","451392"
"3998","451344"
"3999","451352"
"4000","670134"
"4001","453309"
"4002","670075"
"4003","670280"
"4004","670077"
"4005","450424"
"4006","450709"
"4007","452118"
"4008","450068"
"4009","452039"
"4010","670031"
"4011","670109"
"4012","450659"
"4013","670118"
"4014","450670"
"4015","452032"
"4016","450774"
"4017","450803"
"4018","450289"
"4019","450358"
"4020","450610"
"4021","452046"
"4022","450638"
"4023","450644"
"4024",45C0001372
"4025","452075"
"4026","670008"
"4027","450184"
"4028","450804"
"4029","453304"
"4030","450844"
"4031","453312"
"4032","670005"
"4033","670102"
"4034","670285"
"4035","450775"
"4036","450076"
"4037","450684"
"4038","450617"
"4039","450674"
"4040","450035"
"4041","450847"
"4042","450097"
"4043","452023"
"4044","452112"
"4045","450193"
"4046","451341"
"4047","670056"
"4048","450272"
"4049","670131"
"4050","450578"
"4051","450389"
"4052","450176"
"4053","450869"
"4054","450119"
"4055","450825"
"4056","390195"
"4057","450711"
"4058","450128"
"4059","451395"
"4060","450755"
"4061","450596"
"4062","450236"
"4063","451393"
"4064","450653"
"4065","450352"
"4066","451369"
"4067","450241"
"4068","450573"
"4069","450034"
"4070","452042"
"4071","450518"
"4072","452083"
"4073","450346"
"4074","450828"
"4075","450677"
"4076","450148"
"4077","670107"
"4078","450078"
"4079","451364"
"4080","450292"
"4081","450007"
"4082","451306"
"4083","450196"
"4084","450698"
"4085","451323"
"4086","451376"
"4087","451375"
"4088","450400"
"4089","451303"
"4090","450219"
"4091","450162"
"4092","450876"
"4093","452102"
"4094","450686"
"4095","450040"
"4096","453306"
"4097",45C0001441
"4098","451351"
"4099","451348"
"4100","450042"
"4101","450101"
"4102","451316"
"4103","451333"
"4104","451332"
"4105","450465"
"4106","450092"
"4107","451330"
"4108","450133"
"4109","450641"
"4110","450222"
"4111","670122"
"4112","670059"
"4113","670267"
"4114","670093"
"4115","450862"
"4116","452057"
"4117","452107"
"4118","451386"
"4119","450656"
"4120","450508"
"4121","450447"
"4122","450055"
"4123","670061"
"4124","453301"
"4125","450046"
"4126","452086"
"4127","451359"
"4128","450565"
"4129","450210"
"4130","450203"
"4131","451300"
"4132","451389"
"4133","450395"
"4134","450209"
"4135","450875"
"4136","452060"
"4137","450231"
"4138","451301"
"4139","451377"
"4140","451317"
"4141","670044"
"4142","451310"
"4143","451315"
"4144","450475"
"4145","451361"
"4146","451360"
"4147","451304"
"4148","451384"
"4149","450102"
"4150","452091"
"4151","450083"
"4152","450864"
"4153","450690"
"4154","452051"
"4155","450451"
"4156","450498"
"4157","451318"
"4158","451324"
"4159","451349"
"4160","670103"
"4161","670067"
"4162","670071"
"4163","670116"
"4164","450672"
"4165","670023"
"4166","450779"
"4167","452019"
"4168","670085"
"4169","450639"
"4170","670121"
"4171","450675"
"4172","450872"
"4173","450888"
"4174","453300"
"4175","450137"
"4176","450087"
"4177","670132"
"4178","450135"
"4179","450419"
"4180","452028"
"4181","450563"
"4182","450880"
"4183","450039"
"4184","450064"
"4185","450229"
"4186","452029"
"4187","450399"
"4188","451339"
"4189","450080"
"4190","450571"
"4191","670006"
"4192","450808"
"4193","452034"
"4194","450056"
"4195","453310"
"4196","450867"
"4197","450713"
"4198","450809"
"4199","450124"
"4200","452038"
"4201","670128"
"4202","450431"
"4203","450865"
"4204","450871"
"4205","451329"
"4206","451387"
"4207","450154"
"4208","450023"
"4209","452056"
"4210","452094"
"4211","450147"
"4212","450347"
"4213","451373"
"4214","450187"
"4215","450643"
"4216","450029"
"4217","452096"
"4218","450694"
"4219","451340"
"4220","450827"
"4221","452068"
"4222","451343"
"4223","450010"
"4224","450584"
"4225","450718"
"4226","670034"
"4227","670041"
"4228","670043"
"4229","451374"
"4230","450108"
"4231","451314"
"4232","450271"
"4233","451380"
"4234","451381"
"4235","451308"
"4236","450085"
"4237","451354"
"4238","461305"
"4239","461335"
"4240","460017"
"4241","460039"
"4242","460054"
"4243","460011"
"4244","460042"
"4245","460041"
"4246","460061"
"4247","460019"
"4248","461333"
"4249","461302"
"4250","460007"
"4251","461304"
"4252","461309"
"4253","461300"
"4254","461301"
"4255","460009"
"4256","460049"
"4257","460044"
"4258","460047"
"4259","463301"
"4260","460058"
"4261","460060"
"4262","460003"
"4263","460051"
"4264","463302"
"4265","460010"
"4266","461310"
"4267","461303"
"4268","460026"
"4269","460057"
"4270","460014"
"4271","460030"
"4272","462005"
"4273","460052"
"4274","460013"
"4275","460023"
"4276","460043"
"4277","460001"
"4278","461307"
"4279","460021"
"4280","460005"
"4281","460004"
"4282","471307"
"4283","470012"
"4284","471303"
"4285","470003"
"4286","470024"
"4287","471305"
"4288","471301"
"4289","471304"
"4290","470005"
"4291","470001"
"4292","471300"
"4293","470011"
"4294","471302"
"4295","471306"
"4296","490037"
"4297","490077"
"4298","490126"
"4299","490050"
"4300","490018"
"4301","491300"
"4302","490127"
"4303","490136"
"4304","490112"
"4305","490019"
"4306","491303"
"4307","490084"
"4308","490107"
"4309","490101"
"4310","490063"
"4311","490122"
"4312","490023"
"4313","490089"
"4314","491302"
"4315","490130"
"4316","490013"
"4317","490069"
"4318","490118"
"4319","490059"
"4320","492009"
"4321","490143"
"4322","490066"
"4323","491308"
"4324","490145"
"4325","490043"
"4326","490098"
"4327","490042"
"4328","490110"
"4329","491307"
"4330","490090"
"4331","490113"
"4332","490116"
"4333","491305"
"4334","490038"
"4335","490141"
"4336","490140"
"4337","490117"
"4338","490060"
"4339","490033"
"4340","490053"
"4341","490114"
"4342","490111"
"4343","490040"
"4344","490009"
"4345","490120"
"4346","490075"
"4347","490097"
"4348","490092"
"4349","490022"
"4350","490115"
"4351","490093"
"4352","490004"
"4353","490020"
"4354","491304"
"4355","490021"
"4356","490045"
"4357","492008"
"4358","490052"
"4359","490041"
"4360","490007"
"4361","490046"
"4362","490011"
"4363","493301"
"4364","492001"
"4365","490001"
"4366","490067"
"4367","490017"
"4368","490032"
"4369","490094"
"4370","490024"
"4371","490048"
"4372","490044"
"4373","490119"
"4374","490057"
"4375","490005"
"4376","501311"
"4377","501318"
"4378","501332"
"4379","500053"
"4380","500058"
"4381","501312"
"4382","501313"
"4383","500148"
"4384","500016"
"4385","501334"
"4386","500072"
"4387","501325"
"4388","500050"
"4389","500150"
"4390","501302"
"4391","500041"
"4392","501322"
"4393","501337"
"4394","501301"
"4395","500033"
"4396","501317"
"4397","501308"
"4398","501320"
"4399","500031"
"4400","501304"
"4401","501339"
"4402","501323"
"4403","500138"
"4404","503300"
"4405","500052"
"4406","500025"
"4407","500015"
"4408","500064"
"4409","500152"
"4410","500008"
"4411","500011"
"4412","500154"
"4413","500027"
"4414","500141"
"4415","500124"
"4416","501338"
"4417","500088"
"4418","500005"
"4419","500039"
"4420","501333"
"4421","501316"
"4422","501315"
"4423","500019"
"4424","501319"
"4425","501305"
"4426","501307"
"4427","501336"
"4428","501328"
"4429","501321"
"4430","501324"
"4431","501303"
"4432","501314"
"4433","501310"
"4434","503301"
"4435","500108"
"4436","500021"
"4437","500151"
"4438","500079"
"4439","501340"
"4440","500007"
"4441","501329"
"4442","500003"
"4443","500084"
"4444","500060"
"4445","500014"
"4446","500026"
"4447","500077"
"4448","500119"
"4449","500054"
"4450","503302"
"4451","500044"
"4452","501309"
"4453","501326"
"4454","500139"
"4455","500024"
"4456","500002"
"4457","500030"
"4458","501327"
"4459","501331"
"4460","500036"
"4461","501330"
"4462","500037"
"4463","510008"
"4464","511313"
"4465","511308"
"4466","510007"
"4467","510055"
"4468","512003"
"4469","511303"
"4470","511317"
"4471","511318"
"4472","511316"
"4473","510002"
"4474","511311"
"4475","510023"
"4476","512005"
"4477","510006"
"4478","511320"
"4479","511319"
"4480","510022"
"4481","510031"
"4482","510091"
"4483","512002"
"4484","510029"
"4485","510038"
"4486","510048"
"4487","510086"
"4488","510013"
"4489","510012"
"4490","510046"
"4491","511315"
"4492","510024"
"4493","512004"
"4494","511309"
"4495","511322"
"4496","510050"
"4497","511314"
"4498","511312"
"4499","510062"
"4500","510070"
"4501","510030"
"4502","511306"
"4503","511310"
"4504","511307"
"4505","511304"
"4506","511321"
"4507","511301"
"4508","510072"
"4509","510058"
"4510","521309"
"4511","521359"
"4512","521315"
"4513","520011"
"4514","521353"
"4515","520097"
"4516","520049"
"4517","520075"
"4518","520193"
"4519","521331"
"4520","521317"
"4521","521314"
"4522","520017"
"4523","521311"
"4524","521323"
"4525","520041"
"4526","521338"
"4527","521330"
"4528","521343"
"4529","522008"
"4530","520089"
"4531","520098"
"4532","520083"
"4533","521327"
"4534","520116"
"4535","520076"
"4536","521358"
"4537","521329"
"4538","521340"
"4539","520070"
"4540","520196"
"4541","520013"
"4542","520210"
"4543","521321"
"4544","520088"
"4545","521322"
"4546","521354"
"4547","521344"
"4548","520028"
"4549","521355"
"4550","521352"
"4551","521333"
"4552","520071"
"4553","520109"
"4554","520189"
"4555","520021"
"4556","520004"
"4557","520087"
"4558","521312"
"4559","521350"
"4560","521339"
"4561","521313"
"4562","520034"
"4563","520107"
"4564","520202"
"4565","520030"
"4566","520113"
"4567","523300"
"4568","520051"
"4569","520138"
"4570","520139"
"4571","520136"
"4572","520177"
"4573","520078"
"4574","522006"
"4575","521305"
"4576","521320"
"4577","521310"
"4578","521356"
"4579","520091"
"4580","520212"
"4581","520019"
"4582","521326"
"4583","520160"
"4584","520009"
"4585","520027"
"4586","520207"
"4587","521307"
"4588","521349"
"4589","521308"
"4590","521318"
"4591","521337"
"4592",52C000
"4593","520002"
"4594","521325"
"4595","520059"
"4596","522005"
"4597","520096"
"4598","521341"
"4599","520066"
"4600","521319"
"4601","520100"
"4602","520208"
"4603","521328"
"4604","521345"
"4605","521335"
"4606","521347"
"4607","520057"
"4608","520095"
"4609","521351"
"4610","521336"
"4611","521346"
"4612","520035"
"4613","520044"
"4614","521324"
"4615","521316"
"4616","521302"
"4617","521304"
"4618","521348"
"4619","521300"
"4620","521357"
"4621","520102"
"4622","521332"
"4623","521342"
"4624","520038"
"4625","520063"
"4626","520008"
"4627","520206"
"4628","520062"
"4629","521334"
"4630","521303"
"4631","520045"
"4632","520198"
"4633","523302"
"4634","520037"
"4635","520033"
"4636","530025"
"4637","531301"
"4638","531309"
"4639","530002"
"4640","531316"
"4641","531302"
"4642","531311"
"4643","530008"
"4644","531307"
"4645","531304"
"4646","531308"
"4647","530014"
"4648","531313"
"4649","531315"
"4650","530034"
"4651","530012"
"4652","531312"
"4653","531310"
"4654","531305"
"4655","530006"
"4656","530011"
"4657","530015"
"4658","530032"
"4659","531306"
"4660","531303"
"4661","650003"
"4662","400117"
"4663","400109"
"4664","400131"
"4665","400122"
"4666","400007"
"4667","400011"
"4668","400123"
"4669","400001"
"4670","400128"
"4671","480001"
"4672",18T130
"4673",18T080
"4674","390236"
"4675","493302"
"4676",05T485
"4677","372016"
"4678","210044"
"4679",5c211a23-fa2a-4b5f-9584-dad42f483138
"4680","440040"
"4681",11L005
"4682",17T120
"4683","110040"
"4684",fa96db24d19f83993a2925454eafc6fa17dd8e64270534ea055da6870010cf58
"4685","450340"
"4686",f2f168f72e667d52325ad37d2011f73bb21f22de60ac575efdfd5d27830b9011
"4687","170133"
"4688","231334"
"4689","290056"
"4690",02d4a73785e74f88490f05c473b39d9054e5cb4e2ddbcb2b85b64d2502d69e01
"4691","050205"
"4692","050189"
"4693","111300"
"4694",e252ddd7-a700-473f-8fd1-033b0ec1c2d2
"4695","010035"
"4696","010035"
"4695","010035"
"4696","010035"
"4697","010012"
"4698","010012"
"4697","010012"
"4698","010012"
"4699","010131"
"4700","010131"
"4699","010131"
"4700","010131"
"4701","012007"
"4702","012007"
"4701","012007"
"4702","012007"
"4703","041328"
"4704","041328"
"4703","041328"
"4704","041328"
"4705","043300"
"4706","043300"
"4705","043300"
"4706","043300"
"4707","040114"
"4708","040114"
"4707","040114"
"4708","040114"
"4709","040016"
"4710","040016"
"4709","040016"
"4710","040016"
"4711","051317"
"4712","051317"
"4711","051317"
"4712","051317"
"4713","050771"
"4714","050771"
"4713","050771"
"4714","050771"
"4715","050103"
"4716","050103"
"4715","050103"
"4716","050103"
"4717","050348"
"4718","050348"
"4717","050348"
"4718","050348"
"4719","051327"
"4720","051327"
"4719","051327"
"4720","051327"
"4721","050280"
"4722","050280"
"4721","050280"
"4722","050280"
"4723","051305"
"4724","051305"
"4723","051305"
"4724","051305"
"4725","051315"
"4726","051315"
"4725","051315"
"4726","051315"
"4727","061300"
"4728","061300"
"4727","061300"
"4728","061300"
"4729","060118"
"4730","060118"
"4729","060118"
"4730","060118"
"4731","070016"
"4732","070016"
"4731","070016"
"4732","070016"
"4733","080003"
"4734","080003"
"4733","080003"
"4734","080003"
"4735","100075"
"4736","100244"
"4737","100191"
"4738","110041"
"4739","110038"
"4740","121301"
"4741","121302"
"4742","121300"
"4743","121303"
"4744","121305"
"4745","131323"
"4746","140015"
"4747","140018"
"4748","141340"
"4749","141346"
"4750","140052"
"4751","140210"
"4752","150069"
"4753","151322"
"4754","171378"
"4755","170166"
"4756","171338"
"4757","171343"
"4758","171344"
"4759","191311"
"4760","190145"
"4761","220135"
"4762","230156"
"4763","241329"
"4764","250084"
"4765","251327"
"4766","250136"
"4767","250002"
"4768","260214"
"4769","260142"
"4770","271389"
"4771","271310"
"4772","271323"
"4773","291312"
"4774","291300"
"4775","310073"
"4776","310091"
"4777","320022"
"4778","330013"
"4779","330385"
"4780","332006"
"4781","331302"
"4782","330169"
"4783","330058"
"4784","330193"
"4785","330014"
"4786","330195"
"4787","330208"
"4788","341320"
"4789","341323"
"4790","340171"
"4791","351331"
"4792","362019"
"4793","360010"
"4794","371307"
"4795","371332"
"4796","370214"
"4797","371311"
"4798","371303"
"4799","390258"
"4800","390304"
"4801","390111"
"4802","393303"
"4803","390192"
"4804","441313"
"4805","440125"
"4806","445521"
"4807","451365"
"4808","451320"
"4809","450369"
"4810","451366"
"4811","451325"
"4812","451338"
"4813","451337"
"4814","450099"
"4815","452087"
"4816","670135"
"4817","451363"
"4818","451342"
"4819","451307"
"4820","450654"
"4821","452018"
"4822","450558"
"4823","450460"
"4824","451334"
"4825","460015"
"4826","460006"
"4827","461308"
"4828","461306"
"4829","490144"
"4830","490002"
"4831","500051"
"4832","501335"
"4833","500129"
"4834","510001"
"4835","531314"
"4836","400018"
"4837","400032"
"4838","400105"
"4839","400114"
"4840","400111"
"4841","400126"
"4842","400021"
"4843","400132"
"4844","480002"
"4845",df2363988746840134806aa7b2accf9c89259601776986d49f0c579f6d84532e
"4846",976b4ce7c95e1cd394112ce7762ed040f18a141e56a52ef9d3e5775ed9e98e1e
"4847","112012"
"4848","120028"
"4849","143301"
"4850","141328"
"4851","150045"
"4852","150101"
"4853","180005"
"4854","181331"
"4855","190184"
"4856","191318"
"4857","220171"
"4858","310010"
"4859","312017"
"4860","312014"
"4861","330354"
"4862","331303"
"4863","340166"
"4864","360360"
"4865","362031"
"4866","362033"
"4867","362032"
"4868","371334"
"4869","371313"
"4870","372007"
"4871","380103"
"4872",39L113
"4873","392044"
"4874","390066"
"4875","420018"
"4876","422006"
"4877","440120"
"4878","450143"
"4879","450044"
"4880","450883"
"4881","450372"
"4882","450831"
"4883","452095"
"4884","450163"
"4885","450788"
"4886","670136"
"4887","451309"
"4888","511300"
"4889","520103"
"4890","650001"
"4891","660001"
"4892","400079"
"4893","400087"
"4894","400102"
"4895",97d11e6f-5186-4d01-b094-4c6c4b72914d
"4896","400104"
"4897","400120"
"4898","400112"
"4899","400013"
"4900","400125"
"4901","400048"
"4902","400005"
"4903","400010"
"4904","400118"
"4905","400103"
"4906","400014"
"4907","400003"
"4908","400022"
"4909","400113"
"4910","400044"
"4911","400015"
"4912","403301"
"4913","400098"
"4914","400134"
"4915","400019"
"4916","400133"
"4917","400061"
"4918","400127"
"4919","400012"
"4920","400124"
"4921","400135"
"4922","400006"
"4923","400016"
"4924","400106"
"4925","400004"
"4926","400130"
"4927","400115"
"4928","400110"
"4929",e5ef33a0c3a948b078758258e8215e60239715fdcbb810c8b6a4c4cb61c4aa35
"4930","050008"
"4931","072003"
"4932",45075F
"4933",5b63c59a-4b5f-48b6-903b-e47311bda9d5
"4934",b889a4f27d7c9bbd1440d2d66242fa8ccdd9adc0d9b95e177f7ebd37c7c57875
