Federal Pilot Community Vaccination Centers,Address,CITY,STATE,POSTAL,Longitude,Latitude,Volume,Description,geometry,new_geo
Oakland Coliseum,7000 Coliseum Way,Oakland,CA,94621,-122.19937,37.75169,6000,"FEMA partnered with the California Governor’s Office of Emergency Services (OES) to open the site on February 16, with the capacity to vaccinate 6,000 individuals a day. At the time of launch, 231 federal personnel were deployed to support site vaccinations and operations, including 125 from FEMA, 85 from USFS, and 21 from NDMS. The Coliseum is adjacent to the communities of Eastmont and Elmhurst, which have some of the lowest health scores in the state. The site operates 7 days a week with drive-through and pedestrian options. Appointments were reserved for faith and community-based organizations to register their communities.",POINT (-122.19937 37.75169),"POLYGON ((-112.19937 37.75169, -112.247522733278 36.7715185967044, -112.3915171959677 35.80078677983872, -112.6299666426779 34.84884322745538, -112.9605746748871 33.92485567634911, -113.3801573565164 33.03772263174003, -113.8846738769745 32.19598766980398, -114.4692654663726 31.40775715836356, -115.1283021881345 30.68062218813454, -115.8554371583635 30.02158546637264, -116.643667669804 29.43699387697455, -117.48540263174 28.93247735651646, -118.3725356763491 28.51289467488714, -119.2965232274554 28.18228664267792, -120.2484667798387 27.9438371959677, -121.2191985967044 27.79984273327804, -122.19937 27.75169, -123.1795414032956 27.79984273327803, -124.1502732201613 27.9438371959677, -125.1022167725446 28.18228664267791, -126.0262043236509 28.51289467488713, -126.91333736826 28.93247735651644, -127.755072330196 29.43699387697454, -128.5433028416364 30.02158546637262, -129.2704378118655 30.68062218813451, -129.9294745336274 31.40775715836354, -130.5140661230255 32.19598766980397, -131.0185826434835 33.03772263174001, -131.4381653251129 33.92485567634909, -131.7687733573221 34.84884322745537, -132.0072228040323 35.80078677983871, -132.151217266722 36.77151859670439, -132.19937 37.75169, -132.151217266722 38.7318614032956, -132.0072228040323 39.70259322016128, -131.7687733573221 40.65453677254462, -131.4381653251129 41.5785243236509, -131.0185826434836 42.46565736825998, -130.5140661230255 43.30739233019602, -129.9294745336274 44.09562284163646, -129.2704378118655 44.82275781186548, -128.5433028416365 45.48179453362737, -127.755072330196 46.06638612302545, -126.91333736826 46.57090264348355, -126.0262043236509 46.99048532511286, -125.1022167725446 47.32109335732208, -124.1502732201613 47.5595428040323, -123.1795414032956 47.70353726672197, -122.19937 47.75169, -121.2191985967044 47.70353726672197, -120.2484667798388 47.55954280403232, -119.2965232274554 47.3210933573221, -118.3725356763491 46.99048532511289, -117.4854026317401 46.57090264348358, -116.643667669804 46.06638612302548, -115.8554371583636 45.48179453362741, -115.1283021881346 44.82275781186551, -114.4692654663727 44.09562284163651, -113.8846738769746 43.30739233019608, -113.3801573565165 42.46565736826004, -112.9605746748872 41.57852432365097, -112.6299666426779 40.6545367725447, -112.3915171959677 39.70259322016136, -112.247522733278 38.73186140329569, -112.19937 37.75169000000009, -112.19937 37.75169))"
"California State University, Los Angeles",5151 State University Dr,Los Angeles,CA,90032,-118.1714,34.0624067,6000,"FEMA partnered with the California Governor’s Office of Emergency Services (OES) to open the site on February 16, with the capacity to vaccinate 6,000 individuals a day. At the time of launch, 256 personnel were deployed to support site vaccinations and operations, including 222 from DoD, 30 from FEMA, and four from USFS. The institution is one of the most diverse public universities in the country, serving a large Latinx community.The site operates 7 days a week with drive-through and pedestrian options. Appointments were reserved for faith and community-based organizations to register their communities.",POINT (-118.1714 34.0624067),"POLYGON ((-108.1714 34.0624067, -108.219552733278 33.0822352967044, -108.3635471959677 32.11150347983872, -108.6019966426779 31.15955992745538, -108.9326046748871 30.23557237634911, -109.3521873565165 29.34843933174003, -109.8567038769745 28.50670436980399, -110.4412954663726 27.71847385836356, -111.1003321881345 26.99133888813454, -111.8274671583635 26.33230216637264, -112.615697669804 25.74771057697455, -113.45743263174 25.24319405651646, -114.3445656763491 24.82361137488714, -115.2685532274554 24.49300334267792, -116.2204967798387 24.2545538959677, -117.1912285967044 24.11055943327804, -118.1714 24.0624067, -119.1515714032956 24.11055943327803, -120.1223032201613 24.2545538959677, -121.0742467725446 24.49300334267791, -121.9982343236509 24.82361137488713, -122.88536736826 25.24319405651644, -123.727102330196 25.74771057697454, -124.5153328416365 26.33230216637262, -125.2424678118655 26.99133888813451, -125.9015045336274 27.71847385836354, -126.4860961230254 28.50670436980397, -126.9906126434835 29.34843933174001, -127.4101953251129 30.23557237634909, -127.7408033573221 31.15955992745537, -127.9792528040323 32.11150347983871, -128.123247266722 33.08223529670439, -128.1714 34.0624067, -128.123247266722 35.0425781032956, -127.9792528040323 36.01330992016128, -127.7408033573221 36.96525347254462, -127.4101953251129 37.8892410236509, -126.9906126434836 38.77637406825998, -126.4860961230255 39.61810903019602, -125.9015045336274 40.40633954163646, -125.2424678118655 41.13347451186548, -124.5153328416365 41.79251123362737, -123.727102330196 42.37710282302545, -122.88536736826 42.88161934348355, -121.9982343236509 43.30120202511286, -121.0742467725446 43.63181005732208, -120.1223032201613 43.8702595040323, -119.1515714032956 44.01425396672197, -118.1714 44.0624067, -117.1912285967044 44.01425396672197, -116.2204967798388 43.87025950403232, -115.2685532274554 43.6318100573221, -114.3445656763491 43.30120202511289, -113.4574326317401 42.88161934348358, -112.615697669804 42.37710282302548, -111.8274671583636 41.79251123362741, -111.1003321881346 41.13347451186551, -110.4412954663727 40.40633954163651, -109.8567038769746 39.61810903019608, -109.3521873565165 38.77637406826004, -108.9326046748872 37.88924102365097, -108.6019966426779 36.9652534725447, -108.3635471959677 36.01330992016136, -108.2195527332781 35.04257810329569, -108.1714 34.06240670000009, -108.1714 34.0624067))"
NRG Stadium,8600 Kirby Drive,Houston,TX,77054,-95.412461,29.681248,6000,"FEMA and the Texas Division of Emergency Management opened this site on February 24, with the capacity to vaccinate 6,000 individuals a day. The 11-lane drive-through site operates 7 days a week, and the state is conducting targeted outreach to provide registration support. Harris County is highly diverse, home to the nation’s second-largest Hispanic and Latinx population of any U.S. county.",POINT (-95.41246099999999 29.681248),"POLYGON ((-85.41246099999999 29.681248, -85.46061373327802 28.70107659670439, -85.60460819596769 27.73034477983872, -85.84305764267791 26.77840122745538, -86.17366567488712 25.8544136763491, -86.59324835651644 24.96728063174002, -87.09776487697454 24.12554566980398, -87.68235646637262 23.33731515836355, -88.34139318813452 22.61018018813453, -89.06852815836353 21.95114346637263, -89.85675866980397 21.36655187697455, -90.69849363174001 20.86203535651645, -91.58562667634908 20.44245267488714, -92.50961422745536 20.11184464267791, -93.4615577798387 19.8733951959677, -94.43228959670438 19.72940073327803, -95.41246099999998 19.681248, -96.39263240329558 19.72940073327803, -97.36336422016126 19.87339519596769, -98.3153077725446 20.1118446426779, -99.23929532365088 20.44245267488712, -100.12642836826 20.86203535651644, -100.968163330196 21.36655187697453, -101.7563938416364 21.95114346637261, -102.4835288118655 22.61018018813451, -103.1425655336273 23.33731515836353, -103.7271571230254 24.12554566980396, -104.2316736434835 24.96728063174001, -104.6512563251129 25.85441367634909, -104.9818643573221 26.77840122745536, -105.2203138040323 27.7303447798387, -105.364308266722 28.70107659670438, -105.412461 29.68124799999999, -105.364308266722 30.66141940329559, -105.2203138040323 31.63215122016127, -104.9818643573221 32.58409477254462, -104.6512563251129 33.50808232365089, -104.2316736434835 34.39521536825997, -103.7271571230254 35.23695033019602, -103.1425655336274 36.02518084163645, -102.4835288118655 36.75231581186547, -101.7563938416365 37.41135253362737, -100.968163330196 37.99594412302545, -100.12642836826 38.50046064348354, -99.23929532365091 38.92004332511286, -98.31530777254463 39.25065135732208, -97.3633642201613 39.4891008040323, -96.39263240329562 39.63309526672197, -95.41246100000002 39.681248, -94.43228959670442 39.63309526672197, -93.46155777983874 39.4891008040323, -92.5096142274554 39.2506513573221, -91.58562667634914 38.92004332511288, -90.69849363174006 38.50046064348356, -89.85675866980401 37.99594412302547, -89.06852815836358 37.4113525336274, -88.34139318813456 36.75231581186551, -87.68235646637267 36.0251808416365, -87.09776487697458 35.23695033019607, -86.59324835651647 34.39521536826003, -86.17366567488715 33.50808232365096, -85.84305764267793 32.58409477254469, -85.6046081959677 31.63215122016135, -85.46061373327804 30.66141940329568, -85.41246099999999 29.68124800000008, -85.41246099999999 29.681248))"
Fair Park,3809 Grand Avenue / Dallas,Dallas,TX,0,-96.762002,32.7799583,3000,"FEMA and the Texas Division of Emergency Management opened the site on February 24, with the capacity to vaccinate 3,000 individuals a day. The 12-lane drive-through site operates 7 days a week, and the state is conducting targeted outreach to provide registration support. Dallas County is highly diverse, with nearly two-thirds of its population Hispanic and/or Black.",POINT (-96.762002 32.7799583),"POLYGON ((-86.762002 32.7799583, -86.81015473327803 31.79978689670439, -86.95414919596769 30.82905507983872, -87.19259864267791 29.87711152745538, -87.52320667488712 28.9531239763491, -87.94278935651644 28.06599093174002, -88.44730587697454 27.22425596980398, -89.03189746637263 26.43602545836355, -89.69093418813452 25.70889048813453, -90.41806915836354 25.04985376637264, -91.20629966980397 24.46526217697455, -92.04803463174001 23.96074565651645, -92.93516767634908 23.54116297488714, -93.85915522745536 23.21055494267791, -94.8110987798387 22.9721054959677, -95.78183059670438 22.82811103327803, -96.76200199999998 22.7799583, -97.74217340329558 22.82811103327803, -98.71290522016126 22.97210549596769, -99.6648487725446 23.2105549426779, -100.5888363236509 23.54116297488712, -101.47596936826 23.96074565651644, -102.317704330196 24.46526217697453, -103.1059348416364 25.04985376637261, -103.8330698118655 25.70889048813451, -104.4921065336274 26.43602545836353, -105.0766981230254 27.22425596980396, -105.5812146434835 28.06599093174001, -106.0007973251129 28.95312397634909, -106.3314053573221 29.87711152745536, -106.5698548040323 30.8290550798387, -106.713849266722 31.79978689670438, -106.762002 32.77995829999999, -106.713849266722 33.7601297032956, -106.5698548040323 34.73086152016127, -106.3314053573221 35.68280507254461, -106.0007973251129 36.60679262365089, -105.5812146434835 37.49392566825997, -105.0766981230255 38.33566063019602, -104.4921065336274 39.12389114163645, -103.8330698118655 39.85102611186547, -103.1059348416365 40.51006283362737, -102.317704330196 41.09465442302545, -101.47596936826 41.59917094348354, -100.5888363236509 42.01875362511286, -99.66484877254463 42.34936165732208, -98.7129052201613 42.5878111040323, -97.74217340329562 42.73180556672196, -96.76200200000002 42.7799583, -95.78183059670442 42.73180556672197, -94.81109877983874 42.58781110403231, -93.8591552274554 42.34936165732209, -92.93516767634914 42.01875362511288, -92.04803463174005 41.59917094348357, -91.20629966980401 41.09465442302547, -90.41806915836358 40.5100628336274, -89.69093418813456 39.85102611186551, -89.03189746637267 39.1238911416365, -88.44730587697458 38.33566063019607, -87.94278935651647 37.49392566826003, -87.52320667488715 36.60679262365096, -87.19259864267792 35.68280507254469, -86.9541491959677 34.73086152016135, -86.81015473327804 33.76012970329568, -86.762002 32.77995830000008, -86.762002 32.7799583))"
Globe Life Field,734 Stadium Dr,Arlington,TX,76011,-97.082363,32.7464939,3000,"FEMA and the Texas Division of Emergency Management will open the site on February 26, with the capacity to vaccinate 3,000 individuals a day. The site operates 7 days a week with drive-through and pedestrian options, and the state is conducting targeted outreach to provide registration support.",POINT (-97.082363 32.7464939),"POLYGON ((-87.082363 32.7464939, -87.13051573327803 31.7663224967044, -87.27451019596769 30.79559067983872, -87.51295964267791 29.84364712745538, -87.84356767488713 28.91965957634911, -88.26315035651645 28.03252653174003, -88.76766687697454 27.19079156980399, -89.35225846637263 26.40256105836356, -90.01129518813453 25.67542608813454, -90.73843015836354 25.01638936637264, -91.52666066980397 24.43179777697456, -92.36839563174001 23.92728125651646, -93.25552867634909 23.50769857488714, -94.17951622745537 23.17709054267792, -95.13145977983871 22.9386410959677, -96.10219159670439 22.79464663327804, -97.08236299999999 22.7464939, -98.06253440329559 22.79464663327803, -99.03326622016127 22.9386410959677, -99.98520977254461 23.17709054267791, -100.9091973236509 23.50769857488713, -101.79633036826 23.92728125651644, -102.638065330196 24.43179777697454, -103.4262958416364 25.01638936637262, -104.1534308118655 25.67542608813451, -104.8124675336274 26.40256105836354, -105.3970591230254 27.19079156980397, -105.9015756434835 28.03252653174001, -106.3211583251129 28.91965957634909, -106.6517663573221 29.84364712745537, -106.8902158040323 30.79559067983871, -107.034210266722 31.76632249670439, -107.082363 32.7464939, -107.034210266722 33.7266653032956, -106.8902158040323 34.69739712016128, -106.6517663573221 35.64934067254462, -106.3211583251129 36.5733282236509, -105.9015756434836 37.46046126825998, -105.3970591230255 38.30219623019602, -104.8124675336274 39.09042674163646, -104.1534308118655 39.81756171186548, -103.4262958416365 40.47659843362737, -102.638065330196 41.06119002302545, -101.79633036826 41.56570654348355, -100.9091973236509 41.98528922511287, -99.98520977254464 42.31589725732209, -99.03326622016131 42.55434670403231, -98.06253440329563 42.69834116672197, -97.08236300000003 42.7464939, -96.10219159670443 42.69834116672197, -95.13145977983875 42.55434670403231, -94.17951622745541 42.31589725732211, -93.25552867634914 41.98528922511289, -92.36839563174007 41.56570654348357, -91.52666066980402 41.06119002302548, -90.73843015836358 40.47659843362741, -90.01129518813457 39.81756171186552, -89.35225846637267 39.09042674163651, -88.76766687697459 38.30219623019608, -88.26315035651648 37.46046126826004, -87.84356767488715 36.57332822365097, -87.51295964267794 35.6493406725447, -87.27451019596771 34.69739712016136, -87.13051573327805 33.72666530329569, -87.082363 32.74649390000009, -87.082363 32.7464939))"
Medgar Evers College,1650 Bedford Ave,Brooklyn,NY,11225,-73.956795,40.6660005,3000,"FEMA and New York State opened the site on February 24, with the capacity to vaccinate 3,000 individuals a day. The site is located in Crown Heights, Brooklyn. For the first week of scheduling, appointments were reserved specifically for eligible residents living in areas with low vaccination rates, before opening to all eligible borough residents. The state is additionally partnering with faith leaders to encourage sign-up, and the MTA is launching a pilot program to enhance bus service to connect New Yorkers to the vaccination site.",POINT (-73.956795 40.6660005),"POLYGON ((-63.956795 40.6660005, -64.00494773327803 39.6858290967044, -64.14894219596769 38.71509727983872, -64.38739164267791 37.76315372745538, -64.71799967488712 36.83916617634911, -65.13758235651645 35.95203313174003, -65.64209887697454 35.11029816980398, -66.22669046637263 34.32206765836355, -66.88572718813452 33.59493268813453, -67.61286215836354 32.93589596637264, -68.40109266980397 32.35130437697455, -69.24282763174001 31.84678785651646, -70.12996067634909 31.42720517488714, -71.05394822745536 31.09659714267792, -72.00589177983871 30.8581476959677, -72.97662359670439 30.71415323327804, -73.95679499999999 30.6660005, -74.93696640329559 30.71415323327803, -75.90769822016127 30.85814769596769, -76.85964177254461 31.09659714267791, -77.78362932365087 31.42720517488713, -78.67076236825996 31.84678785651644, -79.512497330196 32.35130437697454, -80.30072784163644 32.93589596637262, -81.02786281186546 33.59493268813451, -81.68689953362735 34.32206765836354, -82.27149112302544 35.11029816980397, -82.77600764348354 35.95203313174001, -83.19559032511286 36.83916617634909, -83.52619835732209 37.76315372745537, -83.76464780403231 38.71509727983871, -83.90864226672197 39.68582909670439, -83.956795 40.6660005, -83.90864226672197 41.6461719032956, -83.76464780403231 42.61690372016128, -83.52619835732209 43.56884727254462, -83.19559032511287 44.4928348236509, -82.77600764348355 45.37996786825997, -82.27149112302546 46.22170283019602, -81.68689953362737 47.00993334163645, -81.02786281186548 47.73706831186548, -80.30072784163646 48.39610503362737, -79.51249733019603 48.98069662302545, -78.67076236825999 49.48521314348355, -77.78362932365091 49.90479582511286, -76.85964177254463 50.23540385732208, -75.90769822016131 50.4738533040323, -74.93696640329563 50.61784776672197, -73.95679500000003 50.6660005, -72.97662359670443 50.61784776672197, -72.00589177983875 50.47385330403232, -71.05394822745541 50.2354038573221, -70.12996067634914 49.90479582511288, -69.24282763174006 49.48521314348358, -68.40109266980402 48.98069662302548, -67.61286215836358 48.39610503362741, -66.88572718813457 47.73706831186551, -66.22669046637267 47.0099333416365, -65.64209887697459 46.22170283019608, -65.13758235651648 45.37996786826004, -64.71799967488715 44.49283482365097, -64.38739164267793 43.56884727254469, -64.14894219596771 42.61690372016136, -64.00494773327804 41.64617190329569, -63.956795 40.66600050000009, -63.956795 40.6660005))"
York College,94-20 Guy R Brewer Blvd,Queens,NY,11451,-73.795356,40.7021252,3000,"New York State and FEMA opened the site on February 23, with the capacity to vaccinate 3,000 individuals a day. The site is located in Jamaica, Queens. For the first week of scheduling, appointments were initially reserved for eligible residents living in areas with low vaccination rates, before opening to all eligible borough residents. The state is additionally partnering with faith leaders to encourage sign-up, and the MTA is launching a pilot program to enhance bus service to connect New Yorkers to the vaccination site.",POINT (-73.79535600000001 40.7021252),"POLYGON ((-63.79535600000001 40.7021252, -63.84350873327804 39.7219537967044, -63.9875031959677 38.75122197983872, -64.22595264267792 37.79927842745538, -64.55656067488714 36.87529087634911, -64.97614335651646 35.98815783174003, -65.48065987697456 35.14642286980398, -66.06525146637264 34.35819235836355, -66.72428818813454 33.63105738813454, -67.45142315836355 32.97202066637264, -68.23965366980399 32.38742907697456, -69.08138863174003 31.88291255651646, -69.9685216763491 31.46332987488714, -70.89250922745538 31.13272184267792, -71.84445277983872 30.8942723959677, -72.8151845967044 30.75027793327804, -73.795356 30.7021252, -74.7755274032956 30.75027793327803, -75.74625922016128 30.8942723959677, -76.69820277254462 31.13272184267791, -77.6221903236509 31.46332987488713, -78.50932336825997 31.88291255651644, -79.35105833019601 32.38742907697454, -80.13928884163646 32.97202066637262, -80.86642381186547 33.63105738813451, -81.52546053362737 34.35819235836354, -82.11005212302545 35.14642286980397, -82.61456864348355 35.98815783174001, -83.03415132511287 36.87529087634909, -83.3647593573221 37.79927842745537, -83.60320880403232 38.75122197983871, -83.74720326672198 39.72195379670439, -83.79535600000001 40.7021252, -83.74720326672198 41.6822966032956, -83.60320880403232 42.65302842016128, -83.3647593573221 43.60497197254462, -83.03415132511289 44.5289595236509, -82.61456864348357 45.41609256825998, -82.11005212302547 46.25782753019602, -81.52546053362738 47.04605804163646, -80.86642381186549 47.77319301186548, -80.13928884163647 48.43222973362737, -79.35105833019604 49.01682132302545, -78.50932336826 49.52133784348355, -77.62219032365093 49.94092052511287, -76.69820277254465 50.27152855732209, -75.74625922016132 50.50997800403231, -74.77552740329564 50.65397246672197, -73.79535600000004 50.7021252, -72.81518459670444 50.65397246672197, -71.84445277983876 50.50997800403232, -70.89250922745542 50.2715285573221, -69.96852167634916 49.94092052511289, -69.08138863174008 49.52133784348358, -68.23965366980403 49.01682132302548, -67.4514231583636 48.43222973362741, -66.72428818813458 47.77319301186552, -66.06525146637269 47.04605804163651, -65.4806598769746 46.25782753019608, -64.97614335651649 45.41609256826004, -64.55656067488717 44.52895952365097, -64.22595264267795 43.6049719725447, -63.98750319596772 42.65302842016136, -63.84350873327805 41.68229660329569, -63.79535600000001 40.70212520000009, -63.79535600000001 40.7021252))"
Miami-Dade Community College (North Campus),300 NE 2nd Ave,Miami,FL,33132,-80.19038,25.7774845,3000,"With state partners, FEMA will open the site on March 3. The site is expected to vaccinate 3,000 individuals a day.",POINT (-80.19038 25.7774845),"POLYGON ((-70.19038 25.7774845, -70.23853273327803 24.7973130967044, -70.3825271959677 23.82658127983872, -70.62097664267792 22.87463772745538, -70.95158467488713 21.95065017634911, -71.37116735651645 21.06351713174003, -71.87568387697455 20.22178216980398, -72.46027546637264 19.43355165836355, -73.11931218813453 18.70641668813453, -73.84644715836355 18.04737996637264, -74.63467766980398 17.46278837697455, -75.47641263174002 16.95827185651645, -76.36354567634909 16.53868917488714, -77.28753322745537 16.20808114267792, -78.23947677983871 15.9696316959677, -79.21020859670439 15.82563723327803, -80.19037999999999 15.7774845, -81.17055140329559 15.82563723327803, -82.14128322016127 15.96963169596769, -83.09322677254461 16.20808114267791, -84.01721432365088 16.53868917488712, -84.90434736825996 16.95827185651644, -85.746082330196 17.46278837697454, -86.53431284163645 18.04737996637262, -87.26144781186547 18.70641668813451, -87.92048453362736 19.43355165836353, -88.50507612302545 20.22178216980397, -89.00959264348354 21.06351713174001, -89.42917532511287 21.95065017634909, -89.75978335732209 22.87463772745537, -89.99823280403231 23.82658127983871, -90.14222726672197 24.79731309670438, -90.19038 25.77748449999999, -90.14222726672197 26.7576559032956, -89.99823280403231 27.72838772016128, -89.75978335732209 28.68033127254462, -89.42917532511288 29.60431882365089, -89.00959264348356 30.49145186825997, -88.50507612302546 31.33318683019602, -87.92048453362737 32.12141734163645, -87.26144781186548 32.84855231186548, -86.53431284163646 33.50758903362737, -85.74608233019603 34.09218062302545, -84.90434736825999 34.59669714348355, -84.01721432365092 35.01627982511286, -83.09322677254464 35.34688785732209, -82.14128322016131 35.5853373040323, -81.17055140329563 35.72933176672197, -80.19038000000003 35.7774845, -79.21020859670443 35.72933176672197, -78.23947677983875 35.58533730403231, -77.28753322745541 35.3468878573221, -76.36354567634915 35.01627982511288, -75.47641263174006 34.59669714348357, -74.63467766980402 34.09218062302548, -73.84644715836359 33.5075890336274, -73.11931218813457 32.84855231186552, -72.46027546637268 32.1214173416365, -71.87568387697459 31.33318683019607, -71.37116735651648 30.49145186826004, -70.95158467488716 29.60431882365096, -70.62097664267793 28.68033127254469, -70.38252719596771 27.72838772016136, -70.23853273327805 26.75765590329569, -70.19038 25.77748450000008, -70.19038 25.7774845))"
Tampa Greyhound Track,755 E Waters Ave,Tampa,FL,33604,-82.453453,28.0251807,3000,"With state partners, FEMA will open the site on March 3. The site is expected to vaccinate 3,000 individuals a day.",POINT (-82.453453 28.0251807),"POLYGON ((-72.453453 28.0251807, -72.50160573327803 27.04500929670439, -72.64560019596769 26.07427747983872, -72.88404964267791 25.12233392745538, -73.21465767488712 24.1983463763491, -73.63424035651644 23.31121333174002, -74.13875687697454 22.46947836980398, -74.72334846637263 21.68124785836355, -75.38238518813452 20.95411288813453, -76.10952015836354 20.29507616637263, -76.89775066980397 19.71048457697455, -77.73948563174001 19.20596805651645, -78.62661867634908 18.78638537488713, -79.55060622745536 18.45577734267791, -80.5025497798387 18.21732789596769, -81.47328159670438 18.07333343327803, -82.45345299999998 18.0251807, -83.43362440329558 18.07333343327803, -84.40435622016126 18.21732789596769, -85.3562997725446 18.45577734267791, -86.28028732365087 18.78638537488712, -87.16742036825995 19.20596805651644, -88.00915533019599 19.71048457697453, -88.79738584163644 20.29507616637261, -89.52452081186546 20.95411288813451, -90.18355753362735 21.68124785836353, -90.76814912302544 22.46947836980396, -91.27266564348353 23.31121333174001, -91.69224832511286 24.19834637634909, -92.02285635732208 25.12233392745536, -92.2613058040323 26.0742774798387, -92.40530026672197 27.04500929670438, -92.453453 28.02518069999999, -92.40530026672197 29.00535210329559, -92.2613058040323 29.97608392016127, -92.02285635732208 30.92802747254461, -91.69224832511287 31.85201502365089, -91.27266564348355 32.73914806825996, -90.76814912302545 33.58088303019602, -90.18355753362736 34.36911354163645, -89.52452081186547 35.09624851186547, -88.79738584163645 35.75528523362736, -88.00915533019602 36.33987682302544, -87.16742036825998 36.84439334348355, -86.28028732365091 37.26397602511286, -85.35629977254463 37.59458405732208, -84.4043562201613 37.8330335040323, -83.43362440329562 37.97702796672196, -82.45345300000002 38.02518069999999, -81.47328159670442 37.97702796672197, -80.50254977983874 37.83303350403231, -79.5506062274554 37.59458405732209, -78.62661867634914 37.26397602511288, -77.73948563174005 36.84439334348357, -76.89775066980401 36.33987682302548, -76.10952015836358 35.7552852336274, -75.38238518813456 35.09624851186551, -74.72334846637267 34.36911354163649, -74.13875687697458 33.58088303019607, -73.63424035651647 32.73914806826003, -73.21465767488715 31.85201502365096, -72.88404964267792 30.92802747254469, -72.6456001959677 29.97608392016135, -72.50160573327804 29.00535210329568, -72.453453 28.02518070000008, -72.453453 28.0251807))"
Valencia College West Campus,1800 S Kirkman Rd,Orlando,FL,32811,-81.465751,28.521194,3000,"With state partners, FEMA will open the site on March 3. The site is expected to vaccinate 3,000 individuals a day.",POINT (-81.465751 28.521194),"POLYGON ((-71.465751 28.521194, -71.51390373327803 27.5410225967044, -71.65789819596769 26.57029077983872, -71.89634764267791 25.61834722745538, -72.22695567488712 24.69435967634911, -72.64653835651644 23.80722663174003, -73.15105487697454 22.96549166980398, -73.73564646637263 22.17726115836355, -74.39468318813452 21.45012618813453, -75.12181815836354 20.79108946637264, -75.91004866980397 20.20649787697455, -76.75178363174001 19.70198135651646, -77.63891667634908 19.28239867488714, -78.56290422745536 18.95179064267792, -79.5148477798387 18.7133411959677, -80.48557959670438 18.56934673327804, -81.46575099999998 18.521194, -82.44592240329558 18.56934673327803, -83.41665422016126 18.71334119596769, -84.3685977725446 18.95179064267791, -85.29258532365088 19.28239867488713, -86.17971836825996 19.70198135651644, -87.021453330196 20.20649787697454, -87.80968384163644 20.79108946637262, -88.53681881186546 21.45012618813451, -89.19585553362735 22.17726115836354, -89.78044712302544 22.96549166980397, -90.28496364348354 23.80722663174001, -90.70454632511286 24.69435967634909, -91.03515435732209 25.61834722745537, -91.27360380403231 26.57029077983871, -91.41759826672197 27.54102259670438, -91.465751 28.52119399999999, -91.41759826672197 29.5013654032956, -91.27360380403231 30.47209722016128, -91.03515435732209 31.42404077254462, -90.70454632511287 32.34802832365089, -90.28496364348355 33.23516136825997, -89.78044712302545 34.07689633019602, -89.19585553362737 34.86512684163645, -88.53681881186547 35.59226181186548, -87.80968384163646 36.25129853362737, -87.02145333019602 36.83589012302545, -86.17971836825998 37.34040664348355, -85.29258532365091 37.75998932511286, -84.36859777254463 38.09059735732208, -83.41665422016131 38.3290468040323, -82.44592240329563 38.47304126672196, -81.46575100000003 38.521194, -80.48557959670443 38.47304126672197, -79.51484777983875 38.32904680403232, -78.56290422745541 38.0905973573221, -77.63891667634914 37.75998932511288, -76.75178363174007 37.34040664348358, -75.91004866980401 36.83589012302548, -75.12181815836358 36.25129853362741, -74.39468318813456 35.59226181186551, -73.73564646637267 34.8651268416365, -73.15105487697458 34.07689633019608, -72.64653835651647 33.23516136826004, -72.22695567488715 32.34802832365096, -71.89634764267794 31.42404077254469, -71.6578981959677 30.47209722016136, -71.51390373327804 29.50136540329569, -71.465751 28.52119400000008, -71.465751 28.521194))"
Gateway Mall,5000-7 Norwood Ave,Jacksonville,FL,32208,-81.663334,30.3700621,3000,"With state partners, FEMA will open the site on March 3. The site is expected to vaccinate 3,000 individuals a day.",POINT (-81.66333399999999 30.37006210000001),"POLYGON ((-71.66333399999999 30.37006210000001, -71.71148673327802 29.3898906967044, -71.85548119596768 28.41915887983873, -72.0939306426779 27.46721532745538, -72.42453867488712 26.54322777634911, -72.84412135651644 25.65609473174003, -73.34863787697454 24.81435976980399, -73.93322946637262 24.02612925836356, -74.59226618813452 23.29899428813454, -75.31940115836353 22.63995756637264, -76.10763166980396 22.05536597697456, -76.94936663174001 21.55084945651646, -77.83649967634908 21.13126677488714, -78.76048722745536 20.80065874267792, -79.7124307798387 20.5622092959677, -80.68316259670438 20.41821483327804, -81.66333399999998 20.37006210000001, -82.64350540329558 20.41821483327804, -83.61423722016126 20.5622092959677, -84.5661807725446 20.80065874267791, -85.49016832365086 21.13126677488713, -86.37730136825995 21.55084945651645, -87.21903633019599 22.05536597697454, -88.00726684163644 22.63995756637262, -88.73440181186545 23.29899428813452, -89.39343853362735 24.02612925836354, -89.97803012302543 24.81435976980397, -90.48254664348353 25.65609473174002, -90.90212932511285 26.5432277763491, -91.23273735732208 27.46721532745537, -91.4711868040323 28.41915887983871, -91.61518126672196 29.38989069670439, -91.66333399999999 30.37006209999999, -91.61518126672196 31.3502335032956, -91.4711868040323 32.32096532016128, -91.23273735732208 33.27290887254462, -90.90212932511287 34.1968964236509, -90.48254664348354 35.08402946825998, -89.97803012302545 35.92576443019603, -89.39343853362736 36.71399494163646, -88.73440181186547 37.44112991186548, -88.00726684163645 38.10016663362737, -87.21903633019602 38.68475822302545, -86.37730136825998 39.18927474348355, -85.49016832365091 39.60885742511287, -84.56618077254463 39.93946545732209, -83.6142372201613 40.17791490403231, -82.64350540329562 40.32190936672197, -81.66333400000002 40.37006210000001, -80.68316259670442 40.32190936672198, -79.71243077983874 40.17791490403232, -78.7604872274554 39.9394654573221, -77.83649967634913 39.60885742511289, -76.94936663174005 39.18927474348358, -76.10763166980401 38.68475822302548, -75.31940115836358 38.10016663362741, -74.59226618813456 37.44112991186552, -73.93322946637267 36.71399494163651, -73.34863787697458 35.92576443019608, -72.84412135651647 35.08402946826004, -72.42453867488715 34.19689642365097, -72.09393064267792 33.2729088725447, -71.8554811959677 32.32096532016136, -71.71148673327804 31.35023350329569, -71.66333399999999 30.37006210000009, -71.66333399999999 30.37006210000001))"
New York National Guard Armory,2 Quincy Pl,Yonkers,NY,10701,-73.898263,40.9386868,1000,"FEMA and the State of New York will open the site on March 3. The site is expected to vaccinate 1,000 individuals a day and will operate with extended hours to better reach local residents.",POINT (-73.898263 40.9386868),"POLYGON ((-63.898263 40.9386868, -63.94641573327803 39.95851539670439, -64.09041019596769 38.98778357983872, -64.32885964267791 38.03584002745538, -64.65946767488713 37.11185247634911, -65.07905035651645 36.22471943174003, -65.58356687697454 35.38298446980398, -66.16815846637263 34.59475395836355, -66.82719518813452 33.86761898813453, -67.55433015836354 33.20858226637264, -68.34256066980397 32.62399067697455, -69.18429563174001 32.11947415651645, -70.07142867634909 31.69989147488714, -70.99541622745537 31.36928344267792, -71.94735977983871 31.1308339959677, -72.91809159670439 30.98683953327803, -73.89826299999999 30.9386868, -74.87843440329559 30.98683953327803, -75.84916622016127 31.13083399596769, -76.80110977254461 31.3692834426779, -77.72509732365089 31.69989147488712, -78.61223036825996 32.11947415651644, -79.453965330196 32.62399067697454, -80.24219584163644 33.20858226637262, -80.96933081186546 33.86761898813451, -81.62836753362735 34.59475395836353, -82.21295912302544 35.38298446980397, -82.71747564348354 36.22471943174001, -83.13705832511286 37.11185247634909, -83.46766635732209 38.03584002745536, -83.70611580403231 38.98778357983871, -83.85011026672197 39.95851539670439, -83.898263 40.93868679999999, -83.85011026672197 41.9188582032956, -83.70611580403231 42.88959002016127, -83.46766635732209 43.84153357254462, -83.13705832511287 44.76552112365089, -82.71747564348355 45.65265416825997, -82.21295912302546 46.49438913019602, -81.62836753362737 47.28261964163645, -80.96933081186548 48.00975461186547, -80.24219584163646 48.66879133362737, -79.45396533019603 49.25338292302545, -78.61223036825999 49.75789944348355, -77.72509732365091 50.17748212511286, -76.80110977254463 50.50809015732209, -75.84916622016131 50.7465396040323, -74.87843440329563 50.89053406672197, -73.89826300000003 50.9386868, -72.91809159670443 50.89053406672197, -71.94735977983875 50.74653960403231, -70.99541622745541 50.5080901573221, -70.07142867634914 50.17748212511288, -69.18429563174007 49.75789944348357, -68.34256066980402 49.25338292302548, -67.55433015836358 48.6687913336274, -66.82719518813457 48.00975461186552, -66.16815846637267 47.2826196416365, -65.58356687697459 46.49438913019608, -65.07905035651648 45.65265416826004, -64.65946767488715 44.76552112365096, -64.32885964267794 43.84153357254469, -64.09041019596771 42.88959002016136, -63.94641573327804 41.91885820329568, -63.898263 40.93868680000008, -63.898263 40.9386868))"
Former Kodak Hawkeye Lot,1345 St. Paul St,Rochester,NY,0,-77.625197,43.18069,1000,"FEMA and the State of New York will open the site on March 3. The site is expected to vaccinate 1,000 individuals a day and will operate with extended hours to better reach local residents.",POINT (-77.625197 43.18069000000001),"POLYGON ((-67.625197 43.18069000000001, -67.67334973327803 42.2005185967044, -67.81734419596769 41.22978677983873, -68.05579364267791 40.27784322745539, -68.38640167488713 39.35385567634911, -68.80598435651645 38.46672263174003, -69.31050087697454 37.62498766980399, -69.89509246637263 36.83675715836355, -70.55412918813452 36.10962218813454, -71.28126415836354 35.45058546637264, -72.06949466980397 34.86599387697456, -72.91122963174001 34.36147735651646, -73.79836267634909 33.94189467488714, -74.72235022745537 33.61128664267792, -75.67429377983871 33.3728371959677, -76.64502559670439 33.22884273327804, -77.62519699999999 33.18069000000001, -78.60536840329559 33.22884273327804, -79.57610022016127 33.3728371959677, -80.52804377254461 33.61128664267791, -81.45203132365089 33.94189467488713, -82.33916436825996 34.36147735651645, -83.180899330196 34.86599387697454, -83.96912984163644 35.45058546637262, -84.69626481186546 36.10962218813452, -85.35530153362735 36.83675715836354, -85.93989312302544 37.62498766980397, -86.44440964348354 38.46672263174001, -86.86399232511286 39.35385567634909, -87.19460035732209 40.27784322745537, -87.43304980403231 41.22978677983871, -87.57704426672197 42.20051859670439, -87.625197 43.18069, -87.57704426672197 44.16086140329561, -87.43304980403231 45.13159322016128, -87.19460035732209 46.08353677254462, -86.86399232511287 47.0075243236509, -86.44440964348355 47.89465736825998, -85.93989312302546 48.73639233019603, -85.35530153362737 49.52462284163646, -84.69626481186548 50.25175781186548, -83.96912984163646 50.91079453362737, -83.18089933019603 51.49538612302545, -82.33916436825999 51.99990264348355, -81.45203132365091 52.41948532511287, -80.52804377254463 52.75009335732209, -79.57610022016131 52.98854280403231, -78.60536840329563 53.13253726672197, -77.62519700000003 53.18069000000001, -76.64502559670443 53.13253726672198, -75.67429377983875 52.98854280403232, -74.72235022745541 52.7500933573221, -73.79836267634914 52.41948532511289, -72.91122963174007 51.99990264348358, -72.06949466980402 51.49538612302548, -71.28126415836358 50.91079453362741, -70.55412918813457 50.25175781186552, -69.89509246637267 49.52462284163651, -69.31050087697459 48.73639233019608, -68.80598435651648 47.89465736826004, -68.38640167488715 47.00752432365097, -68.05579364267794 46.0835367725447, -67.81734419596771 45.13159322016136, -67.67334973327804 44.16086140329569, -67.625197 43.18069000000009, -67.625197 43.18069000000001))"
Delavan Grider Community Center,877 E Delavan Ave,Buffalo,NY,14215,-78.824057,42.9225768,1000,"FEMA and the State of New York will open the site on March 3. The site is expected to vaccinate 1,000 individuals a day and will operate with extended hours to better reach local residents.",POINT (-78.824057 42.9225768),"POLYGON ((-68.824057 42.9225768, -68.87220973327803 41.94240539670439, -69.01620419596769 40.97167357983872, -69.25465364267791 40.01973002745538, -69.58526167488712 39.09574247634911, -70.00484435651644 38.20860943174003, -70.50936087697454 37.36687446980398, -71.09395246637263 36.57864395836355, -71.75298918813452 35.85150898813453, -72.48012415836354 35.19247226637264, -73.26835466980397 34.60788067697455, -74.11008963174001 34.10336415651646, -74.99722267634908 33.68378147488714, -75.92121022745536 33.35317344267791, -76.8731537798387 33.1147239959677, -77.84388559670438 32.97072953327803, -78.82405699999998 32.9225768, -79.80422840329558 32.97072953327803, -80.77496022016126 33.11472399596769, -81.7269037725446 33.35317344267791, -82.65089132365088 33.68378147488713, -83.53802436825995 34.10336415651644, -84.37975933019599 34.60788067697454, -85.16798984163644 35.19247226637262, -85.89512481186546 35.85150898813451, -86.55416153362735 36.57864395836354, -87.13875312302544 37.36687446980397, -87.64326964348353 38.20860943174002, -88.06285232511286 39.09574247634909, -88.39346035732208 40.01973002745537, -88.6319098040323 40.97167357983871, -88.77590426672197 41.94240539670439, -88.824057 42.92257679999999, -88.77590426672197 43.9027482032956, -88.6319098040323 44.87348002016127, -88.39346035732208 45.82542357254462, -88.06285232511287 46.74941112365089, -87.64326964348355 47.63654416825997, -87.13875312302545 48.47827913019602, -86.55416153362737 49.26650964163645, -85.89512481186547 49.99364461186548, -85.16798984163646 50.65268133362737, -84.37975933019602 51.23727292302545, -83.53802436825998 51.74178944348355, -82.65089132365091 52.16137212511286, -81.72690377254463 52.49198015732209, -80.7749602201613 52.7304296040323, -79.80422840329562 52.87442406672197, -78.82405700000002 52.9225768, -77.84388559670442 52.87442406672197, -76.87315377983874 52.73042960403231, -75.9212102274554 52.4919801573221, -74.99722267634914 52.16137212511288, -74.11008963174007 51.74178944348357, -73.26835466980401 51.23727292302548, -72.48012415836358 50.65268133362741, -71.75298918813456 49.99364461186552, -71.09395246637267 49.2665096416365, -70.50936087697458 48.47827913019608, -70.00484435651647 47.63654416826004, -69.58526167488715 46.74941112365097, -69.25465364267794 45.82542357254469, -69.0162041959677 44.87348002016136, -68.87220973327804 43.90274820329569, -68.824057 42.92257680000009, -68.824057 42.9225768))"
Washington Avenue Armory,195 Washington Ave,Albany,NY,12210,-73.762747,42.6564887,1000,"FEMA and the State of New York will open the site on March 3. The site is expected to vaccinate 1,000 individuals a day and will operate with extended hours to better reach local residents.",POINT (-73.76274699999999 42.6564887),"POLYGON ((-63.76274699999999 42.6564887, -63.81089973327802 41.6763172967044, -63.95489419596768 40.70558547983872, -64.1933436426779 39.75364192745538, -64.52395167488712 38.82965437634911, -64.94353435651644 37.94252133174003, -65.44805087697453 37.10078636980398, -66.03264246637262 36.31255585836355, -66.69167918813451 35.58542088813454, -67.41881415836353 34.92638416637264, -68.20704466980396 34.34179257697456, -69.04877963174 33.83727605651646, -69.93591267634908 33.41769337488714, -70.85990022745536 33.08708534267792, -71.8118437798387 32.8486358959677, -72.78257559670438 32.70464143327804, -73.76274699999998 32.6564887, -74.74291840329558 32.70464143327803, -75.71365022016126 32.8486358959677, -76.6655937725446 33.08708534267791, -77.58958132365086 33.41769337488713, -78.47671436825995 33.83727605651644, -79.31844933019599 34.34179257697454, -80.10667984163643 34.92638416637262, -80.83381481186545 35.58542088813451, -81.49285153362734 36.31255585836354, -82.07744312302543 37.10078636980397, -82.58195964348353 37.94252133174001, -83.00154232511285 38.82965437634909, -83.33215035732208 39.75364192745537, -83.5705998040323 40.70558547983871, -83.71459426672196 41.67631729670439, -83.76274699999999 42.6564887, -83.71459426672196 43.6366601032956, -83.5705998040323 44.60739192016128, -83.33215035732208 45.55933547254462, -83.00154232511287 46.4833230236509, -82.58195964348354 47.37045606825998, -82.07744312302545 48.21219103019602, -81.49285153362736 49.00042154163646, -80.83381481186547 49.72755651186548, -80.10667984163645 50.38659323362737, -79.31844933019602 50.97118482302545, -78.47671436825998 51.47570134348355, -77.5895813236509 51.89528402511286, -76.66559377254463 52.22589205732208, -75.7136502201613 52.4643415040323, -74.74291840329562 52.60833596672197, -73.76274700000002 52.6564887, -72.78257559670442 52.60833596672197, -71.81184377983874 52.46434150403232, -70.8599002274554 52.2258920573221, -69.93591267634913 51.89528402511289, -69.04877963174005 51.47570134348358, -68.20704466980401 50.97118482302548, -67.41881415836357 50.38659323362741, -66.69167918813456 49.72755651186552, -66.03264246637266 49.00042154163651, -65.44805087697458 48.21219103019608, -64.94353435651647 47.37045606826004, -64.52395167488714 46.48332302365097, -64.19334364267792 45.5593354725447, -63.9548941959677 44.60739192016136, -63.81089973327803 43.63666010329569, -63.76274699999999 42.65648870000009, -63.76274699999999 42.6564887))"
Pennsylvania Convention Center,1101 Arch St,Philadelphia,PA,19107,-75.158101,39.953817,6000,"With state partners, FEMA will open this site as early as March 3. The site is expected to vaccinate 6,000 individuals a day.",POINT (-75.158101 39.953817),"POLYGON ((-65.158101 39.953817, -65.20625373327803 38.97364559670439, -65.35024819596769 38.00291377983872, -65.58869764267791 37.05097022745538, -65.91930567488713 36.12698267634911, -66.33888835651645 35.23984963174003, -66.84340487697455 34.39811466980398, -67.42799646637263 33.60988415836355, -68.08703318813453 32.88274918813453, -68.81416815836354 32.22371246637264, -69.60239866980397 31.63912087697455, -70.44413363174002 31.13460435651645, -71.33126667634909 30.71502167488714, -72.25525422745537 30.38441364267792, -73.20719777983871 30.1459641959677, -74.17792959670439 30.00196973327803, -75.15810099999999 29.953817, -76.13827240329559 30.00196973327803, -77.10900422016127 30.14596419596769, -78.06094777254461 30.38441364267791, -78.98493532365089 30.71502167488713, -79.87206836825996 31.13460435651644, -80.713803330196 31.63912087697454, -81.50203384163645 32.22371246637262, -82.22916881186546 32.88274918813451, -82.88820553362736 33.60988415836353, -83.47279712302544 34.39811466980397, -83.97731364348354 35.23984963174001, -84.39689632511286 36.12698267634909, -84.72750435732209 37.05097022745537, -84.96595380403231 38.00291377983871, -85.10994826672197 38.97364559670439, -85.158101 39.95381699999999, -85.10994826672197 40.9339884032956, -84.96595380403231 41.90472022016127, -84.72750435732209 42.85666377254462, -84.39689632511288 43.78065132365089, -83.97731364348355 44.66778436825997, -83.47279712302546 45.50951933019602, -82.88820553362737 46.29774984163645, -82.22916881186548 47.02488481186548, -81.50203384163646 47.68392153362737, -80.71380333019603 48.26851312302545, -79.87206836825999 48.77302964348355, -78.98493532365092 49.19261232511286, -78.06094777254464 49.52322035732209, -77.10900422016131 49.7616698040323, -76.13827240329563 49.90566426672197, -75.15810100000003 49.953817, -74.17792959670443 49.90566426672197, -73.20719777983875 49.76166980403231, -72.25525422745541 49.5232203573221, -71.33126667634914 49.19261232511288, -70.44413363174007 48.77302964348357, -69.60239866980402 48.26851312302548, -68.81416815836359 47.68392153362741, -68.08703318813457 47.02488481186552, -67.42799646637268 46.2977498416365, -66.84340487697459 45.50951933019608, -66.33888835651648 44.66778436826004, -65.91930567488716 43.78065132365096, -65.58869764267794 42.85666377254469, -65.35024819596771 41.90472022016136, -65.20625373327805 40.93398840329569, -65.158101 39.95381700000009, -65.158101 39.953817))"
United Center,1901 W Madison St,Chicago,IL,60612,-87.674184,41.8813085,6000,"With state partners, FEMA will open this site on March 10. The site is expected to vaccinated 6,000 individuals a day.",POINT (-87.674184 41.8813085),"POLYGON ((-77.674184 41.8813085, -77.72233673327803 40.9011370967044, -77.86633119596769 39.93040527983872, -78.10478064267791 38.97846172745538, -78.43538867488712 38.05447417634911, -78.85497135651644 37.16734113174003, -79.35948787697454 36.32560616980398, -79.94407946637263 35.53737565836355, -80.60311618813452 34.81024068813453, -81.33025115836354 34.15120396637264, -82.11848166980397 33.56661237697455, -82.96021663174001 33.06209585651646, -83.84734967634908 32.64251317488714, -84.77133722745536 32.31190514267792, -85.7232807798387 32.0734556959677, -86.69401259670438 31.92946123327804, -87.67418399999998 31.8813085, -88.65435540329558 31.92946123327803, -89.62508722016126 32.0734556959677, -90.5770307725446 32.31190514267791, -91.50101832365087 32.64251317488713, -92.38815136825995 33.06209585651644, -93.229886330196 33.56661237697454, -94.01811684163644 34.15120396637262, -94.74525181186546 34.81024068813451, -95.40428853362735 35.53737565836354, -95.98888012302544 36.32560616980397, -96.49339664348354 37.16734113174002, -96.91297932511286 38.05447417634909, -97.24358735732208 38.97846172745537, -97.4820368040323 39.93040527983871, -97.62603126672197 40.90113709670439, -97.674184 41.8813085, -97.62603126672197 42.8614799032956, -97.4820368040323 43.83221172016128, -97.24358735732208 44.78415527254462, -96.91297932511287 45.7081428236509, -96.49339664348355 46.59527586825998, -95.98888012302545 47.43701083019602, -95.40428853362737 48.22524134163645, -94.74525181186547 48.95237631186548, -94.01811684163646 49.61141303362737, -93.22988633019602 50.19600462302545, -92.38815136825998 50.70052114348355, -91.50101832365091 51.12010382511286, -90.57703077254463 51.45071185732209, -89.6250872201613 51.6891613040323, -88.65435540329563 51.83315576672197, -87.67418400000003 51.8813085, -86.69401259670443 51.83315576672197, -85.72328077983875 51.68916130403231, -84.7713372274554 51.4507118573221, -83.84734967634914 51.12010382511288, -82.96021663174005 50.70052114348357, -82.11848166980401 50.19600462302548, -81.33025115836358 49.61141303362741, -80.60311618813456 48.95237631186552, -79.94407946637267 48.2252413416365, -79.35948787697458 47.43701083019608, -78.85497135651647 46.59527586826004, -78.43538867488715 45.70814282365097, -78.10478064267792 44.78415527254469, -77.8663311959677 43.83221172016136, -77.72233673327804 42.86147990329569, -77.674184 41.88130850000009, -77.674184 41.8813085))"
Four Seasons Center,410 Four Seasons Town Centre,Greensboro,NC,27407,-79.837389,36.0386676,3000,"With state partners, FEMA will open this site on March 10. The site is expected to vaccinated 3,000 individuals a day.",POINT (-79.837389 36.0386676),"POLYGON ((-69.837389 36.0386676, -69.88554173327803 35.0584961967044, -70.02953619596769 34.08776437983872, -70.26798564267791 33.13582082745538, -70.59859367488713 32.21183327634911, -71.01817635651645 31.32470023174003, -71.52269287697455 30.48296526980399, -72.10728446637263 29.69473475836356, -72.76632118813453 28.96759978813454, -73.49345615836354 28.30856306637264, -74.28168666980397 27.72397147697455, -75.12342163174002 27.21945495651646, -76.01055467634909 26.79987227488714, -76.93454222745537 26.46926424267792, -77.88648577983871 26.2308147959677, -78.85721759670439 26.08682033327804, -79.83738899999999 26.0386676, -80.81756040329559 26.08682033327803, -81.78829222016127 26.2308147959677, -82.74023577254461 26.46926424267791, -83.66422332365087 26.79987227488713, -84.55135636825996 27.21945495651644, -85.393091330196 27.72397147697454, -86.18132184163645 28.30856306637262, -86.90845681186546 28.96759978813451, -87.56749353362736 29.69473475836354, -88.15208512302544 30.48296526980397, -88.65660164348354 31.32470023174001, -89.07618432511286 32.21183327634909, -89.40679235732209 33.13582082745537, -89.64524180403231 34.08776437983871, -89.78923626672197 35.05849619670439, -89.837389 36.0386676, -89.78923626672197 37.0188390032956, -89.64524180403231 37.98957082016128, -89.40679235732209 38.94151437254462, -89.07618432511288 39.8655019236509, -88.65660164348355 40.75263496825998, -88.15208512302546 41.59436993019602, -87.56749353362737 42.38260044163646, -86.90845681186548 43.10973541186548, -86.18132184163646 43.76877213362737, -85.39309133019603 44.35336372302545, -84.55135636825999 44.85788024348355, -83.66422332365092 45.27746292511286, -82.74023577254464 45.60807095732208, -81.78829222016131 45.8465204040323, -80.81756040329563 45.99051486672197, -79.83738900000003 46.0386676, -78.85721759670443 45.99051486672197, -77.88648577983875 45.84652040403232, -76.93454222745541 45.6080709573221, -76.01055467634914 45.27746292511289, -75.12342163174006 44.85788024348358, -74.28168666980402 44.35336372302548, -73.49345615836359 43.76877213362741, -72.76632118813457 43.10973541186551, -72.10728446637268 42.38260044163651, -71.52269287697459 41.59436993019608, -71.01817635651648 40.75263496826004, -70.59859367488716 39.86550192365097, -70.26798564267793 38.9415143725447, -70.02953619596771 37.98957082016136, -69.88554173327805 37.01883900329569, -69.837389 36.03866760000009, -69.837389 36.0386676))"
