radius,layer,lat,lon
250,l1_search,12.153995,145.495489
250,l1_search,15.830171,144.754882
250,l1_search,-15.403020,-170.922170
250,l1_search,18.263261,147.555473
250,l1_search,19.425781,143.955899
250,l1_search,-14.214692,-168.155953
250,l1_search,-10.882201,-170.177598
250,l1_search,24.284742,-171.323469
250,l1_search,26.729569,-174.294075
250,l1_search,29.068570,-177.446816
250,l1_search,22.525474,-164.681547
250,l1_search,25.165796,-167.388106
250,l1_search,17.423293,-156.051464
250,l1_search,23.168749,-160.773588
250,l1_search,20.755297,-154.492416
250,l1_search,50.351342,-0.717919
250,l1_search,52.443511,174.255581
250,l1_search,51.514106,-175.227856
250,l1_search,52.471035,-169.323124
250,l1_search,53.218600,-163.224781
250,l1_search,55.811789,-167.534491
250,l1_search,58.326740,-172.305203
250,l1_search,53.745996,-156.975750
250,l1_search,56.498550,-160.999936
250,l1_search,59.196646,-165.489769
250,l1_search,61.833864,-170.506999
250,l1_search,56.944882,-154.314945
250,l1_search,59.814613,-158.459876
250,l1_search,62.654801,-163.132108
250,l1_search,65.465248,-168.411510
250,l1_search,60.166657,-151.285434
250,l1_search,63.192651,-155.537066
250,l1_search,66.231948,-160.387435
250,l1_search,69.302445,-165.941072
250,l1_search,60.244269,-144.045741
250,l1_search,63.431596,-147.812562
250,l1_search,66.672904,-152.144989
250,l1_search,70.008257,-157.157934
250,l1_search,40.613418,-124.128777
250,l1_search,43.862996,-125.685599
250,l1_search,47.095128,-127.418147
250,l1_search,53.542134,-131.537934
250,l1_search,56.779161,-134.008147
250,l1_search,60.045516,-136.824522
250,l1_search,63.364180,-140.059111
250,l1_search,66.770549,-143.803032
250,l1_search,70.325449,-148.171944
250,l1_search,43.061315,-120.544204
250,l1_search,49.628837,-123.556898
250,l1_search,56.225961,-127.381897
250,l1_search,70.235719,-139.140265
250,l1_search,38.741357,-114.544112
250,l1_search,42.083709,-115.549516
250,l1_search,45.413051,-116.668360
250,l1_search,30.732098,-108.688205
250,l1_search,34.162587,-109.301058
250,l1_search,37.561596,-109.975667
250,l1_search,44.300716,-111.551301
250,l1_search,47.660880,-112.478883
250,l1_search,29.339060,-104.706945
250,l1_search,43.019887,-106.633616
250,l1_search,46.403472,-107.255652
250,l1_search,49.795056,-107.954574
250,l1_search,27.807890,-100.873936
250,l1_search,31.296793,-101.100847
250,l1_search,38.173750,-101.624477
250,l1_search,41.580202,-101.928734
250,l1_search,44.978866,-102.267740
250,l1_search,48.381786,-102.647798
250,l1_search,46.804632,-97.615335
250,l1_search,50.223613,-97.716658
250,l1_search,27.886129,-93.561344
250,l1_search,48.485593,-92.671905
250,l1_search,46.603678,-87.941605
250,l1_search,47.968609,-82.768945
250,l1_search,23.139301,-79.813548
250,l1_search,46.848832,-73.147389
250,l1_search,47.705785,-67.685489
250,l1_search,16.661192,-67.752810
125,l2_search,21.822232,-161.032793
125,l2_search,19.217453,-156.736179
125,l2_search,20.668143,-157.893951
125,l2_search,22.095127,-159.089918
125,l2_search,20.883343,-155.968459
125,l2_search,22.331109,-157.135599
125,l2_search,39.507262,-125.137059
125,l2_search,34.165121,-120.808613
125,l2_search,35.825058,-121.416932
125,l2_search,32.018077,-118.078335
125,l2_search,40.339343,-120.982175
125,l2_search,41.982720,-121.654779
125,l2_search,48.519911,-124.738635
125,l2_search,36.552224,-117.447084
125,l2_search,38.219282,-117.993442
125,l2_search,39.879835,-118.567822
125,l2_search,41.534883,-119.172393
125,l2_search,44.832697,-120.481924
125,l2_search,46.477728,-121.192458
125,l2_search,32.651904,-114.287892
125,l2_search,34.345251,-114.729249
125,l2_search,37.707650,-115.678149
125,l2_search,39.378694,-116.189032
125,l2_search,41.044343,-116.726714
125,l2_search,46.020047,-118.523001
125,l2_search,47.675608,-119.191586
125,l2_search,49.331958,-119.900210
125,l2_search,32.071515,-112.177784
125,l2_search,35.469090,-112.972316
125,l2_search,37.156149,-113.399247
125,l2_search,40.511999,-114.320114
125,l2_search,47.182439,-116.483799
125,l2_search,48.848968,-117.105645
125,l2_search,31.454199,-110.101715
125,l2_search,33.166279,-110.437331
125,l2_search,34.869729,-110.789179
125,l2_search,36.565585,-111.158456
125,l2_search,38.254906,-111.546475
125,l2_search,41.618352,-112.384699
125,l2_search,43.294806,-112.838278
125,l2_search,48.318744,-114.361287
125,l2_search,32.521138,-108.345601
125,l2_search,35.936774,-108.957265
125,l2_search,39.325645,-109.632259
125,l2_search,41.012843,-109.996636
125,l2_search,42.696809,-110.380873
125,l2_search,33.559192,-106.538182
125,l2_search,36.974948,-107.068676
125,l2_search,38.673545,-107.354371
125,l2_search,40.367484,-107.655129
125,l2_search,42.057984,-107.972167
125,l2_search,31.123030,-104.275850
125,l2_search,32.849525,-104.472429
125,l2_search,34.567690,-104.678547
125,l2_search,36.278621,-104.894914
125,l2_search,37.983442,-105.122312
125,l2_search,41.379459,-105.613741
125,l2_search,32.104585,-102.447594
125,l2_search,33.829039,-102.602917
125,l2_search,35.545898,-102.765896
125,l2_search,37.256289,-102.937110
125,l2_search,38.961373,-103.117197
125,l2_search,40.662358,-103.306864
125,l2_search,29.585698,-100.362667
125,l2_search,33.055373,-100.570702
125,l2_search,34.777641,-100.682336
125,l2_search,36.493023,-100.799554
125,l2_search,39.907789,-101.052507
125,l2_search,43.309530,-101.333577
125,l2_search,25.242688,-98.359737
125,l2_search,32.247460,-98.582363
125,l2_search,33.974687,-98.644740
125,l2_search,35.694554,-98.710204
125,l2_search,37.408208,-98.778990
125,l2_search,39.116834,-98.851358
125,l2_search,40.821668,-98.927594
125,l2_search,42.524017,-99.008018
125,l2_search,44.225277,-99.092983
125,l2_search,45.926959,-99.182886
125,l2_search,26.152210,-96.596456
125,l2_search,27.914329,-96.609747
125,l2_search,38.290545,-96.703845
125,l2_search,39.997780,-96.722426
125,l2_search,43.404333,-96.762695
125,l2_search,45.106465,-96.784562
125,l2_search,33.995513,-94.677323
125,l2_search,37.429935,-94.610154
125,l2_search,40.844456,-94.535798
125,l2_search,42.547407,-94.495556
125,l2_search,45.951724,-94.408048
125,l2_search,47.656270,-94.360363
125,l2_search,29.625458,-92.882678
125,l2_search,31.365556,-92.810030
125,l2_search,33.096598,-92.733917
125,l2_search,36.535971,-92.570253
125,l2_search,38.246594,-92.482115
125,l2_search,39.952768,-92.389330
125,l2_search,43.356911,-92.188267
125,l2_search,46.759612,-91.963505
125,l2_search,28.687598,-91.071167
125,l2_search,32.165788,-90.839003
125,l2_search,33.891427,-90.714531
125,l2_search,37.321358,-90.446683
125,l2_search,45.828002,-89.641268
125,l2_search,29.466503,-89.151395
125,l2_search,32.931805,-88.825541
125,l2_search,34.651604,-88.650727
125,l2_search,44.862909,-87.392880
125,l2_search,31.941562,-86.986606
125,l2_search,45.556767,-84.906449
125,l2_search,47.248891,-84.577251
125,l2_search,29.188917,-85.441239
125,l2_search,44.523630,-82.748430
125,l2_search,46.209393,-82.362574
125,l2_search,29.871885,-83.456254
125,l2_search,31.596082,-83.163822
125,l2_search,25.307311,-82.375196
125,l2_search,44.042297,-78.167092
125,l2_search,24.195109,-80.790187
125,l2_search,32.836733,-78.989432
125,l2_search,44.581122,-75.622908
125,l2_search,35.088409,-76.383804
125,l2_search,45.076111,-73.034437
125,l2_search,45.526176,-70.404467
125,l2_search,47.166675,-69.653476
125,l2_search,41.030115,-69.977634
125,l2_search,42.667637,-69.269962
125,l2_search,44.300677,-68.523836
125,l2_search,45.930278,-67.736136
125,l2_search,44.672045,-65.898719
62.5,l3_search,36.105503,-122.230468
62.5,l3_search,36.929670,-122.556835
62.5,l3_search,34.229654,-120.488192
62.5,l3_search,35.061344,-120.785232
62.5,l3_search,35.890787,-121.089397
62.5,l3_search,36.718090,-121.400938
62.5,l3_search,33.161872,-119.106348
62.5,l3_search,33.998892,-119.382785
62.5,l3_search,34.833570,-119.665778
62.5,l3_search,35.666017,-119.955556
62.5,l3_search,36.496345,-120.252361
62.5,l3_search,37.324665,-120.556446
62.5,l3_search,32.918458,-118.021841
62.5,l3_search,35.431273,-118.829197
62.5,l3_search,36.264518,-119.111370
62.5,l3_search,37.095774,-119.400460
62.5,l3_search,37.925156,-119.696722
62.5,l3_search,38.752781,-120.000418
62.5,l3_search,39.578766,-120.311827
62.5,l3_search,40.403232,-120.631237
62.5,l3_search,46.142519,-123.118844
62.5,l3_search,46.959466,-123.514662
62.5,l3_search,35.186637,-117.710563
62.5,l3_search,36.022695,-117.978216
62.5,l3_search,36.856776,-118.252427
62.5,l3_search,37.688999,-118.533436
62.5,l3_search,38.519484,-118.821495
62.5,l3_search,39.348349,-119.116865
62.5,l3_search,40.175719,-119.419823
62.5,l3_search,41.001717,-119.730658
62.5,l3_search,45.936264,-121.779285
62.5,l3_search,46.756422,-122.154725
62.5,l3_search,32.402891,-115.875194
62.5,l3_search,33.248276,-116.111110
62.5,l3_search,34.091337,-116.352606
62.5,l3_search,34.932192,-116.599881
62.5,l3_search,35.770960,-116.853139
62.5,l3_search,36.607760,-117.112598
62.5,l3_search,37.442712,-117.378483
62.5,l3_search,39.107562,-117.930494
62.5,l3_search,39.937708,-118.217131
62.5,l3_search,40.766503,-118.511217
62.5,l3_search,45.718428,-120.449390
62.5,l3_search,46.541612,-120.804585
62.5,l3_search,47.364600,-121.170006
62.5,l3_search,32.130889,-114.813443
62.5,l3_search,32.978887,-115.036096
62.5,l3_search,33.824558,-115.264010
62.5,l3_search,34.668023,-115.497368
62.5,l3_search,35.509402,-115.736367
62.5,l3_search,36.348816,-115.981210
62.5,l3_search,47.141043,-119.809427
62.5,l3_search,47.966930,-120.164236
62.5,l3_search,31.849511,-113.759649
62.5,l3_search,32.700039,-113.969176
62.5,l3_search,33.548233,-114.183646
62.5,l3_search,34.394215,-114.403231
62.5,l3_search,35.238109,-114.628115
62.5,l3_search,47.734426,-118.793388
62.5,l3_search,48.563276,-119.136969
62.5,l3_search,49.392554,-119.490850
62.5,l3_search,31.558833,-112.713980
62.5,l3_search,32.411811,-112.910526
62.5,l3_search,33.262443,-113.111699
62.5,l3_search,34.110855,-113.317662
62.5,l3_search,34.957170,-113.528586
62.5,l3_search,35.801515,-113.744650
62.5,l3_search,36.644015,-113.966043
62.5,l3_search,48.321622,-117.756043
62.5,l3_search,49.153497,-118.087755
62.5,l3_search,31.258934,-111.676595
62.5,l3_search,32.114284,-111.860311
62.5,l3_search,34.666678,-112.437967
62.5,l3_search,35.513345,-112.639888
62.5,l3_search,36.358158,-112.846778
62.5,l3_search,48.068213,-116.387195
62.5,l3_search,48.902483,-116.696972
62.5,l3_search,39.979822,-111.598687
62.5,l3_search,41.660308,-112.019470
62.5,l3_search,40.517856,-110.624268
62.5,l3_search,41.359561,-110.820684
62.5,l3_search,42.200493,-111.022403
62.5,l3_search,40.205241,-109.453533
62.5,l3_search,41.048744,-109.633450
62.5,l3_search,41.891456,-109.818210
62.5,l3_search,39.882800,-108.294289
62.5,l3_search,40.727990,-108.457968
62.5,l3_search,31.867245,-105.972299
62.5,l3_search,32.728202,-106.090471
62.5,l3_search,33.587029,-106.211465
62.5,l3_search,35.298832,-106.462337
62.5,l3_search,36.152081,-106.592434
62.5,l3_search,37.003746,-106.725792
62.5,l3_search,38.702890,-107.002797
62.5,l3_search,39.550660,-107.146710
62.5,l3_search,40.397428,-107.294420
62.5,l3_search,32.373388,-105.066513
62.5,l3_search,33.233982,-105.174737
62.5,l3_search,34.092542,-105.285568
62.5,l3_search,34.949205,-105.399100
62.5,l3_search,35.804108,-105.515434
62.5,l3_search,36.657391,-105.634673
62.5,l3_search,37.509196,-105.756928
62.5,l3_search,38.359665,-105.882314
62.5,l3_search,39.208947,-106.010952
62.5,l3_search,40.057191,-106.142970
62.5,l3_search,32.009749,-104.052547
62.5,l3_search,32.872045,-104.148220
62.5,l3_search,33.732266,-104.246188
62.5,l3_search,34.590548,-104.346533
62.5,l3_search,35.447031,-104.449345
62.5,l3_search,36.301853,-104.554714
62.5,l3_search,37.155156,-104.662737
62.5,l3_search,38.857785,-104.887154
62.5,l3_search,40.556107,-105.123471
62.5,l3_search,33.363128,-103.217335
62.5,l3_search,34.222963,-103.304732
62.5,l3_search,35.080954,-103.394267
62.5,l3_search,35.937240,-103.486020
62.5,l3_search,33.846549,-102.273779
62.5,l3_search,34.705982,-102.350289
62.5,l3_search,35.563661,-102.428685
62.5,l3_search,34.322216,-101.317484
62.5,l3_search,35.181223,-101.382786
62.5,l3_search,36.038568,-101.449709
62.5,l3_search,33.929759,-100.295917
62.5,l3_search,34.790032,-100.348389
62.5,l3_search,35.648588,-100.402158
62.5,l3_search,33.528710,-99.285637
62.5,l3_search,34.390192,-99.325548
62.5,l3_search,35.249899,-99.366441
62.5,l3_search,36.107971,-99.408351
62.5,l3_search,27.017521,-98.110374
62.5,l3_search,28.773511,-98.157912
62.5,l3_search,32.254548,-98.259715
62.5,l3_search,33.119166,-98.286685
62.5,l3_search,33.981805,-98.314305
62.5,l3_search,34.842607,-98.342601
62.5,l3_search,35.701712,-98.371597
62.5,l3_search,36.559266,-98.401320
62.5,l3_search,37.415414,-98.431798
62.5,l3_search,39.124095,-98.495133
62.5,l3_search,39.976937,-98.528054
62.5,l3_search,40.828993,-98.561855
62.5,l3_search,42.531413,-98.632242
62.5,l3_search,43.382127,-98.668906
62.5,l3_search,44.232753,-98.706605
62.5,l3_search,25.706049,-97.186450
62.5,l3_search,26.590020,-97.199450
62.5,l3_search,27.470978,-97.212738
62.5,l3_search,28.349063,-97.226324
62.5,l3_search,29.224412,-97.240217
62.5,l3_search,30.097165,-97.254429
62.5,l3_search,30.967459,-97.268970
62.5,l3_search,31.835433,-97.283853
62.5,l3_search,33.564972,-97.314690
62.5,l3_search,34.426817,-97.330671
62.5,l3_search,36.145367,-97.363827
62.5,l3_search,37.002360,-97.381032
62.5,l3_search,37.858030,-97.398677
62.5,l3_search,38.712526,-97.416779
62.5,l3_search,39.566004,-97.435355
62.5,l3_search,40.418622,-97.454425
62.5,l3_search,41.270545,-97.474009
62.5,l3_search,42.121940,-97.494126
62.5,l3_search,42.972983,-97.514801
62.5,l3_search,43.823855,-97.536056
62.5,l3_search,44.674744,-97.557916
62.5,l3_search,28.793235,-96.308316
62.5,l3_search,29.667320,-96.311829
62.5,l3_search,30.538881,-96.315423
62.5,l3_search,31.408053,-96.319101
62.5,l3_search,32.274977,-96.322866
62.5,l3_search,34.002633,-96.330669
62.5,l3_search,34.863646,-96.334714
62.5,l3_search,35.722971,-96.338858
62.5,l3_search,36.580754,-96.343107
62.5,l3_search,37.437142,-96.347463
62.5,l3_search,38.292283,-96.351932
62.5,l3_search,39.146332,-96.356517
62.5,l3_search,39.999445,-96.361223
62.5,l3_search,40.851783,-96.366055
62.5,l3_search,41.703513,-96.371018
62.5,l3_search,42.554806,-96.376118
62.5,l3_search,43.405840,-96.381359
62.5,l3_search,44.256802,-96.386749
62.5,l3_search,30.972497,-95.365469
62.5,l3_search,31.840517,-95.358027
62.5,l3_search,32.706356,-95.350408
62.5,l3_search,33.570153,-95.342606
62.5,l3_search,34.432050,-95.334614
62.5,l3_search,35.292188,-95.326425
62.5,l3_search,36.150710,-95.318033
62.5,l3_search,37.007763,-95.309429
62.5,l3_search,37.863493,-95.300604
62.5,l3_search,38.718053,-95.291552
62.5,l3_search,39.571597,-95.282262
62.5,l3_search,40.424285,-95.272725
62.5,l3_search,41.276279,-95.262931
62.5,l3_search,42.127750,-95.252870
62.5,l3_search,42.978871,-95.242530
62.5,l3_search,43.829825,-95.231901
62.5,l3_search,44.680801,-95.220968
62.5,l3_search,30.528849,-94.422954
62.5,l3_search,31.397932,-94.404568
62.5,l3_search,32.264762,-94.385748
62.5,l3_search,33.129477,-94.366478
62.5,l3_search,33.992218,-94.346743
62.5,l3_search,34.853125,-94.326526
62.5,l3_search,35.712341,-94.305808
62.5,l3_search,36.570009,-94.284570
62.5,l3_search,37.426277,-94.262793
62.5,l3_search,38.281294,-94.240457
62.5,l3_search,39.988190,-94.194015
62.5,l3_search,40.840387,-94.169863
62.5,l3_search,41.691969,-94.145056
62.5,l3_search,42.543108,-94.119567
62.5,l3_search,43.393982,-94.093368
62.5,l3_search,44.244776,-94.066429
62.5,l3_search,45.946903,-94.010201
62.5,l3_search,30.947309,-93.462479
62.5,l3_search,31.815099,-93.432730
62.5,l3_search,32.680699,-93.402276
62.5,l3_search,33.544248,-93.371090
62.5,l3_search,34.405886,-93.339147
62.5,l3_search,35.265754,-93.306418
62.5,l3_search,36.123995,-93.272874
62.5,l3_search,36.980754,-93.238484
62.5,l3_search,37.836180,-93.203216
62.5,l3_search,38.690422,-93.167036
62.5,l3_search,39.543635,-93.129908
62.5,l3_search,40.395977,-93.091795
62.5,l3_search,41.247611,-93.052655
62.5,l3_search,42.098705,-93.012448
62.5,l3_search,42.949434,-92.971130
62.5,l3_search,43.799978,-92.928652
62.5,l3_search,45.501271,-92.840022
62.5,l3_search,46.352423,-92.793761
62.5,l3_search,30.488733,-92.531741
62.5,l3_search,31.357456,-92.491335
62.5,l3_search,32.223912,-92.449976
62.5,l3_search,33.088238,-92.407631
62.5,l3_search,33.950573,-92.364265
62.5,l3_search,34.811057,-92.319839
62.5,l3_search,35.669833,-92.274314
62.5,l3_search,36.527042,-92.227650
62.5,l3_search,37.382832,-92.179802
62.5,l3_search,38.237352,-92.130726
62.5,l3_search,39.090752,-92.080373
62.5,l3_search,39.943188,-92.028693
62.5,l3_search,40.794821,-91.975633
62.5,l3_search,41.645815,-91.921137
62.5,l3_search,42.496340,-91.865145
62.5,l3_search,43.346573,-91.807596
62.5,l3_search,44.196696,-91.748424
62.5,l3_search,45.046902,-91.687558
62.5,l3_search,45.897390,-91.624926
62.5,l3_search,30.022284,-91.612327
62.5,l3_search,30.891919,-91.561533
62.5,l3_search,31.759205,-91.509550
62.5,l3_search,32.624281,-91.456336
62.5,l3_search,33.487284,-91.401846
62.5,l3_search,34.348353,-91.346035
62.5,l3_search,35.207629,-91.288854
62.5,l3_search,36.065253,-91.230251
62.5,l3_search,36.921370,-91.170173
62.5,l3_search,37.776126,-91.108563
62.5,l3_search,39.482156,-90.980510
62.5,l3_search,40.333740,-90.913939
62.5,l3_search,41.184584,-90.845580
62.5,l3_search,42.034854,-90.775359
62.5,l3_search,42.884721,-90.703202
62.5,l3_search,43.734365,-90.629025
62.5,l3_search,44.583972,-90.552744
62.5,l3_search,28.674945,-90.763744
62.5,l3_search,29.548040,-90.704199
62.5,l3_search,31.286666,-90.580957
62.5,l3_search,32.152469,-90.517162
62.5,l3_search,33.016115,-90.451848
62.5,l3_search,33.877742,-90.384962
62.5,l3_search,34.737490,-90.316445
62.5,l3_search,35.595497,-90.246238
62.5,l3_search,36.451907,-90.174276
62.5,l3_search,37.306865,-90.100494
62.5,l3_search,38.160516,-90.024822
62.5,l3_search,39.864506,-89.867509
62.5,l3_search,40.715156,-89.785709
62.5,l3_search,41.565124,-89.701700
62.5,l3_search,42.414579,-89.615393
62.5,l3_search,43.263694,-89.526691
62.5,l3_search,44.112650,-89.435494
62.5,l3_search,29.066078,-89.807316
62.5,l3_search,30.806377,-89.664151
62.5,l3_search,31.672889,-89.590060
62.5,l3_search,32.537158,-89.514219
62.5,l3_search,33.399321,-89.436565
62.5,l3_search,34.259515,-89.357032
62.5,l3_search,35.117880,-89.275551
62.5,l3_search,35.974555,-89.192050
62.5,l3_search,36.829684,-89.106452
62.5,l3_search,37.683410,-89.018679
62.5,l3_search,38.535882,-88.928646
62.5,l3_search,39.387249,-88.836265
62.5,l3_search,40.237668,-88.741443
62.5,l3_search,41.087296,-88.644082
62.5,l3_search,43.633103,-88.335707
62.5,l3_search,44.481265,-88.227101
62.5,l3_search,28.576470,-88.921628
62.5,l3_search,29.448746,-88.841273
62.5,l3_search,30.318419,-88.759077
62.5,l3_search,31.185626,-88.674974
62.5,l3_search,32.050502,-88.588899
62.5,l3_search,32.913183,-88.500782
62.5,l3_search,33.773804,-88.410548
62.5,l3_search,34.632504,-88.318121
62.5,l3_search,35.489421,-88.223420
62.5,l3_search,36.344696,-88.126361
62.5,l3_search,37.198470,-88.026854
62.5,l3_search,38.050889,-87.924806
62.5,l3_search,38.902100,-87.820118
62.5,l3_search,39.752256,-87.712688
62.5,l3_search,40.601510,-87.602405
62.5,l3_search,43.145489,-87.253266
62.5,l3_search,43.992789,-87.130364
62.5,l3_search,29.822871,-87.865672
62.5,l3_search,30.690763,-87.771838
62.5,l3_search,31.556233,-87.675820
62.5,l3_search,32.419418,-87.577540
62.5,l3_search,33.280451,-87.476918
62.5,l3_search,34.139469,-87.373869
62.5,l3_search,34.996609,-87.268305
62.5,l3_search,36.705809,-87.049256
62.5,l3_search,37.558152,-86.935570
62.5,l3_search,38.409182,-86.818968
62.5,l3_search,39.259048,-86.699337
62.5,l3_search,40.955897,-86.450505
62.5,l3_search,41.803196,-86.321045
62.5,l3_search,42.649962,-86.188040
62.5,l3_search,43.496369,-86.051342
62.5,l3_search,44.342593,-85.910797
62.5,l3_search,30.188376,-86.880581
62.5,l3_search,31.054433,-86.774906
62.5,l3_search,31.918112,-86.666761
62.5,l3_search,32.779546,-86.556060
62.5,l3_search,34.496218,-86.326614
62.5,l3_search,35.351728,-86.207674
62.5,l3_search,37.057785,-85.960832
62.5,l3_search,38.758170,-85.701274
62.5,l3_search,40.454055,-85.427996
62.5,l3_search,41.300692,-85.285868
62.5,l3_search,42.146671,-85.139884
62.5,l3_search,43.837326,-84.835703
62.5,l3_search,44.682352,-84.677163
62.5,l3_search,45.527423,-84.514078
62.5,l3_search,29.678540,-86.001124
62.5,l3_search,30.545181,-85.886076
62.5,l3_search,31.409349,-85.768360
62.5,l3_search,32.271177,-85.647883
62.5,l3_search,33.130798,-85.524546
62.5,l3_search,33.988345,-85.398248
62.5,l3_search,34.843953,-85.268880
62.5,l3_search,35.697758,-85.136329
62.5,l3_search,36.549898,-85.000479
62.5,l3_search,37.400512,-84.861203
62.5,l3_search,38.249741,-84.718372
62.5,l3_search,40.790586,-84.267138
62.5,l3_search,41.635758,-84.108640
62.5,l3_search,43.324398,-83.778513
62.5,l3_search,44.168204,-83.606519
62.5,l3_search,45.011904,-83.429644
62.5,l3_search,45.855685,-83.247678
62.5,l3_search,29.161327,-85.133383
62.5,l3_search,30.028552,-85.009241
62.5,l3_search,30.893208,-84.882244
62.5,l3_search,31.755427,-84.752291
62.5,l3_search,32.615340,-84.619279
62.5,l3_search,35.182575,-84.200775
62.5,l3_search,36.884985,-83.904338
62.5,l3_search,37.733878,-83.750494
62.5,l3_search,38.581416,-83.592709
62.5,l3_search,39.427743,-83.430830
62.5,l3_search,41.117361,-83.094142
62.5,l3_search,43.646532,-82.554109
62.5,l3_search,29.504618,-84.144307
62.5,l3_search,30.369764,-84.008313
62.5,l3_search,31.232375,-83.869180
62.5,l3_search,32.092581,-83.726799
62.5,l3_search,32.950514,-83.581055
62.5,l3_search,34.660083,-83.278995
62.5,l3_search,35.511983,-83.122421
62.5,l3_search,36.362141,-82.961970
62.5,l3_search,37.210690,-82.797495
62.5,l3_search,38.057769,-82.628846
62.5,l3_search,38.903520,-82.455863
62.5,l3_search,39.748084,-82.278376
62.5,l3_search,40.591610,-82.096210
62.5,l3_search,28.973446,-83.291175
62.5,l3_search,29.839089,-83.146465
62.5,l3_search,30.702098,-82.998442
62.5,l3_search,31.562601,-82.846993
62.5,l3_search,32.420728,-82.691997
62.5,l3_search,33.276609,-82.533329
62.5,l3_search,34.130374,-82.370859
62.5,l3_search,35.832079,-82.033954
62.5,l3_search,36.680284,-81.859224
62.5,l3_search,37.526903,-81.680101
62.5,l3_search,38.372074,-81.496417
62.5,l3_search,39.215936,-81.307998
62.5,l3_search,40.058632,-81.114659
62.5,l3_search,41.741114,-80.712441
62.5,l3_search,26.694077,-82.746061
62.5,l3_search,29.301251,-82.296589
62.5,l3_search,31.025474,-81.979740
62.5,l3_search,31.883804,-81.815798
62.5,l3_search,32.739782,-81.648006
62.5,l3_search,33.593538,-81.476229
62.5,l3_search,34.445199,-81.300323
62.5,l3_search,36.142760,-80.935521
62.5,l3_search,36.988922,-80.746304
62.5,l3_search,37.833516,-80.552317
62.5,l3_search,38.676678,-80.353377
62.5,l3_search,39.518546,-80.149294
62.5,l3_search,41.198973,-79.724892
62.5,l3_search,42.037826,-79.504140
62.5,l3_search,43.713577,-79.044366
62.5,l3_search,24.392001,-82.231141
62.5,l3_search,26.147274,-81.932105
62.5,l3_search,27.020007,-81.777699
62.5,l3_search,29.620150,-81.293621
62.5,l3_search,30.481274,-81.124916
62.5,l3_search,31.339816,-80.952328
62.5,l3_search,32.195901,-80.775724
62.5,l3_search,33.049657,-80.594961
62.5,l3_search,33.901210,-80.409894
62.5,l3_search,34.750687,-80.220368
62.5,l3_search,35.598216,-80.026221
62.5,l3_search,37.287951,-79.623380
62.5,l3_search,38.130420,-79.414321
62.5,l3_search,38.971468,-79.199913
62.5,l3_search,39.811234,-78.979949
62.5,l3_search,40.649856,-78.754213
62.5,l3_search,41.487480,-78.522478
62.5,l3_search,42.324252,-78.284504
62.5,l3_search,25.593377,-81.129117
62.5,l3_search,26.466852,-80.967088
62.5,l3_search,27.337131,-80.801520
62.5,l3_search,28.204341,-80.632296
62.5,l3_search,29.068611,-80.459296
62.5,l3_search,32.498811,-79.726908
62.5,l3_search,33.350267,-79.533007
62.5,l3_search,34.199536,-79.334477
62.5,l3_search,35.046743,-79.131153
62.5,l3_search,36.735480,-78.709418
62.5,l3_search,37.577266,-78.490634
62.5,l3_search,38.417506,-78.266308
62.5,l3_search,39.256332,-78.036229
62.5,l3_search,40.093880,-77.800176
62.5,l3_search,40.930289,-77.557916
62.5,l3_search,41.765700,-77.309205
62.5,l3_search,42.600261,-77.053784
62.5,l3_search,43.434121,-76.791383
62.5,l3_search,44.267437,-76.521715
62.5,l3_search,27.645385,-79.817638
62.5,l3_search,33.641527,-78.462299
62.5,l3_search,34.488427,-78.250141
62.5,l3_search,35.333275,-78.032849
62.5,l3_search,36.176196,-77.810238
62.5,l3_search,37.017317,-77.582112
62.5,l3_search,41.200441,-76.351220
62.5,l3_search,42.033510,-76.085326
62.5,l3_search,42.865723,-75.812248
62.5,l3_search,43.697227,-75.531694
62.5,l3_search,44.528177,-75.243360
62.5,l3_search,33.923350,-77.383005
62.5,l3_search,34.767794,-77.157062
62.5,l3_search,35.610191,-76.925642
62.5,l3_search,36.450665,-76.688547
62.5,l3_search,38.126341,-76.196487
62.5,l3_search,38.961797,-75.941075
62.5,l3_search,41.460193,-75.134384
62.5,l3_search,42.290786,-74.851116
62.5,l3_search,43.120509,-74.560183
62.5,l3_search,43.949509,-74.261278
62.5,l3_search,44.777938,-73.954073
62.5,l3_search,35.037550,-76.055428
62.5,l3_search,35.877401,-75.809728
62.5,l3_search,36.715327,-75.557993
62.5,l3_search,37.551451,-75.300003
62.5,l3_search,38.385896,-75.035526
62.5,l3_search,39.218788,-74.764318
62.5,l3_search,43.364493,-73.297899
62.5,l3_search,44.190837,-72.980457
62.5,l3_search,35.297606,-74.945440
62.5,l3_search,39.465536,-73.578468
62.5,l3_search,40.294304,-73.283907
62.5,l3_search,42.773246,-72.352887
62.5,l3_search,43.597551,-72.025721
62.5,l3_search,44.421082,-71.689577
62.5,l3_search,40.527883,-72.072725
62.5,l3_search,41.352487,-71.753534
62.5,l3_search,43.819561,-70.743998
62.5,l3_search,44.640118,-70.389004
62.5,l3_search,45.460008,-70.024142
62.5,l3_search,41.572502,-70.516615
62.5,l3_search,42.392877,-70.171465
62.5,l3_search,43.212134,-69.817080
62.5,l3_search,44.030405,-69.453094
62.5,l3_search,44.847824,-69.079122
62.5,l3_search,45.664528,-68.694759
62.5,l3_search,40.963208,-69.624676
62.5,l3_search,41.781699,-69.271232
62.5,l3_search,43.414954,-68.535965
62.5,l3_search,44.229969,-68.153394
62.5,l3_search,45.044080,-67.760336
62.5,l3_search,44.418142,-66.845303
62.5,l3_search,45.228774,-66.433072
31.25,l4_search,37.375340,-122.556274
31.25,l4_search,37.786324,-122.723541
31.25,l4_search,38.196824,-122.892872
31.25,l4_search,36.858624,-121.812156
31.25,l4_search,38.504811,-122.470012
31.25,l4_search,38.915191,-122.639610
31.25,l4_search,37.163893,-121.392772
31.25,l4_search,37.576454,-121.552391
31.25,l4_search,37.988538,-121.713980
31.25,l4_search,38.400159,-121.877574
31.25,l4_search,38.811332,-122.043210
31.25,l4_search,37.467660,-120.969598
31.25,l4_search,37.880514,-121.127332
31.25,l4_search,38.292909,-121.287025
31.25,l4_search,39.116377,-121.612427
31.25,l4_search,39.527478,-121.778211
31.25,l4_search,33.610967,-119.084242
31.25,l4_search,34.447083,-119.362167
31.25,l4_search,37.769918,-120.542599
31.25,l4_search,38.183071,-120.698403
31.25,l4_search,38.595782,-120.856151
31.25,l4_search,39.008065,-121.015880
31.25,l4_search,39.419936,-121.177626
31.25,l4_search,45.151193,-123.676680
31.25,l4_search,33.070836,-118.404574
31.25,l4_search,33.490504,-118.537726
31.25,l4_search,33.909576,-118.672439
31.25,l4_search,34.745990,-118.946660
31.25,l4_search,35.163360,-119.086224
31.25,l4_search,38.070655,-120.111742
31.25,l4_search,38.484113,-120.265566
31.25,l4_search,38.897146,-120.421321
31.25,l4_search,39.309770,-120.579043
31.25,l4_search,44.643529,-122.826400
31.25,l4_search,45.052041,-123.015951
31.25,l4_search,45.460382,-123.208125
31.25,l4_search,45.868572,-123.402976
31.25,l4_search,33.367620,-117.993056
31.25,l4_search,34.625241,-118.391605
31.25,l4_search,35.043326,-118.527623
31.25,l4_search,44.950015,-122.357455
31.25,l4_search,45.768167,-122.734648
31.25,l4_search,47.403100,-123.521436
31.25,l4_search,32.399565,-117.198906
31.25,l4_search,33.242325,-117.450258
31.25,l4_search,34.502046,-117.838464
31.25,l4_search,34.920833,-117.970951
31.25,l4_search,45.255065,-121.883668
31.25,l4_search,45.664860,-122.068634
31.25,l4_search,46.893597,-122.639313
31.25,l4_search,47.303025,-122.834983
31.25,l4_search,47.712411,-123.033469
31.25,l4_search,33.114628,-116.909358
31.25,l4_search,33.535798,-117.033852
31.25,l4_search,34.376415,-117.287265
31.25,l4_search,34.795891,-117.416236
31.25,l4_search,48.020331,-122.540181
31.25,l4_search,32.562100,-116.250666
31.25,l4_search,32.984539,-116.370382
31.25,l4_search,33.406385,-116.491499
31.25,l4_search,33.827653,-116.614042
31.25,l4_search,34.248357,-116.738035
31.25,l4_search,34.668511,-116.863506
31.25,l4_search,47.504915,-121.657375
31.25,l4_search,47.915871,-121.848052
31.25,l4_search,35.955123,-115.691757
31.25,l4_search,35.399914,-115.015955
31.25,l4_search,35.820616,-115.133068
31.25,l4_search,36.660617,-115.371614
31.25,l4_search,35.683677,-114.576564
31.25,l4_search,36.104524,-114.691478
31.25,l4_search,36.524913,-114.807803
31.25,l4_search,35.965768,-114.133576
31.25,l4_search,36.386763,-114.246244
31.25,l4_search,32.859746,-112.850401
31.25,l4_search,32.285769,-112.225298
31.25,l4_search,32.712060,-112.321119
31.25,l4_search,33.137780,-112.418067
31.25,l4_search,32.562051,-111.793995
31.25,l4_search,32.988351,-111.887648
31.25,l4_search,32.836601,-111.359427
31.25,l4_search,33.262912,-111.450873
31.25,l4_search,40.715637,-112.706870
31.25,l4_search,40.149249,-112.007236
31.25,l4_search,40.989184,-112.220805
31.25,l4_search,41.408806,-112.329720
31.25,l4_search,40.420522,-111.522501
31.25,l4_search,40.840866,-111.625840
31.25,l4_search,41.260986,-111.730551
31.25,l4_search,40.690033,-111.033662
31.25,l4_search,41.110634,-111.134201
31.25,l4_search,39.646207,-105.897909
31.25,l4_search,39.046764,-105.270439
31.25,l4_search,39.471425,-105.331032
31.25,l4_search,39.895842,-105.392419
31.25,l4_search,40.320036,-105.454617
31.25,l4_search,39.294288,-104.767208
31.25,l4_search,40.143556,-104.883030
31.25,l4_search,39.539881,-104.260166
31.25,l4_search,39.964714,-104.314585
31.25,l4_search,26.118876,-98.832494
31.25,l4_search,29.630553,-98.961519
31.25,l4_search,30.501781,-98.995632
31.25,l4_search,25.908362,-98.378984
31.25,l4_search,26.350268,-98.391977
31.25,l4_search,26.791410,-98.405113
31.25,l4_search,28.986280,-98.473019
31.25,l4_search,29.859490,-98.501267
31.25,l4_search,30.295149,-98.515635
31.25,l4_search,30.730200,-98.530168
31.25,l4_search,31.164661,-98.544870
31.25,l4_search,26.138141,-97.938325
31.25,l4_search,26.579695,-97.948943
31.25,l4_search,29.213798,-98.015171
31.25,l4_search,29.650438,-98.026650
31.25,l4_search,30.086447,-98.038259
31.25,l4_search,30.521839,-98.050003
31.25,l4_search,30.956633,-98.061882
31.25,l4_search,32.690170,-98.110809
31.25,l4_search,35.275471,-98.188714
31.25,l4_search,25.923986,-97.487051
31.25,l4_search,26.365950,-97.495175
31.25,l4_search,29.439331,-97.554627
31.25,l4_search,29.875683,-97.563509
31.25,l4_search,30.746535,-97.581579
31.25,l4_search,32.048437,-97.609482
31.25,l4_search,32.481307,-97.619003
31.25,l4_search,32.913657,-97.628638
31.25,l4_search,34.638207,-97.668349
31.25,l4_search,35.068220,-97.678582
31.25,l4_search,35.497820,-97.688940
31.25,l4_search,35.927023,-97.699428
31.25,l4_search,32.270364,-97.130012
31.25,l4_search,34.858855,-97.171473
31.25,l4_search,35.288688,-97.178681
31.25,l4_search,35.718117,-97.185978
31.25,l4_search,32.490266,-96.647647
31.25,l4_search,33.354549,-96.655403
31.25,l4_search,35.077449,-96.671484
31.25,l4_search,35.507096,-96.675629
31.25,l4_search,30.103924,-96.156803
31.25,l4_search,32.708129,-96.162386
31.25,l4_search,33.140277,-96.163355
31.25,l4_search,33.571931,-96.164336
31.25,l4_search,29.449254,-95.689034
31.25,l4_search,30.321422,-95.685460
31.25,l4_search,30.756588,-95.683642
31.25,l4_search,32.923944,-95.674227
31.25,l4_search,33.355841,-95.672277
31.25,l4_search,30.536885,-95.211417
31.25,l4_search,39.143978,-95.108684
31.25,l4_search,45.105187,-95.019247
31.25,l4_search,29.879420,-94.749132
31.25,l4_search,30.315165,-94.741944
31.25,l4_search,38.499091,-94.587765
31.25,l4_search,39.352796,-94.569308
31.25,l4_search,44.461996,-94.447579
31.25,l4_search,44.887470,-94.436493
31.25,l4_search,45.313011,-94.425248
31.25,l4_search,38.706048,-94.052028
31.25,l4_search,39.132859,-94.039342
31.25,l4_search,39.559434,-94.026490
31.25,l4_search,44.667535,-93.858004
31.25,l4_search,45.092987,-93.842656
31.25,l4_search,45.518516,-93.827086
31.25,l4_search,38.910824,-93.512938
31.25,l4_search,39.337463,-93.496691
31.25,l4_search,44.020088,-93.302891
31.25,l4_search,44.445404,-93.283775
31.25,l4_search,45.296175,-93.244718
31.25,l4_search,44.221097,-92.713800
31.25,l4_search,44.646345,-92.690432
31.25,l4_search,45.071642,-92.666729
31.25,l4_search,44.419771,-92.120789
31.25,l4_search,44.844939,-92.093114
31.25,l4_search,38.659090,-91.928912
31.25,l4_search,38.002030,-91.442860
31.25,l4_search,38.428865,-91.413507
31.25,l4_search,38.855426,-91.383774
31.25,l4_search,39.281734,-91.353653
31.25,l4_search,30.451652,-91.429711
31.25,l4_search,38.196615,-90.901684
31.25,l4_search,38.623201,-90.868752
31.25,l4_search,39.049521,-90.835392
31.25,l4_search,29.779806,-91.000909
31.25,l4_search,30.215121,-90.972235
31.25,l4_search,30.649821,-90.943229
31.25,l4_search,31.083924,-90.913888
31.25,l4_search,38.388962,-90.357353
31.25,l4_search,39.241359,-90.283776
31.25,l4_search,29.976653,-90.517612
31.25,l4_search,30.411567,-90.486086
31.25,l4_search,30.845874,-90.454196
31.25,l4_search,38.579055,-89.809875
31.25,l4_search,39.005114,-89.769667
31.25,l4_search,39.430923,-89.728935
31.25,l4_search,41.981603,-89.472916
31.25,l4_search,42.830739,-89.382875
31.25,l4_search,29.300492,-90.099463
31.25,l4_search,29.736256,-90.065836
31.25,l4_search,30.171383,-90.031824
31.25,l4_search,30.605892,-89.997420
31.25,l4_search,38.766878,-89.259259
31.25,l4_search,39.192660,-89.215356
31.25,l4_search,41.318289,-88.986986
31.25,l4_search,41.742901,-88.939458
31.25,l4_search,42.167390,-88.891283
31.25,l4_search,42.591778,-88.842447
31.25,l4_search,43.016087,-88.792936
31.25,l4_search,29.493940,-89.616902
31.25,l4_search,29.929279,-89.580437
31.25,l4_search,30.363988,-89.543553
31.25,l4_search,41.502193,-88.410059
31.25,l4_search,42.350801,-88.306193
31.25,l4_search,42.774953,-88.253189
31.25,l4_search,43.199033,-88.199452
31.25,l4_search,29.685263,-89.131918
31.25,l4_search,30.120172,-89.092588
31.25,l4_search,40.835114,-87.938903
31.25,l4_search,41.259496,-87.884706
31.25,l4_search,42.531818,-87.717662
31.25,l4_search,42.955721,-87.660446
31.25,l4_search,35.907058,-88.005883
31.25,l4_search,40.166116,-87.477526
31.25,l4_search,41.014828,-87.363384
31.25,l4_search,41.438924,-87.305163
31.25,l4_search,41.862874,-87.246153
31.25,l4_search,35.233205,-87.576570
31.25,l4_search,35.661015,-87.524532
31.25,l4_search,36.088417,-87.471849
31.25,l4_search,36.515431,-87.418508
31.25,l4_search,39.495166,-87.025646
31.25,l4_search,39.919727,-86.966576
31.25,l4_search,40.344068,-86.906726
31.25,l4_search,40.768206,-86.846079
31.25,l4_search,41.192164,-86.784621
31.25,l4_search,41.615960,-86.722335
31.25,l4_search,42.039616,-86.659204
31.25,l4_search,42.463153,-86.595211
31.25,l4_search,33.699008,-87.261736
31.25,l4_search,35.413066,-87.046594
31.25,l4_search,35.840490,-86.991148
31.25,l4_search,36.267513,-86.935014
31.25,l4_search,37.971948,-86.703323
31.25,l4_search,39.671407,-86.459519
31.25,l4_search,40.095635,-86.396564
31.25,l4_search,40.519647,-86.332775
31.25,l4_search,43.060312,-85.931578
31.25,l4_search,33.019193,-86.852536
31.25,l4_search,33.448965,-86.797779
31.25,l4_search,33.878238,-86.742365
31.25,l4_search,35.590668,-86.513893
31.25,l4_search,36.017698,-86.455008
31.25,l4_search,36.444331,-86.395390
31.25,l4_search,36.870586,-86.335026
31.25,l4_search,37.296480,-86.273900
31.25,l4_search,37.722030,-86.211999
31.25,l4_search,38.147257,-86.149308
31.25,l4_search,38.572176,-86.085811
31.25,l4_search,38.996808,-86.021494
31.25,l4_search,39.421171,-85.956340
31.25,l4_search,40.269166,-85.823455
31.25,l4_search,42.385811,-85.475399
31.25,l4_search,42.808730,-85.402923
31.25,l4_search,43.231562,-85.329446
31.25,l4_search,33.197049,-86.337046
31.25,l4_search,33.626388,-86.279072
31.25,l4_search,34.055232,-86.220399
31.25,l4_search,35.766000,-85.978480
31.25,l4_search,36.192625,-85.916125
31.25,l4_search,36.618859,-85.852993
31.25,l4_search,37.470222,-85.724336
31.25,l4_search,37.895387,-85.658781
31.25,l4_search,38.320232,-85.592388
31.25,l4_search,39.169035,-85.457021
31.25,l4_search,39.593031,-85.388014
31.25,l4_search,40.016781,-85.318102
31.25,l4_search,42.555228,-84.878579
31.25,l4_search,42.977817,-84.801801
31.25,l4_search,43.400324,-84.723961
31.25,l4_search,33.372674,-85.819030
31.25,l4_search,33.801572,-85.757809
31.25,l4_search,35.939046,-85.440367
31.25,l4_search,36.365257,-85.374513
31.25,l4_search,37.641638,-85.171949
31.25,l4_search,38.066407,-85.102708
31.25,l4_search,38.490859,-85.032579
31.25,l4_search,38.915014,-84.961547
31.25,l4_search,39.338891,-84.889592
31.25,l4_search,39.762507,-84.816698
31.25,l4_search,40.185881,-84.742846
31.25,l4_search,40.609034,-84.668016
31.25,l4_search,41.877360,-84.437466
31.25,l4_search,42.299824,-84.358528
31.25,l4_search,42.722167,-84.278510
31.25,l4_search,43.144411,-84.197390
31.25,l4_search,33.546057,-85.298499
31.25,l4_search,34.402468,-85.168733
31.25,l4_search,36.109795,-84.899570
31.25,l4_search,38.659123,-84.469899
31.25,l4_search,39.506359,-84.319225
31.25,l4_search,39.929583,-84.242409
31.25,l4_search,40.352570,-84.164582
31.25,l4_search,42.042535,-83.842746
31.25,l4_search,42.464631,-83.759549
31.25,l4_search,42.886610,-83.675212
31.25,l4_search,32.859696,-84.908652
31.25,l4_search,33.288700,-84.842455
31.25,l4_search,33.717188,-84.775467
31.25,l4_search,34.145178,-84.707673
31.25,l4_search,34.572685,-84.639060
31.25,l4_search,35.426322,-84.499313
31.25,l4_search,35.852485,-84.428149
31.25,l4_search,36.278234,-84.356104
31.25,l4_search,36.703586,-84.283160
31.25,l4_search,38.825010,-83.904365
31.25,l4_search,39.248353,-83.825664
31.25,l4_search,39.671424,-83.745938
31.25,l4_search,40.094243,-83.665167
31.25,l4_search,40.516829,-83.583330
31.25,l4_search,40.939200,-83.500407
31.25,l4_search,41.361377,-83.416375
31.25,l4_search,41.783379,-83.331212
31.25,l4_search,43.048539,-83.068708
31.25,l4_search,33.029509,-84.389663
31.25,l4_search,33.458037,-84.320221
31.25,l4_search,34.313575,-84.178827
31.25,l4_search,34.740619,-84.106846
31.25,l4_search,35.593338,-83.960235
31.25,l4_search,36.019048,-83.885573
31.25,l4_search,36.444348,-83.809984
31.25,l4_search,39.834072,-83.169752
31.25,l4_search,40.256473,-83.084992
31.25,l4_search,40.678644,-82.999112
31.25,l4_search,41.522372,-82.823903
31.25,l4_search,42.365415,-82.643938
31.25,l4_search,42.786730,-82.552112
31.25,l4_search,43.207934,-82.459023
31.25,l4_search,33.197064,-83.868253
31.25,l4_search,33.625108,-83.795540
31.25,l4_search,34.052643,-83.721955
31.25,l4_search,34.479687,-83.647482
31.25,l4_search,35.758039,-83.418576
31.25,l4_search,36.183285,-83.340388
31.25,l4_search,39.994285,-82.590686
31.25,l4_search,40.416255,-82.501905
31.25,l4_search,40.837997,-82.411949
31.25,l4_search,41.259532,-82.320795
31.25,l4_search,41.680878,-82.228418
31.25,l4_search,33.362350,-83.344436
31.25,l4_search,33.789899,-83.268427
31.25,l4_search,34.216944,-83.191506
31.25,l4_search,35.069586,-83.034858
31.25,l4_search,40.994873,-81.821865
31.25,l4_search,41.836877,-81.629945
31.25,l4_search,33.525355,-82.818229
31.25,l4_search,33.952400,-82.738899
31.25,l4_search,34.378945,-82.658616
31.25,l4_search,34.805005,-82.577361
31.25,l4_search,35.230596,-82.495117
31.25,l4_search,35.655736,-82.411866
31.25,l4_search,40.307348,-81.424005
31.25,l4_search,40.728413,-81.327087
31.25,l4_search,41.149256,-81.228882
31.25,l4_search,41.569896,-81.129365
31.25,l4_search,30.253922,-82.917209
31.25,l4_search,34.538634,-82.123302
31.25,l4_search,34.964186,-82.038618
31.25,l4_search,35.389273,-81.952902
31.25,l4_search,40.460167,-80.836438
31.25,l4_search,40.880758,-80.735404
31.25,l4_search,41.301129,-80.633028
31.25,l4_search,27.383901,-82.936304
31.25,l4_search,27.819279,-82.863851
31.25,l4_search,28.253919,-82.790595
31.25,l4_search,28.687837,-82.716523
31.25,l4_search,29.553576,-82.565874
31.25,l4_search,29.985428,-82.489270
31.25,l4_search,30.416623,-82.411794
31.25,l4_search,30.847178,-82.333429
31.25,l4_search,34.695999,-81.585582
31.25,l4_search,35.121034,-81.497445
31.25,l4_search,35.545605,-81.408231
31.25,l4_search,35.969731,-81.317922
31.25,l4_search,39.769552,-80.452349
31.25,l4_search,40.190149,-80.349891
31.25,l4_search,40.610489,-80.246085
31.25,l4_search,41.030592,-80.140907
31.25,l4_search,42.289666,-79.816855
31.25,l4_search,27.112797,-82.523774
31.25,l4_search,27.548345,-82.449304
31.25,l4_search,28.417205,-82.297884
31.25,l4_search,28.850551,-82.220906
31.25,l4_search,29.715155,-82.064346
31.25,l4_search,30.146445,-81.984735
31.25,l4_search,30.577081,-81.904215
31.25,l4_search,34.851029,-81.045475
31.25,l4_search,35.699581,-80.861125
31.25,l4_search,36.546356,-80.672213
31.25,l4_search,39.918374,-79.867420
31.25,l4_search,40.758300,-79.652974
31.25,l4_search,42.435470,-79.206696
31.25,l4_search,42.854315,-79.091333
31.25,l4_search,43.273020,-78.974392
31.25,l4_search,27.275631,-82.037589
31.25,l4_search,27.710588,-81.960293
31.25,l4_search,28.144798,-81.882143
31.25,l4_search,28.578278,-81.803124
31.25,l4_search,29.011044,-81.723222
31.25,l4_search,29.874498,-81.560711
31.25,l4_search,30.305218,-81.478071
31.25,l4_search,35.003712,-80.503000
31.25,l4_search,35.427678,-80.407883
31.25,l4_search,35.851186,-80.311603
31.25,l4_search,36.274252,-80.214136
31.25,l4_search,36.696892,-80.115463
31.25,l4_search,37.119123,-80.015560
31.25,l4_search,40.064698,-79.279816
31.25,l4_search,40.484267,-79.169202
31.25,l4_search,42.578683,-78.593687
31.25,l4_search,42.997012,-78.473883
31.25,l4_search,43.415203,-78.352437
31.25,l4_search,27.436264,-81.549426
31.25,l4_search,27.870623,-81.469285
31.25,l4_search,29.169308,-81.223485
31.25,l4_search,36.000411,-79.759686
31.25,l4_search,36.422929,-79.658605
31.25,l4_search,36.845024,-79.556271
31.25,l4_search,42.719289,-77.977861
31.25,l4_search,43.137086,-77.853585
31.25,l4_search,43.554743,-77.727605
31.25,l4_search,27.594686,-81.059297
31.25,l4_search,28.028441,-80.976295
31.25,l4_search,28.461457,-80.892373
31.25,l4_search,28.893748,-80.807516
31.25,l4_search,35.301988,-79.411027
31.25,l4_search,35.724842,-79.308838
31.25,l4_search,36.147241,-79.205396
31.25,l4_search,36.569200,-79.100677
31.25,l4_search,42.857271,-77.359251
31.25,l4_search,43.274517,-77.230475
31.25,l4_search,26.010632,-80.901527
31.25,l4_search,26.882331,-80.736188
31.25,l4_search,35.447558,-78.861572
31.25,l4_search,36.291665,-78.648757
31.25,l4_search,37.974751,-78.207058
31.25,l4_search,38.813991,-77.977771
31.25,l4_search,39.651874,-77.742570
31.25,l4_search,40.488536,-77.501229
31.25,l4_search,25.293421,-80.586055
31.25,l4_search,26.602735,-80.333788
31.25,l4_search,27.037557,-80.247871
31.25,l4_search,35.590734,-78.309834
31.25,l4_search,36.012429,-78.200485
31.25,l4_search,37.274859,-77.864273
31.25,l4_search,37.694836,-77.749397
31.25,l4_search,38.114425,-77.633075
31.25,l4_search,38.533642,-77.515280
31.25,l4_search,39.371024,-77.275158
31.25,l4_search,39.789222,-77.152773
31.25,l4_search,40.207116,-77.028799
31.25,l4_search,40.624721,-76.903206
31.25,l4_search,41.042056,-76.775962
31.25,l4_search,25.448984,-80.106936
31.25,l4_search,26.321394,-79.934182
31.25,l4_search,26.756376,-79.846403
31.25,l4_search,37.413242,-77.295550
31.25,l4_search,37.832624,-77.176874
31.25,l4_search,38.251617,-77.056703
31.25,l4_search,39.924030,-76.560494
31.25,l4_search,40.341327,-76.432411
31.25,l4_search,40.758335,-76.302654
31.25,l4_search,36.710379,-76.964980
31.25,l4_search,37.129978,-76.845489
31.25,l4_search,37.549156,-76.724508
31.25,l4_search,37.967929,-76.602011
31.25,l4_search,38.386313,-76.477969
31.25,l4_search,38.804324,-76.352353
31.25,l4_search,39.221978,-76.225135
31.25,l4_search,39.639293,-76.096282
31.25,l4_search,40.056284,-75.965764
31.25,l4_search,40.472968,-75.833550
31.25,l4_search,40.889363,-75.699605
31.25,l4_search,37.264034,-76.275949
31.25,l4_search,37.682589,-76.151175
31.25,l4_search,39.352916,-75.636132
31.25,l4_search,40.602025,-75.232247
31.25,l4_search,41.017790,-75.094094
31.25,l4_search,41.848517,-74.812291
31.25,l4_search,42.678288,-74.522919
31.25,l4_search,36.977269,-75.831170
31.25,l4_search,37.395609,-75.704167
31.25,l4_search,39.481302,-75.044785
31.25,l4_search,41.143603,-74.486153
31.25,l4_search,41.558447,-74.341892
31.25,l4_search,41.973033,-74.195718
31.25,l4_search,42.387378,-74.047592
31.25,l4_search,42.801499,-73.897477
31.25,l4_search,39.607124,-74.451127
31.25,l4_search,40.022515,-74.310074
31.25,l4_search,41.266787,-73.875820
31.25,l4_search,41.680967,-73.727251
31.25,l4_search,42.094886,-73.576710
31.25,l4_search,42.508561,-73.424160
31.25,l4_search,42.922009,-73.269559
31.25,l4_search,39.730368,-73.855190
31.25,l4_search,40.145086,-73.710031
31.25,l4_search,41.800826,-73.110234
31.25,l4_search,42.214060,-72.955307
31.25,l4_search,42.627048,-72.798311
31.25,l4_search,40.678749,-72.956508
31.25,l4_search,41.092131,-72.803320
31.25,l4_search,41.505213,-72.648124
31.25,l4_search,41.918011,-72.490880
31.25,l4_search,42.330542,-72.331548
31.25,l4_search,43.154872,-72.006457
31.25,l4_search,40.795387,-72.347780
31.25,l4_search,41.208058,-72.190341
31.25,l4_search,41.620426,-72.030837
31.25,l4_search,42.032507,-71.869228
31.25,l4_search,42.444318,-71.705474
31.25,l4_search,42.855875,-71.539531
31.25,l4_search,43.267195,-71.371358
31.25,l4_search,42.966187,-70.906685
31.25,l4_search,43.376759,-70.733953
15.625,l5_search,36.928367,-122.018401
15.625,l5_search,37.134414,-122.099594
15.625,l5_search,37.340336,-122.181283
15.625,l5_search,37.546134,-122.263471
15.625,l5_search,37.751810,-122.346164
15.625,l5_search,37.957366,-122.429365
15.625,l5_search,38.162803,-122.513080
15.625,l5_search,38.368124,-122.597312
15.625,l5_search,37.081495,-121.809430
15.625,l5_search,37.287613,-121.890170
15.625,l5_search,37.493608,-121.971404
15.625,l5_search,37.699482,-122.053137
15.625,l5_search,37.905236,-122.135372
15.625,l5_search,38.110873,-122.218115
15.625,l5_search,38.316393,-122.301370
15.625,l5_search,37.234249,-121.599514
15.625,l5_search,37.440440,-121.679795
15.625,l5_search,37.646510,-121.760569
15.625,l5_search,37.852460,-121.841840
15.625,l5_search,38.058293,-121.923612
15.625,l5_search,38.264011,-122.005890
15.625,l5_search,38.622466,-121.875004
15.625,l5_search,38.363294,-121.497169
15.625,l5_search,38.569176,-121.578500
15.625,l5_search,38.774948,-121.660340
15.625,l5_search,38.980612,-121.742691
15.625,l5_search,38.515235,-121.282477
15.625,l5_search,38.721200,-121.363326
15.625,l5_search,38.927058,-121.444681
15.625,l5_search,38.666802,-121.066798
15.625,l5_search,38.872852,-121.147158
15.625,l5_search,34.253404,-119.211603
15.625,l5_search,33.984674,-118.866945
15.625,l5_search,34.193847,-118.935539
15.625,l5_search,34.402876,-119.004538
15.625,l5_search,33.714830,-118.524878
15.625,l5_search,34.133679,-118.659940
15.625,l5_search,34.342887,-118.728068
15.625,l5_search,34.551955,-118.796600
15.625,l5_search,45.273526,-123.017351
15.625,l5_search,33.653696,-118.251470
15.625,l5_search,33.863371,-118.317944
15.625,l5_search,34.072901,-118.384809
15.625,l5_search,34.282288,-118.452068
15.625,l5_search,34.491534,-118.519725
15.625,l5_search,45.018415,-122.592347
15.625,l5_search,45.222868,-122.686588
15.625,l5_search,45.427282,-122.781482
15.625,l5_search,45.631660,-122.877035
15.625,l5_search,33.591957,-117.978529
15.625,l5_search,33.801808,-118.044146
15.625,l5_search,34.011515,-118.110149
15.625,l5_search,34.221079,-118.176541
15.625,l5_search,34.430502,-118.243325
15.625,l5_search,45.171491,-122.356394
15.625,l5_search,45.376106,-122.450063
15.625,l5_search,45.580684,-122.544383
15.625,l5_search,33.319441,-117.641676
15.625,l5_search,33.529614,-117.706060
15.625,l5_search,33.739641,-117.770822
15.625,l5_search,33.949523,-117.835964
15.625,l5_search,34.159262,-117.901490
15.625,l5_search,34.368860,-117.967404
15.625,l5_search,45.324209,-122.119222
15.625,l5_search,45.528986,-122.212310
15.625,l5_search,32.624385,-117.182125
15.625,l5_search,32.835182,-117.244563
15.625,l5_search,33.045826,-117.307363
15.625,l5_search,33.466668,-117.434065
15.625,l5_search,33.676868,-117.497973
15.625,l5_search,33.886924,-117.562257
15.625,l5_search,34.096837,-117.626919
15.625,l5_search,34.306609,-117.691964
15.625,l5_search,47.115394,-122.639304
15.625,l5_search,47.524927,-122.835735
15.625,l5_search,32.560149,-116.913965
15.625,l5_search,32.771118,-116.975571
15.625,l5_search,32.981935,-117.037534
15.625,l5_search,33.613493,-117.225604
15.625,l5_search,33.823721,-117.289031
15.625,l5_search,34.033806,-117.352832
15.625,l5_search,34.243751,-117.417009
15.625,l5_search,46.858841,-122.202407
15.625,l5_search,47.063824,-122.298278
15.625,l5_search,47.268795,-122.394835
15.625,l5_search,47.473757,-122.492085
15.625,l5_search,47.678713,-122.590035
15.625,l5_search,47.883666,-122.688694
15.625,l5_search,32.495318,-116.646278
15.625,l5_search,32.706458,-116.707054
15.625,l5_search,32.917445,-116.768183
15.625,l5_search,33.759915,-117.016290
15.625,l5_search,33.970171,-117.079231
15.625,l5_search,34.180287,-117.142543
15.625,l5_search,47.011514,-121.957867
15.625,l5_search,47.216682,-122.053119
15.625,l5_search,47.421842,-122.149055
15.625,l5_search,47.626996,-122.245682
15.625,l5_search,47.832147,-122.343007
15.625,l5_search,32.641202,-116.439015
15.625,l5_search,32.852359,-116.499311
15.625,l5_search,33.905932,-116.806119
15.625,l5_search,34.116217,-116.868569
15.625,l5_search,47.163828,-121.712028
15.625,l5_search,47.369182,-121.806652
15.625,l5_search,47.574532,-121.901957
15.625,l5_search,47.779879,-121.997952
15.625,l5_search,36.177789,-115.669236
15.625,l5_search,35.900774,-115.328981
15.625,l5_search,36.110822,-115.388738
15.625,l5_search,36.320754,-115.448861
15.625,l5_search,36.530572,-115.509353
15.625,l5_search,36.043243,-115.108787
15.625,l5_search,36.253332,-115.167996
15.625,l5_search,36.463306,-115.227568
15.625,l5_search,36.185298,-114.887684
15.625,l5_search,36.395427,-114.946338
15.625,l5_search,33.361214,-112.386270
15.625,l5_search,33.073945,-112.072158
15.625,l5_search,33.286765,-112.119998
15.625,l5_search,33.499449,-112.168121
15.625,l5_search,33.711999,-112.216530
15.625,l5_search,33.211734,-111.854277
15.625,l5_search,33.424561,-111.901565
15.625,l5_search,33.637254,-111.949134
15.625,l5_search,33.349091,-111.635565
15.625,l5_search,33.561925,-111.682296
15.625,l5_search,40.516615,-112.561951
15.625,l5_search,40.233484,-112.212316
15.625,l5_search,40.443463,-112.265925
15.625,l5_search,40.653380,-112.319886
15.625,l5_search,40.863237,-112.374204
15.625,l5_search,40.369683,-111.970576
15.625,l5_search,40.579727,-112.023506
15.625,l5_search,40.789710,-112.076785
15.625,l5_search,40.505444,-111.727810
15.625,l5_search,40.715552,-111.780054
15.625,l5_search,39.689721,-105.272186
15.625,l5_search,39.389009,-104.959681
15.625,l5_search,39.601347,-104.989024
15.625,l5_search,39.813627,-105.018558
15.625,l5_search,40.025850,-105.048287
15.625,l5_search,39.512386,-104.706633
15.625,l5_search,39.724747,-104.735203
15.625,l5_search,39.937051,-104.763961
15.625,l5_search,39.635280,-104.452626
15.625,l5_search,39.847663,-104.480418
15.625,l5_search,29.414345,-98.875447
15.625,l5_search,29.092227,-98.631221
15.625,l5_search,29.310682,-98.638682
15.625,l5_search,29.528975,-98.646184
15.625,l5_search,29.747109,-98.653729
15.625,l5_search,29.206503,-98.402554
15.625,l5_search,29.424887,-98.409376
15.625,l5_search,29.643111,-98.416237
15.625,l5_search,29.320284,-98.173211
15.625,l5_search,29.538598,-98.179391
15.625,l5_search,30.305598,-97.965517
15.625,l5_search,29.982543,-97.722288
15.625,l5_search,30.200401,-97.727229
15.625,l5_search,30.418107,-97.732198
15.625,l5_search,30.094690,-97.489601
15.625,l5_search,30.312479,-97.493881
15.625,l5_search,30.530117,-97.498185
15.625,l5_search,32.698630,-97.542630
15.625,l5_search,33.130730,-97.551838
15.625,l5_search,30.206338,-97.256229
15.625,l5_search,30.424057,-97.259843
15.625,l5_search,32.377017,-97.293333
15.625,l5_search,32.593329,-97.297165
15.625,l5_search,32.809512,-97.301019
15.625,l5_search,33.025569,-97.304896
15.625,l5_search,33.241501,-97.308796
15.625,l5_search,33.457310,-97.312720
15.625,l5_search,32.487509,-97.052408
15.625,l5_search,32.703762,-97.055530
15.625,l5_search,32.919887,-97.058671
15.625,l5_search,33.135886,-97.061831
15.625,l5_search,33.351763,-97.065009
15.625,l5_search,32.597494,-96.810754
15.625,l5_search,32.813687,-96.813164
15.625,l5_search,33.029753,-96.815587
15.625,l5_search,33.245695,-96.818025
15.625,l5_search,32.706969,-96.568374
15.625,l5_search,32.923102,-96.570065
15.625,l5_search,33.139109,-96.571767
15.625,l5_search,32.815934,-96.325265
15.625,l5_search,33.032006,-96.326235
15.625,l5_search,29.886091,-96.078172
15.625,l5_search,29.558776,-95.844290
15.625,l5_search,29.776973,-95.843846
15.625,l5_search,29.995014,-95.843399
15.625,l5_search,30.212899,-95.842950
15.625,l5_search,29.667350,-95.610189
15.625,l5_search,29.885468,-95.609076
15.625,l5_search,30.103429,-95.607956
15.625,l5_search,29.338871,-95.378969
15.625,l5_search,29.557224,-95.377202
15.625,l5_search,29.775417,-95.375426
15.625,l5_search,29.993454,-95.373639
15.625,l5_search,30.211337,-95.371842
15.625,l5_search,30.429067,-95.370034
15.625,l5_search,29.446594,-95.144884
15.625,l5_search,29.664864,-95.142448
15.625,l5_search,29.882976,-95.139999
15.625,l5_search,30.100932,-95.137535
15.625,l5_search,30.318735,-95.135057
15.625,l5_search,38.929984,-95.022743
15.625,l5_search,29.553808,-94.910144
15.625,l5_search,29.771995,-94.907035
15.625,l5_search,29.990025,-94.903909
15.625,l5_search,30.207900,-94.900764
15.625,l5_search,38.607605,-94.762276
15.625,l5_search,38.821096,-94.758264
15.625,l5_search,39.034525,-94.754227
15.625,l5_search,39.247894,-94.750163
15.625,l5_search,38.711682,-94.494661
15.625,l5_search,38.925134,-94.489775
15.625,l5_search,39.138524,-94.484857
15.625,l5_search,38.815216,-94.226203
15.625,l5_search,39.028627,-94.220436
15.625,l5_search,44.878823,-93.752683
15.625,l5_search,44.555133,-93.473218
15.625,l5_search,44.767821,-93.464215
15.625,l5_search,44.980523,-93.455147
15.625,l5_search,45.193243,-93.446015
15.625,l5_search,44.656272,-93.176819
15.625,l5_search,44.868948,-93.166743
15.625,l5_search,45.081640,-93.156595
15.625,l5_search,44.756828,-92.879420
15.625,l5_search,44.969490,-92.868264
15.625,l5_search,38.833040,-90.763549
15.625,l5_search,38.502824,-90.524478
15.625,l5_search,38.716008,-90.506770
15.625,l5_search,38.929126,-90.488947
15.625,l5_search,39.142181,-90.471009
15.625,l5_search,38.598473,-90.250901
15.625,l5_search,38.811592,-90.232283
15.625,l5_search,39.024646,-90.213544
15.625,l5_search,38.693558,-89.976535
15.625,l5_search,38.906610,-89.957001
15.625,l5_search,41.950550,-88.822588
15.625,l5_search,41.618032,-88.581897
15.625,l5_search,41.830244,-88.556728
15.625,l5_search,42.042425,-88.531388
15.625,l5_search,42.254580,-88.505876
15.625,l5_search,41.709438,-88.291889
15.625,l5_search,41.921586,-88.265700
15.625,l5_search,42.133705,-88.239333
15.625,l5_search,41.375987,-88.054918
15.625,l5_search,41.588135,-88.028069
15.625,l5_search,41.800249,-88.001038
15.625,l5_search,42.012332,-87.973824
15.625,l5_search,42.224387,-87.946424
15.625,l5_search,42.436416,-87.918837
15.625,l5_search,41.466338,-87.765266
15.625,l5_search,41.678417,-87.737401
15.625,l5_search,41.890464,-87.709346
15.625,l5_search,42.102481,-87.681101
15.625,l5_search,42.314469,-87.652664
15.625,l5_search,41.556092,-87.474786
15.625,l5_search,41.768102,-87.445899
15.625,l5_search,39.877333,-86.338466
15.625,l5_search,39.540168,-86.118253
15.625,l5_search,39.752262,-86.085826
15.625,l5_search,39.964298,-86.053186
15.625,l5_search,40.176278,-86.020332
15.625,l5_search,39.626715,-85.834160
15.625,l5_search,39.838721,-85.800760
15.625,l5_search,40.050668,-85.767140
15.625,l5_search,39.712668,-85.549312
15.625,l5_search,39.924584,-85.514935
15.625,l5_search,39.119797,-84.837198
15.625,l5_search,38.779975,-84.627237
15.625,l5_search,38.991895,-84.590371
15.625,l5_search,39.203746,-84.553267
15.625,l5_search,39.415530,-84.515921
15.625,l5_search,38.863528,-84.344506
15.625,l5_search,39.075347,-84.306680
15.625,l5_search,39.287097,-84.268609
15.625,l5_search,42.245693,-83.708497
15.625,l5_search,42.667673,-83.624110
15.625,l5_search,38.946485,-84.061058
15.625,l5_search,39.158201,-84.022269
15.625,l5_search,41.905145,-83.494190
15.625,l5_search,42.116121,-83.451645
15.625,l5_search,42.327062,-83.408811
15.625,l5_search,42.537972,-83.365685
15.625,l5_search,42.748852,-83.322264
15.625,l5_search,42.959707,-83.278546
15.625,l5_search,33.923885,-84.659675
15.625,l5_search,41.986085,-83.195859
15.625,l5_search,42.196962,-83.152249
15.625,l5_search,42.407806,-83.108342
15.625,l5_search,42.618618,-83.064136
15.625,l5_search,42.829402,-83.019627
15.625,l5_search,33.580350,-84.465849
15.625,l5_search,33.794394,-84.431192
15.625,l5_search,34.008315,-84.396328
15.625,l5_search,34.222112,-84.361254
15.625,l5_search,42.277178,-82.852078
15.625,l5_search,42.487922,-82.807093
15.625,l5_search,42.698635,-82.761802
15.625,l5_search,33.664448,-84.203537
15.625,l5_search,33.878373,-84.168055
15.625,l5_search,34.092175,-84.132359
15.625,l5_search,33.747977,-83.940611
15.625,l5_search,33.961783,-83.904300
15.625,l5_search,41.461341,-82.183327
15.625,l5_search,41.118411,-81.979898
15.625,l5_search,41.329015,-81.932831
15.625,l5_search,41.539572,-81.885448
15.625,l5_search,41.196238,-81.683383
15.625,l5_search,41.406730,-81.635268
15.625,l5_search,41.617176,-81.586832
15.625,l5_search,41.273438,-81.386142
15.625,l5_search,41.483818,-81.336976
15.625,l5_search,28.027949,-82.751730
15.625,l5_search,35.323905,-81.369731
15.625,l5_search,40.390194,-80.208543
15.625,l5_search,27.675170,-82.580984
15.625,l5_search,27.892603,-82.543744
15.625,l5_search,28.109852,-82.506299
15.625,l5_search,34.976656,-81.188220
15.625,l5_search,35.188958,-81.142902
15.625,l5_search,35.401144,-81.097308
15.625,l5_search,40.044200,-80.019043
15.625,l5_search,40.254307,-79.966347
15.625,l5_search,40.464351,-79.913306
15.625,l5_search,40.674332,-79.859916
15.625,l5_search,27.756812,-82.336473
15.625,l5_search,27.974099,-82.298520
15.625,l5_search,28.191203,-82.260357
15.625,l5_search,35.053572,-80.916947
15.625,l5_search,35.265740,-80.870756
15.625,l5_search,35.477793,-80.824283
15.625,l5_search,40.117985,-79.725174
15.625,l5_search,40.327964,-79.671457
15.625,l5_search,40.537879,-79.617387
15.625,l5_search,27.837903,-82.091458
15.625,l5_search,28.055044,-82.052789
15.625,l5_search,35.129898,-80.645081
15.625,l5_search,35.341932,-80.598013
15.625,l5_search,40.191143,-79.430634
15.625,l5_search,40.400992,-79.375892
15.625,l5_search,28.352246,-81.766949
15.625,l5_search,28.785328,-81.687079
15.625,l5_search,27.998428,-81.599922
15.625,l5_search,28.215273,-81.559816
15.625,l5_search,28.431936,-81.519487
15.625,l5_search,28.648419,-81.478934
15.625,l5_search,28.864723,-81.438155
15.625,l5_search,29.080852,-81.397148
15.625,l5_search,28.077859,-81.353405
15.625,l5_search,28.294556,-81.312576
15.625,l5_search,28.511070,-81.271521
15.625,l5_search,28.727405,-81.230237
15.625,l5_search,28.943561,-81.188723
15.625,l5_search,28.156736,-81.106392
15.625,l5_search,28.373282,-81.064838
15.625,l5_search,28.589647,-81.023054
15.625,l5_search,28.805832,-80.981037
15.625,l5_search,35.925221,-79.173632
15.625,l5_search,35.575420,-79.001564
15.625,l5_search,35.786617,-78.949175
15.625,l5_search,35.997700,-78.896466
15.625,l5_search,36.208671,-78.843434
15.625,l5_search,25.782137,-80.869023
15.625,l5_search,26.218755,-80.786856
15.625,l5_search,35.647586,-78.725616
15.625,l5_search,35.858639,-78.672331
15.625,l5_search,36.069577,-78.618720
15.625,l5_search,39.011897,-77.832197
15.625,l5_search,25.642196,-80.669964
15.625,l5_search,25.860655,-80.628527
15.625,l5_search,26.078908,-80.586869
15.625,l5_search,26.296957,-80.544985
15.625,l5_search,26.514804,-80.502876
15.625,l5_search,35.719152,-78.449097
15.625,l5_search,35.930058,-78.394912
15.625,l5_search,38.662225,-77.659191
15.625,l5_search,38.871723,-77.600075
15.625,l5_search,39.081136,-77.540580
15.625,l5_search,39.290465,-77.480705
15.625,l5_search,25.720324,-80.429690
15.625,l5_search,25.938624,-80.387570
15.625,l5_search,26.156718,-80.345223
15.625,l5_search,26.374608,-80.302648
15.625,l5_search,38.731129,-77.368940
15.625,l5_search,38.940480,-77.308837
15.625,l5_search,39.149746,-77.248349
15.625,l5_search,39.568031,-77.126208
15.625,l5_search,25.579556,-80.231536
15.625,l5_search,25.797902,-80.188958
15.625,l5_search,26.016041,-80.146152
15.625,l5_search,26.233975,-80.103116
15.625,l5_search,38.380739,-77.199113
15.625,l5_search,38.590118,-77.138790
15.625,l5_search,38.799408,-77.078084
15.625,l5_search,39.008610,-77.016992
15.625,l5_search,39.217728,-76.955509
15.625,l5_search,39.426762,-76.893632
15.625,l5_search,39.635715,-76.831357
15.625,l5_search,39.844589,-76.768680
15.625,l5_search,38.448690,-76.909621
15.625,l5_search,38.657919,-76.848319
15.625,l5_search,38.867058,-76.786628
15.625,l5_search,39.076110,-76.724543
15.625,l5_search,39.285077,-76.662062
15.625,l5_search,39.493961,-76.599180
15.625,l5_search,39.702763,-76.535893
15.625,l5_search,38.516015,-76.619538
15.625,l5_search,38.725092,-76.557254
15.625,l5_search,38.934079,-76.494575
15.625,l5_search,39.142979,-76.431495
15.625,l5_search,39.351793,-76.368013
15.625,l5_search,39.560525,-76.304122
15.625,l5_search,36.907866,-76.820970
15.625,l5_search,39.834947,-75.943145
15.625,l5_search,40.251703,-75.811239
15.625,l5_search,36.555742,-76.658501
15.625,l5_search,36.765515,-76.598131
15.625,l5_search,36.975178,-76.537389
15.625,l5_search,37.184735,-76.476270
15.625,l5_search,39.483319,-75.778122
15.625,l5_search,39.691740,-75.712208
15.625,l5_search,39.900080,-75.645869
15.625,l5_search,40.108340,-75.579102
15.625,l5_search,40.316523,-75.511903
15.625,l5_search,40.524630,-75.444267
15.625,l5_search,36.622750,-76.376223
15.625,l5_search,36.832367,-76.314924
15.625,l5_search,37.041873,-76.253247
15.625,l5_search,39.548126,-75.482288
15.625,l5_search,39.756388,-75.415358
15.625,l5_search,39.964570,-75.347997
15.625,l5_search,40.172671,-75.280201
15.625,l5_search,40.380696,-75.211965
15.625,l5_search,40.796521,-75.074159
15.625,l5_search,36.689144,-76.093393
15.625,l5_search,36.898602,-76.031163
15.625,l5_search,39.612292,-75.185868
15.625,l5_search,39.820395,-75.117919
15.625,l5_search,40.028416,-75.049533
15.625,l5_search,40.236357,-74.980705
15.625,l5_search,40.444221,-74.911430
15.625,l5_search,40.652010,-74.841705
15.625,l5_search,40.859725,-74.771525
15.625,l5_search,41.067368,-74.700886
15.625,l5_search,39.675817,-74.888864
15.625,l5_search,39.883758,-74.819895
15.625,l5_search,40.091617,-74.750481
15.625,l5_search,40.299396,-74.680618
15.625,l5_search,40.507097,-74.610302
15.625,l5_search,40.714723,-74.539529
15.625,l5_search,40.922275,-74.468294
15.625,l5_search,39.738699,-74.591282
15.625,l5_search,39.946475,-74.521289
15.625,l5_search,40.154170,-74.450845
15.625,l5_search,40.361785,-74.379945
15.625,l5_search,40.569322,-74.308586
15.625,l5_search,40.776782,-74.236762
15.625,l5_search,40.984169,-74.164469
15.625,l5_search,40.216075,-74.150630
15.625,l5_search,40.423523,-74.078691
15.625,l5_search,40.630893,-74.006285
15.625,l5_search,40.838187,-73.933407
15.625,l5_search,41.045407,-73.860054
15.625,l5_search,41.459633,-73.711903
15.625,l5_search,40.277329,-73.849840
15.625,l5_search,40.484609,-73.776859
15.625,l5_search,40.691810,-73.703404
15.625,l5_search,40.898935,-73.629471
15.625,l5_search,41.105986,-73.555055
15.625,l5_search,41.312964,-73.480153
15.625,l5_search,41.519872,-73.404757
15.625,l5_search,41.726712,-73.328866
15.625,l5_search,40.545040,-73.474454
15.625,l5_search,40.752071,-73.399948
15.625,l5_search,40.959025,-73.324957
15.625,l5_search,41.165904,-73.249476
15.625,l5_search,41.372710,-73.173501
15.625,l5_search,41.579446,-73.097027
15.625,l5_search,40.604815,-73.171481
15.625,l5_search,40.811673,-73.095921
15.625,l5_search,41.018454,-73.019870
15.625,l5_search,41.225160,-72.943322
15.625,l5_search,41.431792,-72.866273
15.625,l5_search,41.811060,-71.860356
15.625,l5_search,42.222903,-71.697125
15.625,l5_search,42.634483,-71.531721
15.625,l5_search,41.455526,-71.713049
15.625,l5_search,41.661442,-71.631680
15.625,l5_search,41.867284,-71.549776
15.625,l5_search,42.073056,-71.467332
15.625,l5_search,42.278760,-71.384343
15.625,l5_search,42.484397,-71.300803
15.625,l5_search,42.689969,-71.216708
15.625,l5_search,42.895479,-71.132051
15.625,l5_search,41.511445,-71.404091
15.625,l5_search,41.717176,-71.321637
15.625,l5_search,41.922833,-71.238641
15.625,l5_search,42.128419,-71.155098
15.625,l5_search,42.333937,-71.071002
15.625,l5_search,42.539387,-70.986348
15.625,l5_search,42.744772,-70.901131
