FIPS,12/14/2020,12/15/2020,12/16/2020
6037,5178.0,4343.0,5504.0
4013,3618.0,3701.0,3883.0
6071,4645.0,4143.0,4865.0
6065,3548.0,3338.0,3797.0
17031,3579.0,3629.0,3615.0
6059,3226.0,2861.0,3483.0
6073,3697.0,3603.0,3997.0
12086,6298.0,6261.0,6251.0
48113,2662.0,2710.0,2752.0
32003,3569.0,3526.0,3475.0
48201,2259.0,2380.0,2404.0
48439,2478.0,2542.0,2725.0
6085,5187.0,4897.0,5387.0
36103,5813.0,5702.0,5639.0
42003,3541.0,3572.0,3549.0
36081,6317.0,6394.0,6476.0
4019,2682.0,2738.0,2815.0
48029,2560.0,2638.0,2610.0
6029,3134.0,3077.0,3656.0
25017,9879.0,9745.0,9658.0
39035,1163.0,1334.0,1406.0
36047,5290.0,5288.0,5368.0
6067,3027.0,2818.0,3212.0
42101,3807.0,3795.0,3733.0
12011,4228.0,4195.0,4260.0
39049,1914.0,1951.0,1914.0
18097,4277.0,4335.0,4295.0
49035,4400.0,4443.0,4426.0
6019,2918.0,2824.0,2989.0
36059,6321.0,6205.0,6244.0
44007,9760.0,9782.0,9847.0
6001,3881.0,3556.0,4170.0
25009,8754.0,8788.0,8707.0
47000,,,
47157,4456.0,4422.0,4329.0
26163,3910.0,3830.0,3736.0
12095,2671.0,2590.0,2625.0
48085,3021.0,3090.0,3251.0
47037,3932.0,3820.0,3880.0
9009,1063.0,1027.0,2489.0
53033,4018.0,4158.0,4220.0
40109,1633.0,1669.0,1628.0
9003,1217.0,1235.0,2668.0
12057,2207.0,2147.0,2223.0
55079,4063.0,3854.0,4198.0
39061,2512.0,2557.0,2542.0
9001,1332.0,1042.0,2436.0
37119,3484.0,3692.0,3819.0
27053,6997.0,6932.0,6785.0
48121,2325.0,2392.0,2542.0
29189,1169.0,1181.0,1172.0
25025,14369.0,14249.0,14110.0
36055,5804.0,5869.0,5647.0
6111,4022.0,3415.0,3366.0
36119,6827.0,6697.0,6552.0
6013,3503.0,3198.0,3651.0
25027,7116.0,7166.0,7175.0
49049,3292.0,3228.0,3489.0
36005,4841.0,4908.0,4949.0
13135,2259.0,2252.0,2338.0
36061,7638.0,7658.0,7662.0
47093,3099.0,3113.0,3124.0
12031,2885.0,2798.0,2805.0
12099,3054.0,2974.0,2959.0
35001,3337.0,3444.0,3621.0
17043,3852.0,3921.0,3758.0
42091,4013.0,3905.0,4065.0
13121,6069.0,6141.0,6300.0
26125,3692.0,3637.0,3548.0
34023,3641.0,3544.0,3483.0
36029,5031.0,4958.0,4835.0
25005,6628.0,6507.0,6668.0
24033,4569.0,4761.0,4771.0
10003,7080.0,7591.0,7572.0
24031,6364.0,6297.0,5960.0
37183,3702.0,3993.0,4080.0
8041,4228.0,4396.0,4242.0
40143,1623.0,1667.0,1678.0
42129,3255.0,3412.0,3408.0
42133,3738.0,3570.0,3535.0
21111,4507.0,4512.0,4343.0
6077,3388.0,3010.0,3592.0
42017,3531.0,3533.0,3488.0
39113,1634.0,1662.0,1652.0
17197,2967.0,3018.0,3006.0
13067,1596.0,1621.0,1637.0
6107,2890.0,2740.0,3394.0
47149,3015.0,2949.0,2812.0
1073,3362.0,3389.0,3297.0
6099,3129.0,2937.0,3241.0
34013,3736.0,3551.0,3279.0
16001,3874.0,3740.0,3822.0
4021,3119.0,3164.0,3548.0
39153,1192.0,1293.0,1254.0
34017,3983.0,3879.0,3457.0
26099,3744.0,3622.0,3507.0
12103,2837.0,2823.0,2861.0
45045,1818.0,1882.0,2295.0
20091,2638.0,2874.0,3012.0
47065,2957.0,2897.0,2973.0
42071,3979.0,4175.0,4121.0
29095,1915.0,1928.0,1796.0
34003,3601.0,3518.0,3152.0
6081,4846.0,4575.0,5128.0
48453,2840.0,2828.0,2837.0
48141,3281.0,3089.0,3058.0
51059,2383.0,2474.0,2546.0
53053,695.0,687.0,664.0
32031,3488.0,3612.0,3313.0
4027,3400.0,3546.0,3408.0
34031,4036.0,3966.0,3689.0
31055,3564.0,3579.0,3668.0
34025,3924.0,3877.0,3572.0
8031,4810.0,4648.0,4773.0
25021,7581.0,7530.0,7511.0
8005,4758.0,4800.0,4907.0
20173,2038.0,2078.0,2164.0
36085,8407.0,8307.0,7892.0
8001,4497.0,4364.0,4492.0
18089,3992.0,3845.0,3794.0
36067,5078.0,4959.0,5329.0
48303,2655.0,2517.0,2413.0
26081,4169.0,4052.0,4033.0
17097,3299.0,3403.0,3411.0
39095,2849.0,2890.0,2997.0
53063,2058.0,2039.0,1950.0
34029,3759.0,3765.0,3466.0
55133,3526.0,3347.0,3494.0
39151,551.0,619.0,620.0
18057,5540.0,5674.0,5474.0
24005,5320.0,5359.0,5247.0
42011,3524.0,3567.0,3660.0
13089,2680.0,2659.0,2737.0
25023,5844.0,5779.0,5972.0
17089,2408.0,2463.0,2517.0
12071,1770.0,1812.0,1726.0
42045,3333.0,3367.0,3467.0
48157,2410.0,2528.0,2540.0
27123,7419.0,7508.0,7287.0
39017,381.0,386.0,392.0
26000,,,
25013,6856.0,7046.0,7082.0
6053,3753.0,3558.0,4149.0
6095,4031.0,3990.0,4147.0
34039,3684.0,3639.0,3415.0
34007,3987.0,3867.0,3485.0
42077,4174.0,4279.0,4292.0
53061,640.0,652.0,608.0
12105,2385.0,2295.0,2367.0
18003,2739.0,2826.0,2875.0
8059,4971.0,4948.0,5034.0
41051,4784.0,4854.0,4884.0
6025,4338.0,4551.0,5943.0
33011,1954.0,2028.0,2028.0
48339,1876.0,1842.0,1896.0
42029,3465.0,3500.0,3572.0
42079,3651.0,3588.0,3492.0
48215,900.0,949.0,994.0
42095,3794.0,3980.0,4056.0
6075,6000.0,5634.0,6161.0
37081,2883.0,3124.0,3174.0
49011,3155.0,3105.0,3070.0
24003,5531.0,5650.0,5809.0
27037,6762.0,6719.0,6658.0
26049,3417.0,3327.0,3193.0
6097,3534.0,3284.0,3604.0
25000,,,
53007,5657.0,5565.0,5313.0
6061,2461.0,2196.0,2706.0
11001,4557.0,3827.0,8033.0
37067,3595.0,3685.0,3672.0
53077,605.0,598.0,690.0
48039,2160.0,2271.0,2289.0
5119,3305.0,3402.0,3701.0
2020,11170.0,11249.0,10720.0
48491,2630.0,2727.0,2680.0
24510,5732.0,5697.0,5712.0
42051,3806.0,4039.0,3992.0
42043,3206.0,3226.0,3271.0
12101,2217.0,2296.0,2449.0
29183,2393.0,2445.0,2447.0
47165,3269.0,3212.0,3084.0
34005,3623.0,3628.0,3243.0
17119,3615.0,3604.0,3494.0
19153,2955.0,2904.0,2761.0
51153,2090.0,2326.0,2471.0
22051,3888.0,3951.0,4030.0
42049,3615.0,3706.0,3849.0
34027,3581.0,3440.0,3244.0
33015,1833.0,1863.0,1958.0
36065,5853.0,5587.0,5887.0
47187,2616.0,2453.0,2401.0
45083,1021.0,1016.0,1254.0
48479,5682.0,5446.0,5472.0
27003,6232.0,6113.0,6067.0
18141,5746.0,5384.0,5073.0
12097,2631.0,2569.0,2539.0
21067,4617.0,4251.0,4038.0
48329,916.0,874.0,859.0
49057,2775.0,2830.0,2881.0
39093,945.0,992.0,1025.0
18157,5347.0,5285.0,5401.0
13000,,,
39165,503.0,524.0,496.0
39099,1675.0,2087.0,2178.0
42041,3325.0,3204.0,3384.0
36071,4169.0,4079.0,4447.0
16027,2795.0,2823.0,2621.0
17163,3696.0,3632.0,3732.0
4025,2690.0,2760.0,2870.0
47125,2221.0,2215.0,2407.0
13139,2742.0,2655.0,2773.0
55025,5884.0,5696.0,6159.0
42019,3068.0,3071.0,3328.0
47189,3076.0,3105.0,2884.0
6083,3302.0,3008.0,3413.0
17201,3702.0,3803.0,3708.0
8123,4485.0,4468.0,4435.0
40027,822.0,834.0,809.0
5143,1866.0,1978.0,2334.0
12033,1599.0,1663.0,1700.0
42007,3727.0,3721.0,3661.0
1089,2739.0,2816.0,2782.0
34021,3667.0,3575.0,3403.0
53011,377.0,377.0,380.0
29077,1637.0,1737.0,1825.0
4015,2181.0,2174.0,2257.0
42039,5651.0,5831.0,6180.0
41067,4324.0,4284.0,4358.0
36087,5310.0,5354.0,5264.0
16055,3130.0,3067.0,3273.0
45079,3172.0,3159.0,3317.0
18039,3474.0,3413.0,3627.0
36001,4216.0,4295.0,4082.0
42125,2752.0,2720.0,2869.0
9011,888.0,865.0,2314.0
12009,1558.0,1538.0,1527.0
47163,2395.0,2356.0,2397.0
8101,6955.0,7226.0,7266.0
39025,508.0,507.0,500.0
42081,3839.0,4102.0,4152.0
8069,3782.0,3986.0,4031.0
12081,2669.0,2613.0,2612.0
12127,1863.0,1791.0,1800.0
36027,5615.0,5554.0,5330.0
37071,3363.0,3595.0,3921.0
42055,3136.0,2994.0,2803.0
46099,1747.0,1760.0,1702.0
45063,2149.0,2151.0,2236.0
10005,5133.0,5350.0,5555.0
42021,5345.0,5344.0,5185.0
12117,2061.0,1975.0,1967.0
18081,4539.0,4508.0,4431.0
45091,2330.0,2423.0,2533.0
13057,1410.0,1451.0,1492.0
5007,1332.0,1485.0,1765.0
49053,2658.0,2791.0,2774.0
34015,3110.0,3017.0,2711.0
47179,2761.0,2586.0,2544.0
48167,2556.0,2581.0,2610.0
47155,3417.0,3086.0,3261.0
48309,2967.0,3045.0,3047.0
8035,3689.0,3754.0,3845.0
42013,4178.0,4316.0,4264.0
39041,553.0,571.0,565.0
22103,3242.0,3280.0,3510.0
17111,2349.0,2369.0,2431.0
22033,2463.0,2449.0,2382.0
18063,4416.0,4454.0,4526.0
22055,3467.0,3733.0,3708.0
41047,3937.0,4076.0,4096.0
31109,3102.0,3089.0,2956.0
44003,7049.0,7093.0,7008.0
12069,2189.0,2161.0,2194.0
26139,3892.0,3799.0,3894.0
18163,6170.0,6013.0,5972.0
27163,7328.0,7425.0,7263.0
51810,1933.0,2041.0,2078.0
6047,3735.0,3744.0,4176.0
28033,2055.0,2157.0,2146.0
20209,2755.0,2944.0,3239.0
55101,3540.0,3540.0,3850.0
35045,3190.0,3393.0,3575.0
55009,3708.0,3588.0,3828.0
37051,1347.0,1500.0,1549.0
39085,1074.0,1228.0,1200.0
6031,7661.0,7008.0,8095.0
48139,3148.0,3142.0,3285.0
37035,3429.0,3544.0,3621.0
48355,1519.0,1633.0,1625.0
28049,1601.0,1745.0,1660.0
26161,5354.0,5319.0,5160.0
45051,1525.0,1469.0,1543.0
53005,326.0,319.0,312.0
13245,2443.0,2488.0,2565.0
12115,2460.0,2347.0,2233.0
6079,3544.0,3234.0,3907.0
6039,4393.0,4215.0,4407.0
47011,3023.0,2752.0,2799.0
13063,1842.0,1910.0,1990.0
37179,2762.0,2863.0,3004.0
10001,5982.0,6080.0,6018.0
37133,1541.0,1695.0,1906.0
24021,5436.0,5608.0,5639.0
13151,1838.0,1919.0,1933.0
17143,3951.0,3889.0,3796.0
47009,3282.0,3163.0,3363.0
48251,2403.0,2393.0,2433.0
42111,3179.0,3220.0,3170.0
36063,4863.0,4759.0,4646.0
39045,617.0,627.0,661.0
39155,1372.0,1455.0,1499.0
37097,2287.0,2645.0,2758.0
6087,4522.0,4096.0,4747.0
12083,2659.0,2674.0,2735.0
29510,3089.0,3047.0,3137.0
37025,3073.0,3171.0,3322.0
39057,669.0,655.0,609.0
37063,2853.0,3002.0,3008.0
45077,2084.0,2186.0,2371.0
12021,2226.0,2206.0,2298.0
42107,2877.0,2866.0,2934.0
53017,101.0,120.0,108.0
22071,5136.0,5197.0,5257.0
29099,1324.0,1274.0,1312.0
24043,6397.0,6595.0,6945.0
39089,730.0,721.0,734.0
51107,1807.0,1940.0,2025.0
45007,1913.0,1906.0,1899.0
12073,2158.0,2175.0,2125.0
6007,2825.0,2585.0,2618.0
40017,1370.0,1221.0,1202.0
39103,563.0,659.0,649.0
13313,1577.0,1593.0,1595.0
37101,2757.0,3086.0,3289.0
26145,5176.0,5113.0,4519.0
41005,3936.0,3925.0,3951.0
39023,1078.0,1198.0,1140.0
6113,2283.0,2091.0,2401.0
26065,4328.0,4174.0,4252.0
34035,2895.0,2821.0,2740.0
4005,5064.0,4884.0,5395.0
1117,2651.0,2717.0,2612.0
42075,3966.0,3769.0,3783.0
31153,3013.0,2967.0,3104.0
48027,2857.0,2852.0,2870.0
18127,3745.0,3650.0,3426.0
23005,8780.0,8666.0,8457.0
34001,2756.0,2680.0,2570.0
18095,3292.0,3295.0,3397.0
28047,699.0,790.0,880.0
12113,938.0,925.0,976.0
12109,2707.0,2537.0,2522.0
20177,3746.0,4168.0,4326.0
42027,3712.0,3718.0,3957.0
42085,3943.0,3897.0,3740.0
1003,1967.0,1905.0,1829.0
13117,1704.0,1772.0,1821.0
33013,1807.0,1750.0,1874.0
48041,4620.0,4493.0,4277.0
48367,1688.0,1694.0,1727.0
42069,3025.0,2983.0,2902.0
47119,4731.0,4648.0,4596.0
4017,2465.0,2544.0,2567.0
51087,2669.0,2726.0,2808.0
12091,1680.0,1625.0,1621.0
39139,1019.0,1008.0,1004.0
55105,3886.0,3639.0,4274.0
45041,2468.0,2566.0,2765.0
55131,3200.0,2807.0,3236.0
37021,2922.0,3056.0,3384.0
49005,3875.0,3759.0,3781.0
48061,1404.0,1422.0,1366.0
17167,4736.0,4600.0,4474.0
48485,3042.0,3092.0,3383.0
6089,3076.0,3039.0,3285.0
6017,2532.0,2275.0,2732.0
8013,5683.0,5740.0,5594.0
37147,4424.0,4464.0,4474.0
6101,3692.0,3176.0,3604.0
22017,4209.0,4299.0,4416.0
47001,3857.0,3362.0,3479.0
27137,7439.0,7369.0,7498.0
51041,2096.0,2244.0,2313.0
17113,3794.0,3802.0,3527.0
53025,1023.0,1065.0,996.0
39133,908.0,1037.0,995.0
17179,3583.0,3528.0,3441.0
12005,892.0,926.0,877.0
35025,1960.0,2039.0,2051.0
28121,836.0,913.0,879.0
37159,3860.0,4061.0,4052.0
51550,1762.0,1900.0,1987.0
6035,,,
48441,2212.0,2059.0,1695.0
37001,3684.0,4025.0,4053.0
36091,4192.0,4212.0,4164.0
21199,3513.0,3261.0,3452.0
45019,1872.0,1894.0,1786.0
30111,3215.0,2942.0,2631.0
4003,2507.0,2667.0,2794.0
39173,751.0,790.0,855.0
1101,1562.0,1727.0,1626.0
36093,4715.0,4744.0,4535.0
51015,1518.0,1648.0,1541.0
48245,1301.0,1439.0,1453.0
13223,800.0,808.0,822.0
35043,3032.0,3161.0,3514.0
47113,1827.0,1858.0,1943.0
22073,4391.0,4308.0,4370.0
55059,3811.0,3355.0,3713.0
47147,2951.0,2837.0,2720.0
47141,3906.0,3714.0,3868.0
37057,2903.0,2996.0,3167.0
24027,4926.0,5014.0,5190.0
8077,6332.0,6555.0,6247.0
48013,2412.0,2461.0,2332.0
29019,618.0,608.0,608.0
18067,5232.0,5386.0,5154.0
21117,3744.0,3656.0,3713.0
32510,2264.0,2352.0,2271.0
23031,1142.0,1123.0,1190.0
48257,2513.0,2471.0,2484.0
48135,1257.0,1098.0,1022.0
9005,1268.0,1176.0,2547.0
47177,3510.0,4213.0,4150.0
12111,2193.0,2089.0,2052.0
35013,1938.0,1841.0,1866.0
55087,4270.0,3886.0,4422.0
13073,1597.0,1600.0,1596.0
13077,1567.0,1642.0,1719.0
48209,3558.0,3601.0,3390.0
54039,4922.0,5247.0,5332.0
48423,2430.0,2217.0,2047.0
21015,3575.0,3360.0,3265.0
12001,3936.0,4123.0,4051.0
22019,1621.0,1737.0,1845.0
24025,3377.0,3374.0,3395.0
18019,4606.0,4806.0,4770.0
47031,4319.0,3884.0,4075.0
27145,6386.0,6377.0,6382.0
47059,3091.0,2906.0,2797.0
35031,4695.0,4967.0,4694.0
39003,1271.0,1350.0,1352.0
55117,3462.0,3439.0,3892.0
37129,2215.0,2389.0,2325.0
41039,3230.0,3317.0,3255.0
18035,3370.0,3515.0,3527.0
34011,3841.0,4028.0,4227.0
37151,2275.0,2473.0,2472.0
48451,1927.0,1970.0,1883.0
6055,5433.0,5400.0,5451.0
12019,2274.0,2349.0,2359.0
55109,3264.0,3116.0,3204.0
1125,2630.0,2664.0,2596.0
26077,3432.0,3369.0,3324.0
27171,5129.0,5027.0,4744.0
13153,1001.0,1002.0,995.0
13015,1098.0,1111.0,1100.0
15003,2134.0,2171.0,2167.0
9015,796.0,1171.0,2571.0
45003,1036.0,1078.0,1354.0
5125,1393.0,1574.0,1649.0
1097,2191.0,2157.0,2149.0
53021,45.0,51.0,56.0
5045,2030.0,2211.0,2214.0
54003,4116.0,4273.0,4561.0
5031,3208.0,3564.0,3873.0
9007,939.0,1112.0,2435.0
42033,4637.0,4383.0,4628.0
47063,3259.0,2826.0,2891.0
55027,5377.0,4177.0,4911.0
28081,626.0,671.0,716.0
39145,3977.0,4054.0,4193.0
42097,3572.0,3608.0,3775.0
55127,3769.0,3633.0,3719.0
46103,1725.0,1708.0,1848.0
22105,2857.0,3002.0,2911.0
42089,2551.0,2570.0,2680.0
17019,23642.0,24300.0,23698.0
47145,3619.0,3389.0,3518.0
18167,5589.0,5836.0,5831.0
26021,6469.0,6045.0,5812.0
19163,3702.0,3869.0,3816.0
21227,2547.0,2363.0,2309.0
26075,8175.0,7881.0,7010.0
47003,3285.0,3243.0,3526.0
18059,3985.0,3915.0,3920.0
39157,254.0,269.0,250.0
22063,2154.0,2070.0,2082.0
38017,3201.0,3041.0,2797.0
17099,2355.0,2352.0,2263.0
47103,2840.0,2718.0,2892.0
13097,986.0,996.0,957.0
16019,2072.0,2225.0,2545.0
37089,2494.0,2804.0,3055.0
4001,2174.0,2231.0,2230.0
28089,968.0,995.0,955.0
39043,1885.0,1907.0,1822.0
26093,2758.0,2687.0,2712.0
12053,2022.0,2194.0,2107.0
17161,2907.0,3004.0,2945.0
18105,6155.0,6577.0,6348.0
39109,272.0,275.0,256.0
44009,9054.0,9150.0,9288.0
18037,4273.0,3559.0,4156.0
26147,3210.0,3052.0,2808.0
54107,5291.0,5025.0,5358.0
27109,6297.0,6108.0,6119.0
42001,2493.0,2553.0,2375.0
40101,1735.0,1775.0,1347.0
53067,1257.0,1316.0,1308.0
5131,2215.0,2262.0,2463.0
27139,6215.0,6261.0,5969.0
13051,844.0,857.0,837.0
54011,6466.0,6424.0,6450.0
47043,2691.0,2727.0,2716.0
55073,3652.0,3873.0,3770.0
26115,4033.0,3971.0,3791.0
37155,2400.0,2829.0,2941.0
39119,523.0,541.0,532.0
6005,,,
13045,1250.0,1238.0,1166.0
1055,2557.0,2485.0,2146.0
47099,4540.0,4035.0,4273.0
18091,3905.0,4056.0,3680.0
37045,4037.0,4581.0,4910.0
6109,4297.0,4317.0,5823.0
48381,1001.0,993.0,990.0
36007,4918.0,4978.0,4922.0
39081,2302.0,2232.0,2469.0
51013,2969.0,3094.0,3140.0
1103,2276.0,2534.0,2286.0
35061,3187.0,3103.0,2967.0
48005,2833.0,3103.0,2828.0
51760,3635.0,3763.0,3976.0
55139,3619.0,3840.0,4554.0
40031,1233.0,1182.0,1187.0
24001,12710.0,12351.0,11504.0
18109,2843.0,2935.0,3159.0
42073,2753.0,2800.0,2931.0
54061,5256.0,5451.0,5301.0
37027,3593.0,3726.0,4017.0
47107,3357.0,3207.0,2998.0
36083,4176.0,4351.0,4172.0
35049,3220.0,3298.0,3504.0
36111,5281.0,5220.0,5334.0
47105,3092.0,2832.0,2889.0
40131,661.0,715.0,801.0
8045,5141.0,5216.0,5434.0
47073,2927.0,2548.0,2784.0
13185,913.0,944.0,985.0
13021,1322.0,1367.0,1418.0
26121,4678.0,4642.0,4466.0
22015,3987.0,3330.0,3430.0
25001,5326.0,5257.0,5275.0
45013,1388.0,1315.0,1503.0
13217,1537.0,1608.0,1655.0
18085,2892.0,2790.0,2637.0
6041,5161.0,4948.0,5173.0
21059,5604.0,5704.0,4977.0
28059,694.0,693.0,728.0
13157,1833.0,1924.0,1984.0
39169,524.0,565.0,579.0
2090,5419.0,5634.0,6019.0
72021,211.0,222.0,246.0
55039,4454.0,4155.0,4482.0
2170,4601.0,4392.0,3908.0
4023,5321.0,5256.0,5340.0
21151,3637.0,3482.0,3790.0
37023,4267.0,4489.0,4638.0
13215,1091.0,1127.0,1120.0
18053,2897.0,2959.0,2866.0
17183,4381.0,4344.0,4340.0
13059,2824.0,2776.0,2755.0
28087,1555.0,1604.0,1466.0
48181,2771.0,2705.0,2785.0
51700,1866.0,2019.0,2001.0
37125,2818.0,2917.0,2933.0
35005,1839.0,1676.0,1812.0
48375,1384.0,1392.0,1204.0
30029,4238.0,4137.0,3985.0
1015,2018.0,1996.0,2033.0
39029,2017.0,2341.0,2137.0
48187,1224.0,1308.0,1299.0
41029,3119.0,3282.0,3339.0
47167,2726.0,2578.0,2649.0
18177,4921.0,4846.0,5063.0
13297,1807.0,1865.0,1852.0
72127,217.0,190.0,163.0
47035,2784.0,2797.0,2712.0
24013,4631.0,4757.0,4810.0
51710,1898.0,2069.0,2166.0
48397,3727.0,3473.0,3571.0
40125,1168.0,1164.0,1121.0
18005,5547.0,5805.0,5227.0
55089,3453.0,3079.0,3789.0
39101,985.0,966.0,1006.0
9013,937.0,1012.0,1987.0
12015,2138.0,2117.0,2178.0
17093,2042.0,2135.0,2116.0
21093,2186.0,2115.0,1948.0
1081,1033.0,1103.0,1099.0
17091,5468.0,5322.0,5430.0
30049,4528.0,4149.0,3905.0
1043,3025.0,3392.0,3495.0
37085,2000.0,2164.0,2178.0
29043,603.0,610.0,652.0
47053,2585.0,2632.0,2497.0
42009,2796.0,2750.0,3216.0
39143,1203.0,1256.0,1306.0
20015,1747.0,1891.0,1882.0
16005,2460.0,2556.0,2770.0
39141,1533.0,1535.0,1637.0
20155,2997.0,3258.0,3211.0
47123,3206.0,3203.0,3117.0
37109,3739.0,3833.0,4154.0
45035,1573.0,1622.0,1554.0
29159,1264.0,1323.0,1424.0
37161,3606.0,4109.0,4252.0
36069,4656.0,4795.0,4759.0
47019,2201.0,2048.0,2266.0
55063,3560.0,3059.0,3911.0
35015,2528.0,2412.0,2362.0
1095,2372.0,2477.0,2184.0
20169,2257.0,2196.0,2342.0
13115,1399.0,1490.0,1481.0
36013,3672.0,3748.0,3617.0
42087,5275.0,5516.0,5633.0
36079,6219.0,5993.0,5836.0
26025,5028.0,4749.0,4482.0
42127,2778.0,3018.0,3364.0
26005,3100.0,3075.0,3017.0
8043,12024.0,12636.0,12868.0
18011,6565.0,6620.0,6487.0
6115,2619.0,2373.0,2795.0
48471,2994.0,3018.0,2637.0
37049,2701.0,2962.0,3085.0
1083,1838.0,1859.0,1637.0
37171,2793.0,2896.0,3172.0
39063,995.0,1064.0,953.0
51510,3009.0,3188.0,3489.0
36011,5799.0,5608.0,5985.0
51650,1920.0,2098.0,2120.0
48217,4478.0,5064.0,4475.0
47143,3941.0,3630.0,3983.0
22079,3138.0,3361.0,3897.0
6103,2583.0,2529.0,2658.0
29037,1077.0,1030.0,1023.0
42063,2549.0,2329.0,2350.0
53041,2296.0,2363.0,2290.0
30013,4270.0,3800.0,3586.0
53057,132.0,128.0,123.0
1049,2187.0,2137.0,1934.0
13013,1609.0,1681.0,1747.0
24017,4365.0,4585.0,4438.0
49039,2896.0,2977.0,3061.0
49045,3624.0,4030.0,3774.0
27141,6913.0,6907.0,6751.0
51069,3220.0,3386.0,3509.0
51161,1909.0,1934.0,1925.0
29091,880.0,870.0,671.0
51179,1631.0,1760.0,1968.0
56021,2189.0,2026.0,1862.0
12017,2477.0,2476.0,2683.0
33017,1676.0,1715.0,1793.0
47089,2444.0,2336.0,2297.0
40119,215.0,225.0,236.0
29071,1389.0,1374.0,1380.0
48497,2221.0,2292.0,2275.0
17107,5325.0,5416.0,5116.0
19155,3007.0,2787.0,2762.0
18065,4213.0,4211.0,4371.0
42005,3633.0,3646.0,3819.0
37127,3347.0,3656.0,3872.0
34037,2963.0,2708.0,2610.0
36075,4243.0,4145.0,4028.0
42121,5015.0,5015.0,5384.0
5051,1570.0,1639.0,1764.0
27019,5754.0,5472.0,5221.0
22005,1998.0,1973.0,1854.0
37191,2617.0,3079.0,3335.0
18107,3185.0,3094.0,3245.0
45015,1182.0,1173.0,1168.0
45057,1626.0,1748.0,1760.0
18043,4539.0,4754.0,4685.0
28067,1687.0,1630.0,1758.0
17001,4815.0,4678.0,4543.0
22097,3888.0,4250.0,4211.0
17199,4632.0,4665.0,4692.0
6069,3097.0,2837.0,3189.0
29187,1648.0,1711.0,2122.0
19113,2696.0,2520.0,2393.0
30063,2319.0,2368.0,2226.0
26087,3407.0,3308.0,3246.0
19193,3189.0,3087.0,3017.0
1115,2244.0,2201.0,2190.0
41017,5492.0,5510.0,5675.0
26017,3600.0,3515.0,3199.0
18173,5368.0,5278.0,5314.0
17037,3243.0,3276.0,3372.0
39129,790.0,862.0,855.0
30031,1848.0,1759.0,1639.0
45073,2274.0,2214.0,2133.0
47021,2476.0,2486.0,2562.0
21019,5567.0,5567.0,5473.0
51165,1646.0,1678.0,1621.0
42035,2907.0,3075.0,3096.0
40021,6184.0,7767.0,7645.0
38015,5492.0,5492.0,5326.0
48091,1991.0,2088.0,2123.0
51185,2190.0,2254.0,3126.0
18145,3548.0,4105.0,4284.0
29047,812.0,777.0,767.0
39037,1573.0,1585.0,1571.0
39167,2584.0,2762.0,2485.0
36053,3790.0,3700.0,3981.0
39147,1551.0,1626.0,1646.0
40145,422.0,427.0,439.0
40071,322.0,310.0,363.0
18099,6477.0,6619.0,6849.0
18023,5966.0,5871.0,6503.0
48221,2109.0,2086.0,1989.0
55141,4082.0,3977.0,4092.0
13295,493.0,496.0,490.0
1051,1907.0,1878.0,1819.0
37195,3093.0,3626.0,3622.0
36009,3312.0,3221.0,3362.0
42037,2006.0,2093.0,2358.0
21021,4714.0,4464.0,4451.0
48427,1932.0,2002.0,2056.0
24015,4280.0,4444.0,4365.0
47051,4262.0,3947.0,4447.0
39087,442.0,466.0,468.0
20045,2864.0,3108.0,3338.0
37157,3332.0,3511.0,3488.0
26091,5432.0,5307.0,5129.0
48265,1667.0,1688.0,1498.0
5145,662.0,750.0,747.0
37077,4785.0,5160.0,5617.0
48323,3639.0,4239.0,3925.0
51680,3071.0,3406.0,3522.0
18093,3454.0,3478.0,3696.0
39055,565.0,768.0,744.0
4007,2331.0,2299.0,2557.0
29097,2600.0,2620.0,2532.0
40047,1417.0,1351.0,1255.0
55035,3292.0,3131.0,3207.0
48361,980.0,1042.0,1066.0
1077,1717.0,1635.0,1807.0
25015,6903.0,6818.0,7315.0
36101,6195.0,6448.0,6487.0
51019,1970.0,2205.0,2147.0
55055,4263.0,3906.0,3901.0
21145,4285.0,4222.0,4317.0
18071,4323.0,4119.0,3895.0
46083,1541.0,1469.0,1391.0
17051,3496.0,3276.0,3445.0
21037,3455.0,3099.0,3165.0
34041,2797.0,2709.0,2548.0
47029,3189.0,3030.0,3147.0
45031,2120.0,2286.0,2444.0
54033,4694.0,4226.0,4581.0
56037,673.0,723.0,572.0
36037,5010.0,5031.0,4911.0
48183,1867.0,1716.0,1535.0
55031,4584.0,4343.0,4482.0
5115,1583.0,2038.0,2113.0
5085,1558.0,1645.0,1791.0
17007,2962.0,3104.0,3046.0
19049,2883.0,2782.0,2652.0
28035,1844.0,1726.0,1753.0
40137,719.0,719.0,656.0
47013,2859.0,2668.0,2881.0
48231,1324.0,1300.0,1350.0
55071,3097.0,3156.0,3248.0
26159,4098.0,3822.0,3590.0
27115,6505.0,6467.0,6545.0
12085,2482.0,2387.0,2344.0
54055,5065.0,5077.0,5385.0
36015,6093.0,6025.0,6007.0
39077,1684.0,1725.0,1831.0
44005,6081.0,6199.0,6318.0
17055,3611.0,4414.0,4222.0
49021,2478.0,2577.0,2639.0
21235,4434.0,4156.0,4351.0
39051,1030.0,1101.0,1073.0
5033,2608.0,2683.0,2654.0
13137,1802.0,1895.0,1869.0
28145,694.0,781.0,704.0
29031,1592.0,1785.0,1686.0
18029,4905.0,4992.0,4998.0
19013,3146.0,3228.0,3076.0
17115,4028.0,4102.0,4222.0
42015,3100.0,2944.0,3092.0
1009,2022.0,2156.0,2039.0
12119,2427.0,2303.0,2293.0
39015,760.0,919.0,985.0
17141,2798.0,2780.0,2569.0
34019,2944.0,2801.0,2528.0
40037,278.0,246.0,240.0
50007,8335.0,8619.0,9605.0
26045,4038.0,3895.0,4012.0
21029,2440.0,2384.0,2264.0
40147,264.0,198.0,225.0
19061,3524.0,3534.0,3356.0
51121,3076.0,2761.0,2845.0
12089,2886.0,2898.0,2915.0
17095,3672.0,3246.0,2678.0
36117,4477.0,4712.0,4490.0
42061,2279.0,2244.0,2302.0
39033,1559.0,1603.0,1675.0
56025,1029.0,934.0,791.0
1001,1822.0,2057.0,2076.0
5069,2317.0,2357.0,2596.0
42117,3695.0,3890.0,4346.0
47077,2657.0,2547.0,2493.0
22109,2773.0,2842.0,2957.0
13129,1466.0,1449.0,1444.0
27131,9692.0,9947.0,10736.0
37135,3456.0,3881.0,4135.0
42099,1982.0,2021.0,2152.0
51177,1816.0,2002.0,2117.0
47117,3392.0,3535.0,3223.0
47055,3272.0,3272.0,3285.0
47045,2026.0,1790.0,2188.0
8089,6631.0,5920.0,6565.0
1069,1571.0,1330.0,1259.0
12061,1918.0,1857.0,1790.0
22057,2598.0,2657.0,2714.0
42119,4361.0,4690.0,4761.0
13247,1946.0,1990.0,2042.0
34033,2730.0,2679.0,2461.0
36043,4783.0,4462.0,4436.0
54029,4929.0,5311.0,5998.0
18133,4229.0,3899.0,3955.0
51191,1922.0,1824.0,1766.0
49003,2171.0,2177.0,2243.0
28073,954.0,966.0,1089.0
33001,2173.0,2174.0,2295.0
39013,1448.0,1536.0,1539.0
37111,4541.0,4775.0,4874.0
39083,473.0,409.0,462.0
51800,1994.0,2113.0,2210.0
37019,1805.0,1930.0,1992.0
17027,3283.0,3011.0,2958.0
13047,645.0,632.0,630.0
18069,5219.0,5008.0,4630.0
12055,2557.0,2412.0,2418.0
29113,1183.0,1200.0,1218.0
37167,4445.0,4453.0,4552.0
13113,1895.0,1915.0,1902.0
28075,753.0,777.0,765.0
39149,241.0,231.0,204.0
8011,25229.0,25211.0,22180.0
5055,3285.0,3621.0,3373.0
31079,1988.0,1930.0,1804.0
41043,4117.0,4350.0,4190.0
20103,2611.0,2899.0,2922.0
45085,1363.0,1464.0,1713.0
26055,2614.0,2501.0,2532.0
12131,1133.0,1069.0,1166.0
47041,3646.0,3753.0,3860.0
37193,2478.0,2464.0,2302.0
39005,219.0,236.0,236.0
39039,1203.0,1242.0,1323.0
39171,1199.0,1226.0,1303.0
17029,5053.0,4937.0,4694.0
8085,4058.0,3730.0,3840.0
42025,3705.0,3841.0,3803.0
27067,6695.0,6699.0,6845.0
40079,1510.0,1408.0,1280.0
5067,4952.0,4899.0,5473.0
55093,4540.0,4531.0,4666.0
12107,2904.0,2984.0,2861.0
29021,2302.0,2413.0,2318.0
21217,3656.0,3935.0,4020.0
47151,3362.0,2964.0,3059.0
18113,3368.0,3280.0,3418.0
53035,1094.0,1105.0,1103.0
54081,4691.0,4568.0,4891.0
18183,2609.0,2603.0,2238.0
17203,4243.0,4191.0,3859.0
24045,7685.0,7964.0,7379.0
39159,1531.0,1561.0,1546.0
39027,543.0,565.0,534.0
45075,2117.0,2468.0,2621.0
48143,1593.0,1609.0,1595.0
13069,638.0,670.0,675.0
36023,6370.0,6231.0,6320.0
47047,3586.0,3566.0,3734.0
20125,2171.0,2639.0,2815.0
47185,3551.0,3152.0,2980.0
5093,1926.0,2093.0,2189.0
17049,3496.0,3482.0,3346.0
21125,1235.0,1256.0,1171.0
21047,1865.0,1985.0,1883.0
26037,2633.0,2818.0,2814.0
37163,2149.0,2427.0,2649.0
40121,985.0,1049.0,1061.0
42065,4122.0,3968.0,4189.0
48349,2369.0,2185.0,2133.0
19103,3963.0,3793.0,3712.0
47017,2762.0,2633.0,2705.0
48277,1665.0,1685.0,1607.0
37141,2130.0,2463.0,2434.0
40041,844.0,886.0,863.0
47131,3203.0,3103.0,3346.0
36045,2623.0,2584.0,2808.0
40123,1862.0,1878.0,1578.0
8029,5205.0,5369.0,6065.0
26149,2931.0,2805.0,2703.0
42059,3248.0,3235.0,3157.0
42123,3664.0,3386.0,3707.0
2122,4689.0,4585.0,4427.0
21147,2391.0,2791.0,2519.0
26117,6660.0,6626.0,6383.0
29051,1390.0,1427.0,1014.0
18033,3602.0,3321.0,2935.0
28109,1347.0,1322.0,1075.0
28115,547.0,544.0,572.0
53027,950.0,1027.0,1112.0
17121,6948.0,6709.0,7174.0
18017,4065.0,4142.0,4335.0
6057,3114.0,2942.0,3188.0
19169,2170.0,1965.0,1772.0
18083,3104.0,3011.0,3099.0
25003,6994.0,6968.0,7282.0
39097,402.0,409.0,409.0
26027,2263.0,2263.0,2298.0
20099,3645.0,3828.0,3899.0
13095,1462.0,1415.0,1367.0
27025,7715.0,7697.0,7734.0
37197,2450.0,2482.0,2631.0
37099,2344.0,2433.0,2824.0
35039,2264.0,2649.0,3361.0
40019,1671.0,1785.0,1590.0
17073,2686.0,2772.0,2793.0
40013,494.0,483.0,492.0
17133,4380.0,4547.0,4622.0
24037,3085.0,3302.0,3155.0
42031,4038.0,3866.0,4064.0
12023,2483.0,2583.0,2413.0
47129,3257.0,3172.0,3130.0
1071,4411.0,4401.0,3919.0
17077,4183.0,4391.0,4370.0
22045,3176.0,3678.0,3779.0
21095,4683.0,4344.0,4329.0
23019,3180.0,3318.0,3378.0
48291,1203.0,1272.0,1287.0
35000,,,
20117,1648.0,2349.0,2359.0
5035,1975.0,2135.0,2990.0
39123,1012.0,1093.0,1133.0
47183,2502.0,2358.0,2592.0
53047,552.0,540.0,549.0
54077,5561.0,5620.0,5552.0
13255,1075.0,1111.0,1168.0
42083,4327.0,5044.0,5194.0
51085,2350.0,2522.0,2573.0
51740,2075.0,2300.0,2316.0
54025,5608.0,5104.0,5355.0
8037,1284.0,1081.0,909.0
21185,2786.0,2770.0,2656.0
26073,2298.0,2331.0,2341.0
45021,761.0,784.0,812.0
27027,5931.0,5929.0,5811.0
53071,2263.0,2087.0,2079.0
41059,4081.0,4272.0,4307.0
1033,1255.0,1267.0,1327.0
13285,814.0,865.0,911.0
26059,5335.0,5361.0,5258.0
21231,2459.0,2548.0,2725.0
41071,4499.0,4514.0,4832.0
18151,3457.0,3561.0,3105.0
47071,2772.0,2366.0,2452.0
54037,4342.0,4538.0,5015.0
55017,3475.0,3254.0,3509.0
17021,2962.0,2802.0,2969.0
4009,1308.0,1259.0,1367.0
6045,2840.0,2948.0,3361.0
18061,5240.0,5272.0,5319.0
26057,5947.0,6249.0,5451.0
27111,7046.0,6932.0,6889.0
36051,3490.0,3490.0,3583.0
47057,3002.0,2611.0,2560.0
17081,2561.0,2563.0,2582.0
17117,4361.0,4105.0,3944.0
26157,3085.0,3118.0,2684.0
40003,8523.0,8365.0,5086.0
47115,3065.0,3203.0,3352.0
37181,4141.0,4289.0,4677.0
42109,3691.0,3706.0,3639.0
39007,742.0,768.0,737.0
72025,162.0,134.0,94.0
37107,4450.0,4955.0,5467.0
44001,7950.0,7987.0,8364.0
21207,921.0,876.0,798.0
5123,5017.0,6233.0,6914.0
18077,4618.0,5054.0,5435.0
12051,1216.0,1233.0,1209.0
26111,2436.0,2374.0,2238.0
17063,2486.0,2470.0,2599.0
22001,3631.0,4139.0,4045.0
22117,2191.0,2451.0,2442.0
47153,2955.0,3228.0,3474.0
37031,2145.0,2392.0,2512.0
39011,1089.0,1062.0,1100.0
36089,3999.0,3654.0,3437.0
39009,595.0,586.0,588.0
12087,3272.0,3231.0,3321.0
17157,5786.0,5591.0,5594.0
21195,1740.0,1978.0,1990.0
28105,619.0,744.0,839.0
37069,3575.0,3662.0,3823.0
28139,977.0,863.0,949.0
47111,2126.0,2126.0,2223.0
51660,3448.0,3474.0,3467.0
53015,687.0,782.0,785.0
55097,3264.0,3051.0,2887.0
16011,1421.0,1476.0,1728.0
48097,2715.0,3124.0,3369.0
51031,1283.0,1419.0,1578.0
47079,2003.0,2019.0,2065.0
51143,1596.0,1677.0,1756.0
55043,3616.0,3268.0,3888.0
42067,2169.0,2152.0,2540.0
72031,282.0,276.0,262.0
28095,746.0,769.0,800.0
39071,811.0,853.0,867.0
41035,3721.0,4223.0,4988.0
45043,944.0,885.0,839.0
45047,1373.0,1373.0,1432.0
51770,7105.0,7024.0,6349.0
18103,4437.0,4530.0,4919.0
53073,154.0,147.0,164.0
20161,2033.0,2301.0,2530.0
48049,1648.0,2271.0,2372.0
40039,1631.0,1579.0,1431.0
16065,3037.0,2869.0,2734.0
17105,3680.0,3717.0,3958.0
55095,4593.0,4145.0,4785.0
26063,3812.0,3902.0,3189.0
33005,1603.0,1661.0,1659.0
13213,1516.0,1494.0,1561.0
16083,2259.0,2055.0,1983.0
37083,3123.0,3187.0,3307.0
1121,1932.0,1954.0,1848.0
37105,2378.0,2410.0,2582.0
40051,324.0,349.0,279.0
8075,11540.0,13575.0,11973.0
46029,860.0,882.0,914.0
17177,4627.0,4596.0,4773.0
19087,4435.0,4811.0,4490.0
28151,1107.0,1102.0,1255.0
28149,606.0,648.0,624.0
37059,3158.0,3268.0,3576.0
39059,1839.0,1757.0,1901.0
47025,2844.0,2822.0,3148.0
48213,1446.0,1365.0,1282.0
27085,8857.0,8979.0,8456.0
49051,3241.0,3356.0,3370.0
40083,885.0,823.0,875.0
48149,1405.0,1511.0,1543.0
27035,4613.0,4484.0,4473.0
21113,3365.0,3287.0,3228.0
32005,1255.0,1229.0,1225.0
36109,16491.0,18222.0,17935.0
40087,927.0,934.0,902.0
17137,4320.0,4171.0,3850.0
21001,1948.0,1812.0,1776.0
39135,494.0,572.0,587.0
18051,5161.0,4789.0,4448.0
21107,4136.0,3824.0,3849.0
40113,696.0,652.0,528.0
55021,3462.0,3283.0,3400.0
39175,450.0,459.0,432.0
13175,1727.0,1537.0,1319.0
39031,1249.0,1298.0,1413.0
51173,1960.0,1854.0,1604.0
18079,3598.0,4280.0,4132.0
22099,2214.0,2465.0,2663.0
8067,3506.0,4495.0,4913.0
47015,2834.0,2855.0,2814.0
45059,1421.0,1400.0,1705.0
51167,1407.0,1542.0,1772.0
48273,1731.0,1874.0,1868.0
17195,2684.0,2878.0,2690.0
37061,2308.0,2543.0,2918.0
55081,3150.0,2830.0,2938.0
28011,996.0,1038.0,970.0
28107,1208.0,1199.0,1059.0
47081,2474.0,2391.0,2379.0
29213,560.0,576.0,569.0
48493,2183.0,2121.0,2072.0
53049,423.0,458.0,530.0
6033,2205.0,2185.0,2351.0
18073,3385.0,3334.0,3111.0
2150,12463.0,12348.0,11517.0
13233,1018.0,1065.0,1119.0
18169,4626.0,4578.0,4546.0
40097,506.0,591.0,584.0
20035,1977.0,2189.0,1928.0
32027,4015.0,3688.0,3688.0
19181,3257.0,3237.0,2922.0
36035,3880.0,3610.0,3660.0
45055,1554.0,1623.0,1827.0
27049,8599.0,8498.0,8004.0
55033,3725.0,3337.0,3595.0
23001,2111.0,2017.0,1988.0
39091,663.0,685.0,652.0
36121,4456.0,4496.0,4375.0
55083,3082.0,3143.0,3340.0
47173,2028.0,1898.0,2028.0
19187,1791.0,1783.0,1557.0
32019,1603.0,1589.0,1541.0
39053,6265.0,6335.0,6258.0
21211,1930.0,1820.0,1601.0
31053,3101.0,3170.0,3263.0
39047,1840.0,1788.0,1728.0
45033,2011.0,2257.0,2625.0
47159,1975.0,1712.0,1801.0
18031,6190.0,6292.0,6649.0
18001,5476.0,5417.0,5174.0
18137,5289.0,5374.0,5772.0
23011,1071.0,1001.0,1029.0
37093,1506.0,1687.0,1762.0
40115,1561.0,1626.0,1687.0
6023,2085.0,2088.0,2453.0
16017,3393.0,4069.0,3854.0
21209,3477.0,3247.0,3161.0
22113,2552.0,3332.0,3211.0
37169,3569.0,3814.0,3792.0
48241,791.0,816.0,898.0
54069,6015.0,6170.0,6286.0
13277,1375.0,1476.0,1417.0
51171,3219.0,3104.0,3350.0
19111,3862.0,3761.0,3393.0
27059,5865.0,5626.0,5648.0
55005,4306.0,3952.0,4001.0
1031,1561.0,1356.0,1156.0
12035,1612.0,1475.0,1520.0
13311,610.0,727.0,760.0
32007,2598.0,2730.0,2673.0
39107,828.0,804.0,797.0
39079,503.0,518.0,515.0
42047,3089.0,3096.0,3360.0
48199,1160.0,1163.0,1181.0
53065,385.0,378.0,346.0
55111,5385.0,4925.0,5082.0
13275,1177.0,1251.0,1181.0
18055,4589.0,4260.0,4461.0
40081,416.0,407.0,367.0
51047,1912.0,2236.0,2414.0
25011,5215.0,5467.0,5693.0
27061,7673.0,7540.0,7975.0
28043,1407.0,1407.0,1546.0
37153,3266.0,3823.0,4009.0
40015,1186.0,925.0,928.0
51003,3069.0,3217.0,3246.0
32013,2905.0,3006.0,3024.0
21137,4672.0,4554.0,4334.0
39117,535.0,521.0,566.0
27007,4645.0,4336.0,4073.0
27013,6179.0,6078.0,6117.0
48465,3523.0,3396.0,3360.0
17145,3854.0,3944.0,3724.0
39137,836.0,868.0,845.0
22119,4846.0,4064.0,3772.0
22039,4102.0,4468.0,4707.0
48189,940.0,814.0,769.0
20113,1633.0,1720.0,1825.0
17057,7335.0,7041.0,6337.0
23017,1485.0,1521.0,1228.0
37003,2942.0,3046.0,3275.0
35009,1720.0,1785.0,1869.0
36057,4949.0,5032.0,5561.0
48071,1617.0,1772.0,1658.0
19099,3068.0,3047.0,3044.0
17103,3302.0,3484.0,4305.0
20037,2671.0,3035.0,2805.0
51061,1307.0,1389.0,1516.0
38035,6125.0,6088.0,5424.0
21089,4601.0,4781.0,4710.0
51195,1404.0,1410.0,3721.0
55015,2394.0,2296.0,2434.0
54049,4997.0,4739.0,4619.0
31111,2578.0,2704.0,2635.0
19045,3392.0,3300.0,3349.0
39021,1255.0,1242.0,1160.0
21073,2453.0,2361.0,1947.0
49043,5320.0,5467.0,5809.0
13127,797.0,809.0,845.0
28003,1145.0,1115.0,1134.0
34009,2990.0,2872.0,2803.0
48203,1064.0,1104.0,1002.0
55019,3572.0,3442.0,3784.0
5149,1902.0,2371.0,2680.0
13147,794.0,828.0,893.0
21179,2630.0,2593.0,2823.0
41003,7224.0,7646.0,7042.0
51155,2574.0,2818.0,2660.0
54009,4207.0,4540.0,4736.0
18119,10265.0,11145.0,12159.0
47097,2091.0,2282.0,2524.0
48021,2276.0,2172.0,2317.0
48147,2520.0,2475.0,2633.0
51067,1526.0,1679.0,1552.0
51009,2373.0,2474.0,2531.0
20061,2678.0,2817.0,2899.0
48163,1591.0,1369.0,1379.0
18143,7427.0,7473.0,6727.0
5111,3634.0,3770.0,4510.0
27041,6306.0,6188.0,7084.0
29105,644.0,596.0,616.0
37087,2413.0,2588.0,2685.0
48171,2975.0,3131.0,3057.0
48469,1367.0,1360.0,1281.0
53037,409.0,355.0,346.0
54079,5343.0,5582.0,5812.0
26155,2899.0,2876.0,2868.0
29027,675.0,697.0,601.0
47049,2872.0,3072.0,3201.0
39127,628.0,614.0,836.0
20055,1174.0,1604.0,1623.0
48373,1361.0,1449.0,1605.0
5059,3148.0,3476.0,3521.0
27017,10778.0,10872.0,11237.0
51683,2244.0,2461.0,2565.0
72135,186.0,174.0,151.0
35035,3098.0,2491.0,2325.0
12000,,,
37145,3122.0,3553.0,3350.0
37065,3410.0,3437.0,3674.0
48473,1537.0,1663.0,1689.0
18181,4701.0,4556.0,5211.0
17135,4892.0,4895.0,4174.0
22067,6609.0,6875.0,6461.0
24023,6655.0,5945.0,6814.0
17101,4388.0,4280.0,4682.0
40139,115.0,160.0,145.0
2050,25030.0,23730.0,23415.0
13195,1821.0,1764.0,1881.0
26023,6147.0,7694.0,7650.0
36073,3618.0,3640.0,3296.0
48347,1540.0,1630.0,1560.0
54057,8467.0,8389.0,8036.0
54027,4078.0,4656.0,5148.0
17193,5407.0,5895.0,5378.0
53000,,,
18139,4312.0,4674.0,4855.0
18045,4570.0,4405.0,4435.0
28137,1052.0,1179.0,1179.0
36003,3556.0,3645.0,3532.0
40135,676.0,722.0,698.0
41033,1177.0,1312.0,1423.0
26015,2640.0,2591.0,2600.0
37013,2883.0,2998.0,3098.0
40111,450.0,468.0,473.0
47133,2172.0,2172.0,2383.0
18015,7884.0,7810.0,8530.0
26067,8599.0,8523.0,8515.0
28099,1065.0,1288.0,1229.0
36105,3028.0,3032.0,3426.0
39073,616.0,563.0,623.0
48363,1895.0,2131.0,1919.0
72013,759.0,756.0,749.0
5009,1576.0,1926.0,2215.0
21043,2967.0,3142.0,3075.0
26103,5499.0,5633.0,5057.0
41053,3179.0,3118.0,3175.0
47069,2148.0,2303.0,3285.0
47075,2832.0,2866.0,3161.0
1045,1792.0,1735.0,1548.0
13257,1400.0,1485.0,1535.0
40001,369.0,712.0,739.0
5139,613.0,677.0,703.0
8014,4433.0,4429.0,4335.0
20121,1788.0,1945.0,1861.0
28071,1514.0,1370.0,1359.0
41031,4656.0,4631.0,5386.0
17075,5278.0,5410.0,5348.0
22043,3515.0,3596.0,3779.0
17017,2676.0,2643.0,2824.0
16069,3019.0,3007.0,2977.0
45071,2765.0,2763.0,2953.0
51790,8066.0,8174.0,8736.0
17045,2459.0,2366.0,3246.0
22089,3196.0,3198.0,3282.0
46013,2031.0,2078.0,1980.0
13187,550.0,646.0,717.0
20051,3761.0,3979.0,3726.0
21083,2721.0,2504.0,2383.0
28093,2046.0,2068.0,2040.0
36019,3343.0,3322.0,3408.0
17011,2213.0,2185.0,2207.0
56005,921.0,1027.0,809.0
30093,3592.0,3637.0,3397.0
19021,3935.0,4011.0,4098.0
17165,4474.0,4572.0,4913.0
13039,1879.0,1774.0,1612.0
21101,2022.0,2019.0,1829.0
39161,725.0,817.0,845.0
55075,3938.0,3908.0,3985.0
29169,570.0,528.0,538.0
28045,1367.0,1381.0,1375.0
40009,622.0,654.0,682.0
48325,1531.0,1537.0,1413.0
5043,4583.0,5406.0,5483.0
22101,2721.0,2999.0,3072.0
47121,3156.0,3244.0,3518.0
51089,2257.0,2285.0,2391.0
54099,3264.0,3233.0,3246.0
29101,1476.0,1611.0,1624.0
17189,2520.0,2333.0,2420.0
27169,11752.0,12061.0,11982.0
30047,3142.0,2938.0,2735.0
37007,4226.0,4177.0,4774.0
39069,904.0,944.0,963.0
51197,2270.0,2482.0,2343.0
13081,501.0,559.0,594.0
18175,3610.0,3752.0,3496.0
21193,6029.0,4985.0,4806.0
22115,1952.0,2401.0,2583.0
29023,3703.0,3828.0,3293.0
36017,5470.0,5561.0,5323.0
51590,4685.0,4910.0,5189.0
19033,2862.0,3004.0,3305.0
21121,1837.0,1894.0,1885.0
37165,4549.0,4741.0,4448.0
18121,4009.0,3767.0,3501.0
20175,966.0,1479.0,1577.0
22061,3427.0,3380.0,3840.0
37047,1522.0,1620.0,1618.0
5019,3638.0,3472.0,4301.0
5015,2294.0,2491.0,2812.0
12007,2702.0,2741.0,2670.0
27099,6675.0,6123.0,6253.0
33009,1574.0,1526.0,1467.0
46135,4168.0,4006.0,3489.0
55115,2614.0,3457.0,3883.0
21053,2192.0,2329.0,1938.0
47171,2857.0,2969.0,2762.0
1127,2846.0,2928.0,2650.0
28153,1293.0,1179.0,1318.0
17083,1695.0,1428.0,1456.0
18049,2914.0,3274.0,3535.0
22069,3706.0,3989.0,3724.0
28061,1404.0,1416.0,1691.0
48459,932.0,953.0,884.0
51840,7444.0,7169.0,6884.0
56029,79.0,75.0,72.0
49027,1388.0,1790.0,1896.0
12063,2885.0,2605.0,2874.0
13261,1619.0,1738.0,1914.0
13219,1693.0,1770.0,1706.0
18149,2479.0,2674.0,2796.0
27119,7005.0,6998.0,7215.0
29225,338.0,338.0,634.0
35041,2800.0,2735.0,2676.0
32023,855.0,813.0,770.0
47181,2657.0,2345.0,2369.0
47109,2004.0,1969.0,2588.0
21167,4673.0,4181.0,4646.0
22085,6050.0,5142.0,4861.0
55057,4171.0,3860.0,4182.0
21071,2402.0,2596.0,2672.0
56013,1024.0,983.0,1044.0
20021,1289.0,1364.0,1464.0
20059,2122.0,2498.0,2635.0
6009,,,
13031,477.0,495.0,484.0
29001,722.0,1239.0,1638.0
25019,10747.0,11571.0,10826.0
19167,2143.0,2278.0,2129.0
27083,7784.0,7282.0,7148.0
28079,597.0,698.0,750.0
37139,1851.0,2026.0,2265.0
31019,2054.0,2120.0,1820.0
54051,5565.0,5591.0,5195.0
16045,1955.0,1960.0,2015.0
5005,1123.0,1381.0,1617.0
28091,1791.0,1892.0,2116.0
28029,1742.0,1782.0,1906.0
40049,660.0,632.0,610.0
18153,3672.0,3677.0,3585.0
6011,,,
13035,1275.0,1271.0,1319.0
19125,1858.0,1855.0,1840.0
24047,4333.0,4457.0,4562.0
29131,449.0,476.0,402.0
37189,3389.0,3496.0,3692.0
40005,1410.0,1446.0,1345.0
55045,4821.0,4283.0,4405.0
8083,3491.0,3216.0,2906.0
33000,,,
72137,199.0,177.0,145.0
18165,3962.0,3568.0,3517.0
20041,2951.0,3006.0,2859.0
30081,3632.0,3504.0,3328.0
38101,2945.0,2853.0,2868.0
40133,412.0,412.0,359.0
47033,1553.0,1602.0,1708.0
29165,761.0,741.0,742.0
37123,2271.0,2385.0,2377.0
36077,3274.0,3303.0,3605.0
55121,4722.0,4186.0,4314.0
21215,2801.0,2713.0,2496.0
18027,3571.0,3232.0,3439.0
22095,3252.0,3453.0,3569.0
29069,700.0,700.0,728.0
32001,3677.0,3689.0,3834.0
47139,2668.0,2614.0,2638.0
47101,3220.0,2959.0,2845.0
51199,1065.0,1204.0,1233.0
53045,881.0,911.0,939.0
5037,5055.0,5311.0,5640.0
27009,5980.0,5635.0,5615.0
18041,4225.0,4554.0,4506.0
28031,1218.0,1207.0,1020.0
31025,2751.0,2823.0,2964.0
47085,2217.0,2589.0,2325.0
51029,3756.0,3225.0,3295.0
13207,936.0,1030.0,1164.0
18087,1532.0,1616.0,1457.0
26123,2274.0,2362.0,2303.0
27005,7091.0,7042.0,7268.0
48401,1415.0,1395.0,1388.0
40035,1294.0,1513.0,1365.0
37117,3320.0,3436.0,3583.0
29161,393.0,393.0,402.0
5029,3315.0,2888.0,3051.0
15009,2683.0,2868.0,2824.0
48321,2276.0,2260.0,2213.0
48331,2457.0,2107.0,2083.0
17005,6453.0,6246.0,6204.0
24039,7253.0,7253.0,7199.0
20079,2062.0,2832.0,3445.0
28117,776.0,744.0,768.0
37199,2352.0,2557.0,2413.0
48037,1617.0,1611.0,1518.0
48463,4016.0,3444.0,4532.0
54053,5736.0,5148.0,5506.0
17023,2953.0,2921.0,3011.0
28007,2074.0,1365.0,1953.0
6093,,,
13299,1746.0,1897.0,1861.0
13055,1283.0,1271.0,1295.0
21035,2892.0,2638.0,2026.0
39019,598.0,632.0,695.0
45067,2000.0,1973.0,2166.0
48481,2250.0,1930.0,1831.0
55069,4628.0,4929.0,4679.0
8117,7642.0,7472.0,7236.0
17053,4537.0,4213.0,4259.0
13227,1347.0,1454.0,1507.0
29029,577.0,652.0,682.0
40153,574.0,539.0,539.0
48001,2141.0,2099.0,2143.0
55085,3357.0,3014.0,3436.0
18159,4245.0,4337.0,4001.0
22013,5966.0,5929.0,5747.0
17033,6745.0,6461.0,6471.0
22029,2929.0,2877.0,3427.0
24035,4404.0,4609.0,5000.0
27021,3526.0,3496.0,3654.0
33003,2349.0,2384.0,2308.0
51035,1769.0,1866.0,1662.0
22047,3999.0,4272.0,4300.0
48223,1871.0,1834.0,1791.0
51095,1704.0,1739.0,1836.0
55061,2770.0,2824.0,3019.0
13241,1762.0,1756.0,1838.0
46011,1286.0,1192.0,1015.0
8073,18295.0,4578.0,11700.0
28159,958.0,975.0,908.0
72145,273.0,194.0,132.0
22009,3054.0,4247.0,4708.0
28057,522.0,543.0,581.0
28141,444.0,418.0,449.0
37037,1931.0,2096.0,2128.0
40065,913.0,991.0,934.0
2158,34580.0,34448.0,33389.0
18179,2516.0,2431.0,2304.0
26151,4234.0,4144.0,4051.0
48099,3720.0,3590.0,3887.0
48467,1272.0,1187.0,1136.0
48259,1638.0,1693.0,1682.0
47135,1895.0,2192.0,2402.0
5071,2314.0,1881.0,2156.0
13143,1161.0,1128.0,1067.0
20191,2225.0,2141.0,2220.0
21177,2224.0,2123.0,1927.0
28113,1089.0,1100.0,1120.0
40089,637.0,661.0,621.0
48249,2446.0,2339.0,2174.0
51139,2142.0,2293.0,2289.0
27055,5237.0,5339.0,5457.0
56039,614.0,631.0,656.0
19057,3803.0,3901.0,3541.0
24009,3005.0,2966.0,2913.0
26107,2343.0,2248.0,2244.0
42103,2104.0,2018.0,2152.0
45025,1321.0,1400.0,1411.0
46093,2294.0,2266.0,2308.0
48487,2075.0,2177.0,2161.0
54019,4235.0,4106.0,4129.0
38059,5009.0,4645.0,4741.0
18147,3526.0,3260.0,3289.0
21141,2037.0,2052.0,2037.0
27097,5976.0,5745.0,6056.0
31067,2994.0,2826.0,2705.0
56033,1542.0,1594.0,1338.0
27157,12054.0,11629.0,11365.0
28133,796.0,785.0,808.0
37017,1876.0,2197.0,2051.0
31001,1904.0,1763.0,1626.0
47061,3344.0,3523.0,3433.0
51820,3235.0,3385.0,3124.0
55135,4042.0,3975.0,4677.0
13017,647.0,725.0,814.0
26033,2351.0,2284.0,1786.0
17185,4601.0,4366.0,4054.0
5083,3154.0,3242.0,3252.0
13085,1138.0,1191.0,1298.0
21009,2513.0,2497.0,2468.0
23003,1262.0,1303.0,1281.0
28127,533.0,705.0,690.0
51093,2000.0,2075.0,2344.0
21213,2611.0,2461.0,2407.0
36021,4273.0,4181.0,4065.0
45023,2711.0,2841.0,2956.0
51105,1891.0,2118.0,2203.0
18135,3284.0,3000.0,3280.0
27015,10045.0,9653.0,10073.0
5103,2446.0,2156.0,2357.0
13177,1317.0,1300.0,1350.0
39065,819.0,816.0,778.0
51073,1491.0,1708.0,1657.0
6021,,,
18117,2764.0,2850.0,2871.0
45037,1552.0,1596.0,1897.0
47023,2128.0,2156.0,2365.0
21069,3361.0,3834.0,3683.0
21013,3419.0,3688.0,3934.0
28085,1364.0,1382.0,1470.0
28017,1058.0,1204.0,1631.0
39131,789.0,839.0,929.0
48003,599.0,620.0,593.0
51187,2308.0,2420.0,2550.0
1093,2009.0,1966.0,2013.0
13119,1233.0,1341.0,1276.0
18021,5113.0,4789.0,4881.0
18129,4086.0,4216.0,4275.0
27105,4438.0,4554.0,4688.0
40091,434.0,408.0,357.0
21155,4244.0,4006.0,4265.0
29015,1137.0,1173.0,1301.0
5063,862.0,1002.0,1227.0
13123,1202.0,1195.0,1266.0
20111,2308.0,2332.0,2220.0
21081,3542.0,3798.0,3446.0
28123,1621.0,1845.0,1917.0
48073,1014.0,1049.0,957.0
48371,1315.0,1321.0,1479.0
56041,2086.0,2274.0,1800.0
17159,4654.0,4699.0,4802.0
22077,2554.0,2549.0,2642.0
27095,7124.0,7421.0,7322.0
5011,2128.0,2509.0,2546.0
12039,1678.0,1459.0,1719.0
16057,1341.0,1454.0,1349.0
35047,2372.0,2720.0,3380.0
36107,4950.0,5074.0,4867.0
54031,6802.0,7027.0,6961.0
55049,5131.0,4650.0,4451.0
48389,563.0,545.0,645.0
17191,2714.0,2516.0,2701.0
18075,2941.0,2853.0,2877.0
23009,833.0,811.0,777.0
29055,886.0,853.0,903.0
47127,1649.0,1480.0,1726.0
51005,1581.0,1662.0,1763.0
21045,2531.0,2537.0,1844.0
1059,1617.0,1779.0,1751.0
12121,2359.0,2420.0,2233.0
13011,1003.0,1050.0,1201.0
21133,3986.0,4343.0,4872.0
21161,2636.0,2771.0,2583.0
21163,1666.0,1613.0,1561.0
26035,1935.0,1929.0,1887.0
29201,1531.0,1513.0,1562.0
31119,2841.0,2952.0,2581.0
36033,3412.0,3624.0,3872.0
54083,4123.0,4217.0,5534.0
8107,4743.0,3873.0,3495.0
16031,1523.0,1552.0,1494.0
27093,7730.0,7476.0,7092.0
39125,1018.0,1071.0,1076.0
1021,1884.0,1884.0,1922.0
5023,1513.0,1657.0,1718.0
45087,959.0,945.0,955.0
49041,1563.0,1753.0,1776.0
21239,3494.0,2936.0,3041.0
21049,3149.0,2984.0,2832.0
21157,3129.0,3113.0,2830.0
28083,1267.0,1210.0,994.0
35006,5709.0,5747.0,5642.0
46081,2198.0,2248.0,2229.0
18007,6081.0,6013.0,5327.0
72061,5509.0,5461.0,5367.0
8097,5375.0,6383.0,7525.0
19139,3352.0,3528.0,3143.0
22053,3618.0,4122.0,3982.0
29219,541.0,499.0,516.0
28101,547.0,671.0,652.0
28163,1815.0,1842.0,1980.0
28025,652.0,720.0,709.0
41027,4863.0,4901.0,5919.0
54035,3573.0,3751.0,3622.0
13105,828.0,1042.0,1110.0
5135,1422.0,1491.0,2024.0
5027,1629.0,1654.0,1629.0
19149,2919.0,2967.0,2613.0
20009,1121.0,1319.0,1350.0
22075,2996.0,3768.0,3393.0
38089,4583.0,5640.0,5611.0
5091,865.0,617.0,939.0
19015,2409.0,2363.0,2318.0
19127,1504.0,1417.0,1285.0
22031,2898.0,2957.0,2461.0
46065,1278.0,1329.0,1301.0
48445,1094.0,1224.0,1208.0
8025,26580.0,26662.0,24369.0
31107,1332.0,1380.0,1476.0
49047,1738.0,1811.0,1743.0
8087,5284.0,5188.0,4713.0
19179,3386.0,3555.0,3412.0
18047,2188.0,2307.0,2439.0
26061,7283.0,7311.0,7110.0
48337,2412.0,2498.0,2372.0
55029,5414.0,5306.0,5685.0
17181,7212.0,6816.0,6708.0
29007,146.0,217.0,197.0
8119,3533.0,4175.0,3880.0
19097,2392.0,2336.0,2480.0
49013,2784.0,2824.0,2648.0
26007,2162.0,2155.0,2165.0
27023,6983.0,6814.0,7008.0
36095,2319.0,2194.0,2236.0
48227,2097.0,2029.0,2117.0
8003,1257.0,1663.0,1854.0
12133,2493.0,2167.0,2049.0
19027,2073.0,2142.0,1934.0
16075,1937.0,1833.0,1854.0
21003,2871.0,3598.0,2970.0
27147,6671.0,6087.0,5995.0
29195,2500.0,2601.0,2531.0
37185,3877.0,4049.0,4156.0
51169,1368.0,1539.0,1827.0
26041,2663.0,2468.0,2856.0
48093,3044.0,2956.0,2934.0
5003,921.0,1109.0,1435.0
18131,2372.0,2469.0,2615.0
29141,877.0,931.0,708.0
36099,4610.0,4918.0,4516.0
42057,3565.0,3386.0,2966.0
55053,5188.0,5038.0,5086.0
40103,377.0,350.0,395.0
2185,15185.0,13283.0,11808.0
1091,3048.0,3250.0,3695.0
5141,2478.0,2067.0,1904.0
5113,1853.0,1793.0,1733.0
12075,1899.0,2034.0,2130.0
13009,1167.0,1205.0,1165.0
16039,2450.0,2595.0,2235.0
36115,2622.0,2769.0,2769.0
39075,298.0,325.0,321.0
39001,917.0,942.0,1000.0
51023,1831.0,1733.0,1514.0
40099,1073.0,1215.0,1180.0
31097,2268.0,2327.0,2288.0
13087,1390.0,1363.0,1500.0
17041,4326.0,4228.0,4028.0
26043,2647.0,2785.0,2861.0
29209,338.0,310.0,304.0
28155,1187.0,1280.0,1414.0
31177,3237.0,2967.0,3107.0
48503,1038.0,999.0,1088.0
48053,2768.0,2839.0,2679.0
17187,1852.0,1846.0,1656.0
40117,525.0,556.0,519.0
21223,2149.0,2219.0,2208.0
1039,1736.0,1711.0,1460.0
1079,1585.0,1628.0,1619.0
19041,2891.0,2891.0,2566.0
20133,2799.0,2830.0,3230.0
21173,2944.0,2934.0,3221.0
29107,1452.0,1431.0,1568.0
29207,954.0,934.0,947.0
45029,1109.0,1186.0,1221.0
47039,3035.0,3018.0,2924.0
55129,4459.0,4485.0,4338.0
38093,6395.0,6593.0,6680.0
55119,1204.0,1312.0,1332.0
13293,798.0,817.0,760.0
21005,2545.0,2581.0,2928.0
24011,6029.0,6083.0,5993.0
28027,1966.0,2115.0,2120.0
37009,2349.0,2511.0,2606.0
48505,3329.0,3385.0,3632.0
48499,1074.0,1144.0,1118.0
55003,6182.0,6188.0,5918.0
17131,2760.0,3084.0,3407.0
13171,1179.0,1137.0,1310.0
21183,3759.0,3809.0,3409.0
26165,2507.0,2453.0,2361.0
29177,1594.0,1516.0,1238.0
37011,2529.0,2939.0,2928.0
40107,517.0,542.0,559.0
41019,2033.0,2073.0,2177.0
45069,2803.0,2898.0,2910.0
48365,953.0,927.0,798.0
38077,3282.0,3932.0,3567.0
6027,,,
8015,8459.0,8464.0,7669.0
12003,2516.0,2633.0,2407.0
13279,1085.0,1051.0,1055.0
13321,1220.0,1190.0,1309.0
19085,1957.0,1929.0,1943.0
17109,2854.0,2786.0,2911.0
21087,4277.0,4122.0,4360.0
27153,6122.0,6005.0,6584.0
37121,2513.0,2573.0,2285.0
46127,1921.0,1858.0,1663.0
51001,2182.0,2729.0,2726.0
54065,3584.0,4065.0,4775.0
27045,8506.0,8084.0,9351.0
48279,527.0,512.0,496.0
1007,2903.0,2809.0,2809.0
5121,2523.0,2550.0,2033.0
13029,681.0,656.0,669.0
13103,733.0,762.0,754.0
19123,1684.0,1752.0,1702.0
21051,1739.0,1769.0,1568.0
22121,2573.0,2717.0,2675.0
26105,3596.0,4004.0,3984.0
27079,5141.0,5065.0,4857.0
40073,1859.0,1770.0,1782.0
27135,12542.0,11111.0,8895.0
20053,3491.0,4884.0,3851.0
5041,1584.0,2051.0,2095.0
12027,2850.0,3018.0,3016.0
29175,1014.0,1038.0,1030.0
29167,2193.0,2317.0,2187.0
37113,1793.0,1885.0,1824.0
36049,3540.0,3084.0,3400.0
45039,1857.0,1902.0,1942.0
51033,1422.0,1549.0,1777.0
20115,1027.0,1296.0,1473.0
38079,3830.0,4409.0,3718.0
13071,487.0,471.0,610.0
20085,1959.0,2080.0,1974.0
22011,1571.0,1832.0,1885.0
29127,1178.0,1213.0,1097.0
35017,4430.0,4352.0,4474.0
47091,2288.0,1900.0,1973.0
54045,2961.0,3020.0,3236.0
20205,1314.0,1384.0,1443.0
47027,2534.0,2141.0,2324.0
1017,701.0,737.0,824.0
5021,2612.0,2893.0,3175.0
20087,2494.0,3188.0,3146.0
37091,2023.0,1926.0,1993.0
45089,2170.0,2203.0,2285.0
47169,2348.0,2393.0,2313.0
17173,3397.0,3305.0,3661.0
20149,1271.0,1185.0,1280.0
37175,1230.0,1326.0,1408.0
39067,499.0,539.0,559.0
45011,3043.0,3216.0,3321.0
19081,2408.0,2192.0,2408.0
21203,5774.0,6062.0,6164.0
21099,2921.0,2858.0,2648.0
28005,862.0,854.0,854.0
36039,3386.0,3100.0,2997.0
36113,3636.0,3722.0,3803.0
41045,3327.0,3242.0,3062.0
51051,1788.0,1809.0,2200.0
55113,4312.0,3575.0,4668.0
55125,1856.0,1775.0,1861.0
27033,5850.0,5966.0,5752.0
51159,4223.0,4389.0,5054.0
6051,,,
29157,1291.0,1395.0,1082.0
29215,634.0,701.0,614.0
31159,1608.0,1556.0,1614.0
39115,793.0,855.0,758.0
47007,2828.0,3160.0,3160.0
48219,1095.0,1016.0,834.0
53075,148.0,144.0,152.0
54005,4069.0,4157.0,4740.0
55067,2731.0,2627.0,2991.0
21057,968.0,1119.0,1210.0
39121,1186.0,1276.0,1373.0
12093,3142.0,2749.0,2955.0
13019,851.0,913.0,943.0
20005,2794.0,2843.0,2794.0
26127,3457.0,3559.0,3408.0
27043,9654.0,9544.0,8555.0
48353,2583.0,2447.0,2188.0
48025,1023.0,1118.0,1290.0
51580,3377.0,3467.0,4568.0
55001,4451.0,4886.0,4743.0
72051,755.0,726.0,825.0
5053,1845.0,1588.0,1730.0
13305,1233.0,1026.0,1033.0
13189,1253.0,1248.0,1234.0
16051,1105.0,1068.0,1239.0
27047,9963.0,9442.0,9342.0
54023,7581.0,8385.0,8437.0
21115,3182.0,3200.0,3236.0
22087,2724.0,2815.0,2843.0
45017,1141.0,1285.0,1484.0
45061,1783.0,1824.0,2098.0
48177,2510.0,2496.0,2395.0
56001,1911.0,1600.0,1597.0
35029,2691.0,2919.0,3121.0
48307,964.0,927.0,839.0
49037,3051.0,3299.0,3188.0
5000,,,
13111,855.0,932.0,1359.0
20057,1663.0,2112.0,2035.0
21103,2896.0,3045.0,2871.0
24019,6577.0,7961.0,8055.0
29109,448.0,422.0,472.0
29049,3213.0,3159.0,3335.0
51520,1611.0,1587.0,1617.0
55047,4452.0,4166.0,4722.0
5057,924.0,1026.0,1273.0
13027,783.0,744.0,828.0
13163,1491.0,1523.0,1562.0
15001,2276.0,2345.0,2334.0
19047,2093.0,1962.0,1944.0
28001,622.0,639.0,710.0
31155,2757.0,2632.0,2716.0
39105,432.0,485.0,423.0
40095,561.0,567.0,520.0
48293,5931.0,6498.0,7108.0
17149,1761.0,1934.0,1954.0
35053,3847.0,4039.0,4159.0
1053,1076.0,1062.0,939.0
5133,870.0,1311.0,1482.0
8039,1841.0,1874.0,1800.0
12129,1458.0,1429.0,1518.0
13225,951.0,955.0,940.0
21085,2429.0,2486.0,1869.0
27161,5835.0,6093.0,6050.0
27091,8190.0,8144.0,7524.0
29229,607.0,596.0,596.0
28131,1712.0,1871.0,2176.0
37053,1401.0,1297.0,1304.0
41009,2989.0,2970.0,2919.0
42115,2120.0,1991.0,2108.0
51163,1072.0,1103.0,1134.0
1025,2879.0,2870.0,2874.0
8081,3448.0,3192.0,3109.0
30001,4284.0,3703.0,3078.0
72113,57.0,53.0,51.0
6015,,,
12049,1704.0,1663.0,1726.0
13145,641.0,690.0,653.0
13237,931.0,931.0,972.0
18125,4867.0,4617.0,4528.0
29053,672.0,497.0,491.0
46041,509.0,577.0,492.0
51065,3579.0,4213.0,4210.0
55123,2829.0,2534.0,2336.0
27159,5854.0,6059.0,6731.0
28041,3018.0,3202.0,3489.0
12059,2187.0,1978.0,1743.0
13229,925.0,899.0,992.0
22003,2786.0,3165.0,3477.0
28039,396.0,355.0,433.0
37033,1991.0,2522.0,2836.0
39111,1348.0,1421.0,1311.0
47083,3951.0,3914.0,4926.0
47005,2184.0,2079.0,2092.0
48297,1999.0,2023.0,2556.0
51011,2049.0,2143.0,2175.0
54073,3056.0,3097.0,3432.0
17025,2435.0,2458.0,2495.0
8099,4502.0,5012.0,4593.0
31027,1785.0,1607.0,1416.0
1107,2604.0,2810.0,2454.0
27001,5829.0,5665.0,6075.0
29186,2084.0,1962.0,1626.0
29009,268.0,260.0,288.0
31047,1678.0,1627.0,1433.0
42131,2124.0,2187.0,2310.0
48077,1681.0,1824.0,1843.0
48145,2428.0,2602.0,2711.0
53003,815.0,833.0,788.0
27129,10538.0,10503.0,9981.0
38105,2865.0,2809.0,2769.0
5087,2401.0,2461.0,3288.0
5001,1418.0,1596.0,1956.0
13001,631.0,658.0,631.0
19137,2743.0,2874.0,3217.0
19191,4407.0,4602.0,4302.0
21219,2489.0,3099.0,3530.0
21017,2411.0,2456.0,2537.0
22059,4331.0,4284.0,4291.0
26141,2478.0,2430.0,2287.0
37015,2354.0,2602.0,2628.0
46102,289.0,275.0,226.0
48357,193.0,193.0,153.0
51540,10921.0,10991.0,11129.0
18009,5171.0,5128.0,4865.0
26051,5615.0,5599.0,4597.0
55007,3538.0,3711.0,3518.0
72105,92.0,62.0,36.0
1065,3727.0,3488.0,2505.0
5075,3066.0,3285.0,3389.0
17035,3873.0,3780.0,3576.0
21079,4155.0,3708.0,3674.0
22111,3465.0,3496.0,3460.0
27065,6372.0,6366.0,6929.0
31141,2468.0,2151.0,2044.0
40085,1970.0,1873.0,1804.0
40069,974.0,983.0,1019.0
48253,1394.0,1374.0,1046.0
48409,1269.0,1353.0,1358.0
51690,3489.0,3823.0,3736.0
18155,2437.0,2828.0,2883.0
30021,4842.0,5283.0,4296.0
49029,2829.0,2590.0,2441.0
13159,760.0,823.0,851.0
19183,2864.0,3114.0,2987.0
21229,5134.0,5242.0,4448.0
27103,6439.0,6194.0,5993.0
29145,256.0,268.0,270.0
42105,2838.0,2929.0,2620.0
54059,2959.0,3116.0,3070.0
17139,4303.0,4145.0,4151.0
20159,2370.0,2433.0,2370.0
27063,6256.0,6399.0,6490.0
48399,2319.0,2280.0,2338.0
56043,679.0,730.0,717.0
1113,911.0,964.0,852.0
8071,6322.0,6515.0,7052.0
13211,872.0,830.0,892.0
13205,764.0,773.0,796.0
16079,1933.0,1941.0,2042.0
18111,2167.0,2152.0,2059.0
23007,1123.0,1076.0,1093.0
48055,3193.0,3085.0,3039.0
48449,2623.0,2534.0,2873.0
19005,3310.0,3171.0,3032.0
19109,2599.0,2444.0,2329.0
20073,3527.0,5065.0,5199.0
5061,1629.0,1810.0,1848.0
5049,1098.0,1186.0,1226.0
6063,,,
13231,902.0,875.0,881.0
17061,2082.0,2028.0,2074.0
18025,4387.0,4633.0,4746.0
21033,1742.0,1765.0,1702.0
21077,3473.0,3428.0,3473.0
24029,7425.0,7193.0,8238.0
26129,2972.0,3019.0,3224.0
48255,1743.0,2038.0,2942.0
51193,2159.0,2331.0,2254.0
53001,405.0,440.0,435.0
54097,3309.0,3425.0,3516.0
31105,523.0,606.0,633.0
42093,8826.0,7745.0,5568.0
13005,439.0,457.0,582.0
21205,3042.0,2780.0,3283.0
37079,3949.0,4291.0,4039.0
40149,788.0,724.0,797.0
51115,1245.0,1732.0,1970.0
50011,3243.0,3522.0,3587.0
51021,12166.0,11943.0,3678.0
72087,10.0,10.0,13.0
12013,3538.0,3609.0,2687.0
17067,1903.0,1926.0,1858.0
21153,2985.0,2977.0,3051.0
29217,1439.0,1561.0,1187.0
48489,3235.0,3427.0,3231.0
51141,1874.0,1846.0,1744.0
53039,361.0,455.0,522.0
56007,1007.0,811.0,939.0
30043,3928.0,4132.0,3895.0
48075,2683.0,2779.0,2026.0
5079,3440.0,3862.0,3593.0
4012,1753.0,1701.0,2288.0
13179,493.0,537.0,553.0
18013,23377.0,24291.0,24881.0
22127,2942.0,2891.0,3920.0
35007,5016.0,4112.0,4304.0
46035,1507.0,1618.0,1866.0
51145,1970.0,2067.0,2138.0
55013,2712.0,3043.0,3159.0
54043,2822.0,3008.0,2974.0
19079,1618.0,1604.0,1510.0
20157,3257.0,3322.0,4098.0
46109,462.0,760.0,885.0
8125,3843.0,3823.0,3683.0
13267,633.0,569.0,562.0
13221,1593.0,1311.0,1324.0
26133,3346.0,3363.0,2809.0
26069,3056.0,3168.0,2977.0
29163,1055.0,1240.0,1005.0
37115,2689.0,3140.0,3162.0
37005,1805.0,1832.0,1859.0
48185,3186.0,3144.0,3272.0
51750,3244.0,3129.0,2641.0
54109,4849.0,4903.0,5232.0
17129,3788.0,3928.0,4051.0
31145,2704.0,2033.0,2322.0
1123,2069.0,2291.0,1952.0
13033,1827.0,1845.0,1876.0
13169,1020.0,1006.0,1051.0
19059,3482.0,3859.0,3552.0
17079,1935.0,1842.0,1925.0
27039,7137.0,6492.0,6936.0
29123,1969.0,2052.0,2399.0
29117,171.0,184.0,177.0
48287,1294.0,1305.0,1340.0
50003,5317.0,5777.0,5159.0
54091,5379.0,5678.0,5391.0
55091,2086.0,2045.0,2196.0
16087,971.0,1010.0,1187.0
17039,3453.0,3466.0,3389.0
28051,1781.0,1728.0,1846.0
37055,3005.0,2959.0,2878.0
35055,3007.0,2909.0,3129.0
36031,4094.0,4219.0,3985.0
47161,1684.0,1721.0,1845.0
48281,2963.0,3327.0,3253.0
31043,3276.0,3326.0,3156.0
48043,2488.0,2347.0,2467.0
16035,2159.0,2261.0,2958.0
19051,2200.0,2244.0,2133.0
22021,3368.0,3549.0,3237.0
34000,,,
49023,2197.0,2155.0,2097.0
1075,1333.0,1376.0,1384.0
19105,1905.0,1866.0,1779.0
17085,2326.0,1907.0,1243.0
18123,3662.0,4273.0,4492.0
20011,1493.0,1596.0,1438.0
21097,4506.0,4522.0,4310.0
22083,4686.0,4160.0,4701.0
51109,2224.0,2341.0,2431.0
53051,2368.0,2448.0,2907.0
56023,101.0,106.0,106.0
29121,304.0,410.0,509.0
29149,646.0,655.0,560.0
25007,6808.0,7668.0,7743.0
72027,1274.0,1274.0,1266.0
49015,2877.0,979.0,729.0
13303,879.0,898.0,844.0
13133,1632.0,1681.0,1675.0
19129,3561.0,3554.0,3594.0
21169,2651.0,2760.0,2671.0
54067,4062.0,4250.0,4319.0
19011,2515.0,2269.0,2102.0
5077,7305.0,7497.0,7057.0
55078,5838.0,7594.0,11918.0
72047,124.0,100.0,70.0
16067,1036.0,1103.0,1293.0
20131,2199.0,3401.0,2795.0
22027,3012.0,2878.0,2502.0
24041,4717.0,5121.0,5444.0
26143,2028.0,2065.0,1940.0
26047,3714.0,3756.0,4202.0
27127,6302.0,5985.0,5768.0
28135,1036.0,1021.0,1188.0
48395,2940.0,2934.0,2805.0
51630,2232.0,2383.0,2628.0
17127,2788.0,3108.0,3028.0
27073,11415.0,8350.0,9150.0
72035,87.0,77.0,50.0
72005,420.0,392.0,345.0
17087,3552.0,3286.0,3165.0
23023,809.0,803.0,842.0
36025,3940.0,4035.0,3942.0
45027,2015.0,2261.0,2880.0
13287,877.0,989.0,989.0
26053,2240.0,2369.0,2376.0
38071,6251.0,6285.0,4870.0
72139,156.0,150.0,126.0
37039,2436.0,2499.0,2548.0
1099,1187.0,1225.0,1466.0
12079,3180.0,2725.0,2677.0
13161,384.0,384.0,404.0
19083,1888.0,2000.0,1977.0
16053,1729.0,1589.0,1462.0
21025,3001.0,2510.0,2637.0
23029,1061.0,1090.0,1182.0
23025,1616.0,1398.0,1278.0
26137,2363.0,2286.0,2286.0
40023,688.0,654.0,682.0
48133,997.0,953.0,833.0
48009,1415.0,1438.0,1649.0
51071,2841.0,2835.0,2656.0
48127,2835.0,2687.0,2756.0
1057,2049.0,2116.0,1981.0
1109,1567.0,1706.0,1528.0
8049,1818.0,1652.0,1780.0
13199,831.0,945.0,1143.0
18171,2964.0,3013.0,3243.0
27133,6130.0,5636.0,5679.0
28129,603.0,735.0,691.0
30053,2968.0,2973.0,2698.0
51149,1225.0,1163.0,1233.0
5137,1527.0,1671.0,1735.0
12123,1400.0,1354.0,1349.0
19141,225.0,887.0,916.0
21127,4126.0,4152.0,4446.0
29133,1100.0,1009.0,1017.0
29067,38.0,38.0,15.0
28077,1065.0,1089.0,1049.0
30041,4156.0,4210.0,3725.0
37173,792.0,827.0,897.0
41065,3931.0,4194.0,4557.0
41011,1938.0,1946.0,2022.0
48457,1057.0,1080.0,1167.0
54041,4633.0,5142.0,5048.0
56015,757.0,704.0,712.0
55023,5102.0,4718.0,5238.0
47095,4148.0,4233.0,3834.0
5047,2100.0,2185.0,2230.0
16013,3236.0,3232.0,2841.0
20167,1998.0,2086.0,2246.0
21027,1421.0,1739.0,1851.0
29003,1214.0,1332.0,1293.0
29147,969.0,964.0,815.0
47087,2130.0,1960.0,1926.0
48419,1033.0,1005.0,1029.0
48165,377.0,377.0,386.0
48059,1427.0,1348.0,1090.0
51685,280.0,338.0,355.0
19145,1304.0,1258.0,1264.0
46121,157.0,177.0,197.0
72063,163.0,139.0,121.0
72099,107.0,82.0,57.0
1013,3625.0,3887.0,3928.0
5107,2981.0,3132.0,3908.0
17125,4304.0,4297.0,3915.0
22093,2783.0,2707.0,2702.0
29083,2149.0,2080.0,2181.0
40141,359.0,317.0,331.0
40105,258.0,357.0,367.0
45001,1260.0,1248.0,1170.0
46027,753.0,753.0,732.0
51137,1976.0,2143.0,3036.0
51083,1734.0,1805.0,1746.0
53029,447.0,410.0,328.0
46023,1270.0,1238.0,926.0
51530,3103.0,3180.0,3134.0
1061,1660.0,1572.0,1416.0
13107,415.0,384.0,428.0
21041,4233.0,3951.0,3462.0
21225,2239.0,2343.0,2135.0
26089,1549.0,1461.0,1475.0
40151,1569.0,1535.0,455.0
51101,1767.0,1919.0,1837.0
19035,2786.0,3000.0,2893.0
31157,1303.0,1398.0,1460.0
72119,619.0,630.0,633.0
72115,174.0,174.0,174.0
1133,2814.0,3068.0,2946.0
1067,2104.0,1552.0,1348.0
13149,721.0,889.0,981.0
13025,748.0,764.0,832.0
29143,814.0,808.0,785.0
48425,1238.0,1665.0,1698.0
55137,2393.0,2807.0,3130.0
18161,2538.0,2623.0,2580.0
72123,663.0,660.0,653.0
72101,163.0,135.0,92.0
13075,1118.0,1031.0,1071.0
13023,373.0,342.0,381.0
13091,558.0,519.0,733.0
13291,1685.0,1722.0,1628.0
19147,2926.0,3005.0,2892.0
19029,2516.0,3062.0,2711.0
27089,4756.0,4617.0,4884.0
31039,1594.0,1673.0,1617.0
31131,2354.0,2386.0,2373.0
42023,1934.0,1979.0,2159.0
48117,507.0,501.0,458.0
51077,2412.0,2154.0,2116.0
54095,2398.0,2444.0,2829.0
22037,7505.0,6423.0,5665.0
29033,1694.0,1993.0,1671.0
29081,2407.0,2287.0,2514.0
72041,113.0,92.0,71.0
1019,1241.0,1252.0,1390.0
5109,2295.0,2426.0,2584.0
13093,351.0,373.0,366.0
18101,3569.0,3315.0,3618.0
28013,1476.0,1414.0,1267.0
28103,720.0,845.0,854.0
41013,3905.0,3803.0,4200.0
48161,3692.0,3677.0,4032.0
48233,1743.0,1758.0,1695.0
54047,9419.0,11683.0,10611.0
17047,1704.0,1595.0,1517.0
38097,9246.0,9271.0,10391.0
48229,716.0,675.0,634.0
72091,25.0,23.0,23.0
12125,1660.0,1765.0,1765.0
19017,2482.0,2629.0,2446.0
19031,2958.0,3017.0,2845.0
17147,5409.0,5702.0,5617.0
31173,900.0,1052.0,941.0
33007,1179.0,1229.0,1179.0
45049,1342.0,1446.0,1477.0
48153,1173.0,1103.0,1103.0
51117,2619.0,2812.0,2890.0
21191,3221.0,3194.0,3544.0
27167,7153.0,8088.0,8104.0
30067,3896.0,3354.0,2800.0
51640,5593.0,5672.0,4947.0
72029,176.0,187.0,197.0
6049,,,
12045,1884.0,1774.0,1774.0
13049,2718.0,2621.0,2681.0
17065,2008.0,1971.0,1762.0
20027,2537.0,2374.0,2337.0
21171,2695.0,2235.0,2563.0
21109,2161.0,2371.0,2273.0
21221,2471.0,2512.0,2601.0
26109,3240.0,3543.0,3648.0
29221,950.0,1068.0,1112.0
28097,962.0,1003.0,992.0
30003,2433.0,2410.0,2147.0
40061,673.0,626.0,578.0
40011,2280.0,2206.0,2100.0
48377,626.0,612.0,641.0
48123,942.0,893.0,863.0
48477,5237.0,5237.0,4924.0
51127,2126.0,2113.0,2209.0
51027,795.0,952.0,1128.0
54063,8723.0,8023.0,8309.0
21063,3366.0,3964.0,4590.0
72071,636.0,611.0,592.0
72043,64.0,59.0,54.0
13083,645.0,676.0,676.0
19117,2151.0,2093.0,1977.0
22041,6880.0,6560.0,6485.0
26019,1903.0,1846.0,1874.0
27057,3899.0,3722.0,3941.0
28037,1647.0,1582.0,1400.0
28053,459.0,508.0,707.0
40063,550.0,602.0,520.0
47175,3781.0,3832.0,3372.0
48015,1961.0,2044.0,2018.0
51099,1845.0,2042.0,2068.0
54103,2522.0,2502.0,2516.0
29013,1305.0,1472.0,1336.0
38005,1669.0,1756.0,1537.0
23013,292.0,334.0,357.0
5025,2803.0,2941.0,2564.0
5129,914.0,1002.0,1155.0
8113,3595.0,3815.0,3423.0
19075,2003.0,2289.0,2027.0
22007,2750.0,2750.0,2741.0
26031,1923.0,1832.0,1836.0
26101,6226.0,6356.0,6454.0
28065,719.0,782.0,773.0
41061,1785.0,1576.0,1424.0
41041,2206.0,2212.0,2022.0
55103,4788.0,4452.0,3779.0
30089,2807.0,2700.0,2757.0
40053,1454.0,1246.0,1592.0
46037,774.0,959.0,977.0
72001,1478.0,1473.0,1473.0
8023,592.0,669.0,746.0
17123,2133.0,2133.0,2107.0
20029,2322.0,2015.0,1810.0
20107,1999.0,2144.0,1979.0
28161,1214.0,1280.0,1288.0
31095,2909.0,3051.0,3051.0
35027,2381.0,2529.0,2340.0
48415,5442.0,7250.0,7394.0
51125,2063.0,2083.0,2311.0
51043,2196.0,2415.0,2374.0
51775,9707.0,8308.0,9838.0
55099,4951.0,4943.0,5258.0
19093,3455.0,3557.0,2609.0
30017,3350.0,2894.0,2570.0
72065,300.0,293.0,288.0
72033,64.0,82.0,85.0
19043,3049.0,3106.0,2952.0
19197,3248.0,2898.0,3049.0
21065,3169.0,2885.0,3063.0
27113,5864.0,5489.0,5362.0
29093,869.0,889.0,1146.0
29119,670.0,666.0,687.0
37131,3521.0,3983.0,4286.0
31151,2376.0,2285.0,2116.0
40067,566.0,566.0,483.0
48067,1289.0,1342.0,1226.0
55107,3816.0,3223.0,4027.0
56003,594.0,577.0,568.0
13125,572.0,673.0,606.0
30027,5548.0,5321.0,5050.0
1047,1121.0,1126.0,1003.0
5017,3706.0,3845.0,4704.0
8051,1987.0,2010.0,1873.0
8007,4013.0,4954.0,3871.0
13155,658.0,595.0,680.0
19121,2265.0,2203.0,2050.0
16041,1773.0,1809.0,1585.0
21175,2660.0,2480.0,3073.0
26029,3091.0,3217.0,3175.0
28023,438.0,534.0,650.0
31185,4167.0,4394.0,4035.0
45053,718.0,682.0,934.0
48035,1948.0,2200.0,2077.0
17175,3800.0,3875.0,4081.0
19065,2539.0,2463.0,2712.0
29075,2328.0,2496.0,2496.0
46051,2510.0,2638.0,3077.0
40043,634.0,777.0,797.0
2110,6918.0,7118.0,7137.0
5065,1475.0,1644.0,1790.0
5097,1213.0,779.0,868.0
16085,2914.0,2633.0,2581.0
20123,3479.0,3278.0,2994.0
20001,1843.0,2312.0,2151.0
20013,3388.0,3701.0,3210.0
21031,2663.0,4022.0,2694.0
29151,2461.0,2512.0,2306.0
29073,2292.0,2584.0,2332.0
32015,4338.0,4465.0,4718.0
48239,1463.0,1423.0,1050.0
51730,3985.0,4217.0,3854.0
20143,2174.0,2069.0,3033.0
72143,195.0,160.0,128.0
72097,231.0,231.0,230.0
49025,6442.0,5947.0,5808.0
12047,2038.0,2003.0,2038.0
19171,2112.0,2183.0,2468.0
20031,2250.0,2323.0,2409.0
29135,521.0,558.0,465.0
41015,1204.0,1147.0,1200.0
48089,1279.0,1163.0,1117.0
48019,1545.0,1415.0,1255.0
55065,3462.0,3252.0,3138.0
54085,3726.0,3622.0,3444.0
54071,5065.0,5237.0,4377.0
20193,1530.0,1569.0,1723.0
16049,1236.0,1236.0,1344.0
21187,3504.0,3339.0,3532.0
22049,4300.0,4313.0,4472.0
28147,1260.0,1295.0,1442.0
31081,4601.0,3850.0,2638.0
51670,2867.0,3089.0,3236.0
51053,1128.0,1149.0,1146.0
13053,385.0,403.0,394.0
19063,3073.0,3193.0,3149.0
30087,2797.0,2809.0,2674.0
72057,423.0,423.0,417.0
49007,1447.0,1833.0,1603.0
1029,1261.0,1274.0,1261.0
13131,386.0,487.0,532.0
13281,806.0,781.0,756.0
19135,2154.0,2076.0,1985.0
19189,1912.0,1806.0,1845.0
20163,1260.0,1179.0,955.0
21159,2617.0,2483.0,2519.0
21149,3019.0,2900.0,2661.0
21123,1667.0,1118.0,1639.0
21139,1990.0,1925.0,2088.0
21197,2630.0,2735.0,2816.0
21237,3814.0,3717.0,3996.0
22065,7104.0,7333.0,6593.0
28015,1297.0,1357.0,1347.0
37041,3959.0,3773.0,3615.0
41007,2183.0,2108.0,2324.0
47137,3724.0,4695.0,4536.0
48115,1453.0,1391.0,1375.0
8063,2522.0,2254.0,2297.0
17015,2384.0,2712.0,2482.0
26113,2170.0,2084.0,1819.0
27011,7634.0,8155.0,8495.0
27101,7030.0,7005.0,6834.0
48501,516.0,482.0,459.0
17169,8511.0,8363.0,6634.0
1087,1378.0,1389.0,1384.0
5117,1364.0,1476.0,1650.0
23027,937.0,886.0,962.0
27143,5247.0,4884.0,5059.0
29063,1307.0,1291.0,1355.0
31033,2245.0,2256.0,2200.0
33019,1409.0,1416.0,1493.0
35051,3021.0,3095.0,3067.0
39163,397.0,390.0,413.0
48289,2183.0,2155.0,2137.0
56009,304.0,311.0,297.0
5147,3655.0,3829.0,5269.0
13167,539.0,519.0,487.0
19055,1916.0,1834.0,1787.0
19157,5091.0,4994.0,4999.0
27149,8700.0,8730.0,8312.0
30035,4472.0,4617.0,4748.0
37143,1523.0,1538.0,1649.0
45009,1585.0,1834.0,1976.0
48285,1970.0,1930.0,1885.0
20127,2046.0,2829.0,2847.0
20139,2289.0,2558.0,2339.0
46005,1160.0,932.0,1084.0
72141,100.0,97.0,97.0
72075,20.0,20.0,19.0
49001,4501.0,4411.0,3547.0
8021,1950.0,2291.0,2584.0
12065,2001.0,1944.0,2267.0
19107,3406.0,3338.0,2811.0
29139,467.0,467.0,476.0
30085,1954.0,1954.0,2108.0
37149,2253.0,2263.0,2437.0
40029,673.0,710.0,746.0
41049,2094.0,2051.0,2060.0
48305,1546.0,1512.0,1916.0
51570,3143.0,3402.0,3063.0
50027,3324.0,3574.0,3344.0
54015,2374.0,2304.0,2868.0
16073,1793.0,1903.0,2064.0
72131,151.0,151.0,151.0
12041,1975.0,1857.0,1679.0
20141,1286.0,1140.0,877.0
21119,2580.0,2810.0,2458.0
27121,6196.0,5645.0,5440.0
36123,3653.0,3709.0,3500.0
40077,467.0,536.0,635.0
41057,1350.0,1357.0,1424.0
42053,4429.0,4402.0,4526.0
46125,978.0,895.0,895.0
48047,7275.0,7317.0,8600.0
51007,2305.0,2457.0,2297.0
22025,3602.0,3760.0,4129.0
51678,4942.0,4996.0,4472.0
31000,,,
44000,,,
1005,632.0,640.0,595.0
13079,814.0,855.0,879.0
19115,3009.0,2990.0,2836.0
19175,3398.0,3129.0,2598.0
19101,3291.0,3247.0,3269.0
19067,1880.0,1809.0,1816.0
19091,1057.0,1025.0,1025.0
22123,7128.0,6796.0,6787.0
26009,3314.0,3344.0,2714.0
29061,1667.0,1462.0,1667.0
28009,993.0,1005.0,932.0
30077,3033.0,2366.0,3251.0
31137,1705.0,1782.0,1539.0
40075,827.0,804.0,758.0
48057,1329.0,1292.0,1367.0
72017,580.0,556.0,536.0
8065,1956.0,1760.0,1624.0
16021,1029.0,1021.0,1021.0
29065,559.0,642.0,732.0
29181,572.0,572.0,647.0
40033,565.0,477.0,459.0
46067,1852.0,1536.0,1495.0
48131,5862.0,5916.0,3540.0
48313,1428.0,1463.0,1561.0
53009,456.0,428.0,414.0
56019,971.0,841.0,793.0
31041,1281.0,1281.0,1151.0
20145,2760.0,2978.0,3087.0
35019,5279.0,5163.0,5721.0
4011,1284.0,979.0,1011.0
13273,1524.0,1641.0,1700.0
19023,2362.0,2382.0,2161.0
20151,2553.0,2106.0,2117.0
21135,4573.0,4655.0,4595.0
22091,2083.0,2142.0,2122.0
29223,730.0,754.0,660.0
38053,1970.0,1890.0,1751.0
31169,1919.0,1759.0,1659.0
40059,1139.0,1057.0,1057.0
41001,2797.0,2251.0,2220.0
46115,3309.0,3341.0,3294.0
48207,300.0,353.0,601.0
51175,2019.0,2048.0,2348.0
51133,3100.0,3530.0,3390.0
54093,8715.0,8817.0,8452.0
13003,453.0,453.0,453.0
28069,1396.0,1694.0,1766.0
5039,2069.0,2069.0,2083.0
19195,1856.0,1653.0,1666.0
27151,9562.0,10015.0,10242.0
28111,927.0,919.0,1128.0
31101,2813.0,2863.0,2888.0
36097,6391.0,6879.0,6896.0
50025,3678.0,3974.0,4943.0
50019,4671.0,6140.0,6210.0
19019,2834.0,2715.0,2734.0
55051,3939.0,3798.0,5768.0
72011,17.0,17.0,17.0
72129,139.0,107.0,80.0
72003,93.0,76.0,57.0
72069,426.0,334.0,229.0
1129,2193.0,2260.0,2444.0
5089,1192.0,1192.0,1342.0
19165,2549.0,2602.0,2078.0
16003,1840.0,1793.0,1863.0
21233,3114.0,3137.0,3021.0
21061,1333.0,1300.0,856.0
27071,4702.0,4784.0,5332.0
27069,10423.0,10517.0,11121.0
29025,1574.0,1419.0,1297.0
37137,2790.0,3505.0,3536.0
31179,2014.0,1918.0,1673.0
48069,850.0,810.0,770.0
54001,5352.0,5377.0,5462.0
40007,772.0,866.0,791.0
46101,1171.0,1186.0,1171.0
17013,1118.0,992.0,1055.0
31161,1620.0,1487.0,1944.0
72077,159.0,129.0,99.0
5127,2655.0,3268.0,3239.0
8093,2399.0,2345.0,2303.0
13271,284.0,290.0,265.0
19069,1003.0,963.0,1043.0
16061,1199.0,1277.0,1355.0
16015,1788.0,1660.0,1596.0
21055,784.0,852.0,715.0
26079,1757.0,1763.0,1641.0
27173,6283.0,6149.0,5428.0
29155,1322.0,1379.0,1354.0
29011,357.0,366.0,349.0
28063,887.0,830.0,830.0
48507,3514.0,3345.0,3581.0
50021,3415.0,3896.0,4518.0
50023,5640.0,5511.0,4850.0
55011,4152.0,4121.0,3837.0
20095,3328.0,3272.0,2447.0
72133,679.0,670.0,662.0
30083,3453.0,3406.0,3138.0
1105,2813.0,2712.0,1984.0
1111,1149.0,1179.0,1536.0
13319,1385.0,1329.0,1485.0
19131,3051.0,2579.0,2645.0
19037,1986.0,1827.0,1601.0
19077,1824.0,1796.0,1665.0
20067,1091.0,1049.0,1021.0
21131,4495.0,4617.0,4526.0
29079,315.0,284.0,355.0
40057,754.0,792.0,754.0
45081,782.0,874.0,840.0
48007,710.0,774.0,808.0
48317,745.0,693.0,797.0
48437,1163.0,1230.0,1000.0
51119,2296.0,2448.0,1975.0
54007,2300.0,2364.0,2436.0
27165,4965.0,4625.0,4212.0
8103,2925.0,3242.0,3336.0
51135,11883.0,11988.0,8915.0
72045,5.0,5.0,5.0
1041,2527.0,2585.0,1975.0
13253,2460.0,2855.0,2250.0
13269,599.0,536.0,524.0
13317,767.0,798.0,777.0
19095,3405.0,3287.0,2879.0
19151,2009.0,1964.0,1904.0
16047,2438.0,2497.0,2194.0
17153,3168.0,2868.0,2943.0
22125,777.0,803.0,809.0
27117,4274.0,4197.0,4021.0
37073,1643.0,1600.0,1747.0
38055,3757.0,4593.0,4667.0
31013,1141.0,1308.0,1354.0
31139,1245.0,1217.0,1217.0
46019,2138.0,2033.0,2196.0
48341,587.0,583.0,597.0
48299,2927.0,3024.0,2959.0
48195,537.0,500.0,556.0
51147,3618.0,2386.0,2583.0
51620,4820.0,4807.0,5837.0
72085,106.0,80.0,59.0
13191,598.0,689.0,626.0
13315,382.0,324.0,301.0
19089,1998.0,1965.0,2129.0
19161,2027.0,2644.0,2304.0
29197,601.0,536.0,408.0
28019,767.0,706.0,1108.0
45065,2494.0,2652.0,14382.0
46057,714.0,795.0,665.0
47067,2583.0,2372.0,2175.0
48179,973.0,909.0,973.0
30071,4527.0,3566.0,3338.0
48137,4865.0,4607.0,4503.0
1027,2599.0,3408.0,2713.0
5095,2209.0,2418.0,3835.0
13289,1010.0,1010.0,1121.0
13099,1629.0,1629.0,1668.0
19159,2227.0,2145.0,2186.0
19133,1938.0,1869.0,1857.0
26039,2067.0,1996.0,2096.0
35028,1647.0,1539.0,1745.0
46047,1460.0,1519.0,1564.0
46079,414.0,406.0,375.0
48387,2678.0,2653.0,2437.0
48083,1639.0,1566.0,1419.0
51103,3688.0,3820.0,3574.0
51735,1671.0,1785.0,1736.0
54021,3477.0,3643.0,3630.0
26011,3185.0,3245.0,3030.0
72149,683.0,664.0,652.0
13235,332.0,323.0,332.0
19073,2318.0,1868.0,1980.0
16009,979.0,1172.0,1108.0
18115,4868.0,4987.0,5191.0
20147,2121.0,1930.0,1357.0
22035,5509.0,5364.0,5247.0
29137,602.0,671.0,659.0
29017,989.0,989.0,1022.0
29173,572.0,563.0,524.0
38061,5728.0,4789.0,4400.0
31051,1757.0,1845.0,1668.0
48369,302.0,323.0,344.0
48051,3947.0,4300.0,4294.0
48335,1861.0,1732.0,1404.0
51063,1156.0,1124.0,1073.0
51079,2054.0,2200.0,2205.0
55077,2202.0,2119.0,2305.0
21039,1954.0,1807.0,1723.0
38003,7652.0,7604.0,6251.0
16071,3178.0,3311.0,3399.0
17003,2031.0,1961.0,2257.0
72007,150.0,105.0,80.0
8027,1934.0,2111.0,2407.0
13201,5999.0,6436.0,6506.0
13183,332.0,332.0,343.0
16043,664.0,756.0,870.0
20017,1775.0,1888.0,2190.0
21023,4348.0,4468.0,3770.0
29153,436.0,491.0,338.0
28021,1502.0,1558.0,1524.0
40129,335.0,363.0,419.0
46123,662.0,607.0,533.0
48403,1347.0,1252.0,1679.0
51057,3360.0,3579.0,3195.0
72023,350.0,330.0,314.0
72103,86.0,71.0,45.0
2240,1291.0,1306.0,2089.0
1085,1244.0,1152.0,1110.0
5105,2276.0,2477.0,1989.0
5099,3114.0,3284.0,3514.0
19007,3066.0,3058.0,2937.0
16081,1219.0,1375.0,1367.0
17059,3459.0,3521.0,3480.0
21143,3155.0,3252.0,3825.0
26135,2415.0,2111.0,1929.0
35037,2290.0,2266.0,2641.0
40127,532.0,604.0,568.0
46033,1872.0,1928.0,2029.0
46129,2042.0,1932.0,1858.0
48379,687.0,679.0,695.0
50017,3205.0,3112.0,2939.0
55041,2432.0,2377.0,2810.0
54089,5003.0,4637.0,4876.0
30007,3672.0,3287.0,3110.0
56035,1658.0,1597.0,1892.0
72153,93.0,74.0,57.0
16077,1081.0,1198.0,1211.0
29115,235.0,243.0,227.0
28157,660.0,637.0,603.0
37187,2772.0,2781.0,4024.0
46045,2716.0,2533.0,2403.0
48017,186.0,157.0,129.0
54017,1882.0,2214.0,2415.0
17009,1292.0,1444.0,1383.0
40045,415.0,492.0,466.0
2000,,,
72019,86.0,73.0,53.0
5081,2822.0,2276.0,2716.0
12077,1784.0,1819.0,1448.0
13193,440.0,479.0,541.0
13209,1014.0,840.0,818.0
19053,788.0,699.0,673.0
19039,1990.0,1980.0,2129.0
17151,2179.0,2155.0,2562.0
20171,1410.0,1514.0,1576.0
23015,312.0,292.0,329.0
27075,7161.0,6776.0,6484.0
30105,3610.0,3475.0,2326.0
37075,1896.0,1896.0,2263.0
37095,1985.0,2005.0,2228.0
31127,1793.0,1836.0,1434.0
40055,1015.0,1033.0,1296.0
46071,688.0,778.0,837.0
48405,2962.0,2889.0,2817.0
48031,1643.0,1760.0,1852.0
48267,576.0,576.0,646.0
48495,512.0,537.0,574.0
51111,8708.0,8765.0,9142.0
56031,810.0,810.0,1013.0
30061,2252.0,2115.0,1615.0
56017,1564.0,1382.0,1246.0
30005,1856.0,1991.0,2140.0
30057,2814.0,2651.0,2581.0
38021,4721.0,5172.0,5809.0
72111,16.0,16.0,16.0
8055,16152.0,16746.0,16645.0
19119,1582.0,1718.0,1565.0
20081,1537.0,1638.0,1663.0
29211,706.0,723.0,772.0
29059,1066.0,1416.0,1144.0
28119,1251.0,1310.0,1487.0
30023,4781.0,5033.0,4606.0
30101,9438.0,9586.0,4666.0
31093,915.0,946.0,791.0
35057,2050.0,1999.0,1953.0
48429,779.0,801.0,726.0
48159,1128.0,1091.0,960.0
48063,1428.0,1489.0,1673.0
51075,3073.0,3263.0,3347.0
51830,234.0,234.0,207.0
51181,1588.0,1588.0,1791.0
16063,1677.0,1528.0,1659.0
20105,1823.0,2228.0,2161.0
49019,4624.0,4747.0,5157.0
1119,1682.0,1690.0,1279.0
8105,4251.0,4420.0,4731.0
13181,1250.0,1225.0,1439.0
20201,2090.0,1868.0,999.0
26085,3636.0,3560.0,3653.0
30009,1193.0,1166.0,1072.0
38057,5130.0,4959.0,4800.0
46055,7846.0,7846.0,8110.0
48193,1749.0,1867.0,1714.0
51113,1908.0,2059.0,2270.0
51595,1347.0,1459.0,1235.0
6105,,,
31035,2354.0,2338.0,2241.0
38099,6099.0,6118.0,5620.0
35059,3227.0,3523.0,3498.0
2261,4771.0,4858.0,4858.0
13173,336.0,326.0,374.0
13109,347.0,366.0,366.0
19071,1063.0,1078.0,1710.0
19173,1797.0,1813.0,1601.0
19025,1169.0,1252.0,1324.0
29203,429.0,551.0,588.0
28143,1630.0,1921.0,1879.0
31031,3375.0,3639.0,3551.0
31121,1496.0,1470.0,1251.0
46039,988.0,804.0,873.0
46137,109.0,109.0,109.0
48151,1723.0,1958.0,1854.0
48351,530.0,596.0,618.0
48319,1310.0,1006.0,1076.0
50015,3363.0,3486.0,3864.0
54075,3432.0,3371.0,3565.0
17071,1580.0,1595.0,1685.0
20007,1694.0,1604.0,1807.0
30091,4533.0,4473.0,4140.0
30095,1659.0,1659.0,1597.0
72009,81.0,39.0,19.0
72109,26.0,26.0,10.0
1035,2213.0,2246.0,1492.0
20003,3041.0,2914.0,2965.0
21011,3584.0,3512.0,3400.0
37029,1012.0,1123.0,1187.0
38069,9006.0,11245.0,8302.0
31045,1560.0,1281.0,2131.0
42113,6825.0,7039.0,7039.0
46077,1336.0,1316.0,1255.0
48475,1992.0,2050.0,2284.0
48197,1602.0,1653.0,1093.0
51131,1793.0,2024.0,1862.0
51081,7895.0,5372.0,5478.0
51025,3463.0,3167.0,3198.0
50005,3651.0,3537.0,3507.0
53019,4537.0,4419.0,4248.0
54087,6582.0,6794.0,6612.0
20093,5498.0,5472.0,5393.0
40093,2281.0,2045.0,1979.0
31087,8182.0,7350.0,5177.0
72151,76.0,74.0,47.0
72054,205.0,158.0,142.0
12029,1836.0,1438.0,1753.0
12067,2482.0,2292.0,2125.0
13141,674.0,627.0,650.0
20181,2197.0,3008.0,3025.0
20043,1408.0,1289.0,1197.0
20077,3311.0,3091.0,3311.0
21091,2568.0,2706.0,2465.0
27087,8630.0,8703.0,8920.0
38073,14852.0,14143.0,14067.0
31023,2944.0,2358.0,2495.0
31129,1736.0,1929.0,1905.0
31065,1647.0,1625.0,1711.0
46009,1420.0,1304.0,1232.0
46085,423.0,344.0,264.0
48225,1228.0,1271.0,1062.0
48283,3271.0,3324.0,3564.0
48109,2718.0,2810.0,2856.0
54013,6203.0,6021.0,6203.0
54105,4140.0,3127.0,3711.0
20119,1835.0,2058.0,2058.0
31077,1655.0,1528.0,1316.0
2220,14977.0,14141.0,13599.0
13037,2811.0,2601.0,2634.0
19009,1783.0,1820.0,1601.0
17155,1882.0,1934.0,2004.0
20137,3302.0,4085.0,3096.0
20189,784.0,802.0,784.0
21007,1940.0,1724.0,1648.0
21181,4251.0,4100.0,5627.0
22081,3506.0,3648.0,3139.0
26119,2005.0,2015.0,1973.0
27081,8654.0,7803.0,6916.0
27029,5092.0,4899.0,4706.0
29111,409.0,378.0,430.0
37103,3472.0,3673.0,3801.0
38085,875.0,827.0,1466.0
46087,680.0,752.0,698.0
48237,705.0,795.0,795.0
48483,554.0,613.0,534.0
53043,923.0,951.0,887.0
20033,3235.0,6588.0,8529.0
38081,4746.0,6465.0,6285.0
41037,1195.0,1042.0,1754.0
20165,2964.0,3195.0,2866.0
72095,33.0,16.0,8.0
13251,430.0,394.0,415.0
13249,799.0,761.0,666.0
19003,2721.0,2249.0,2027.0
20049,553.0,632.0,593.0
20195,3924.0,4103.0,3675.0
21129,3026.0,2972.0,2931.0
29129,498.0,525.0,553.0
28125,532.0,671.0,532.0
30099,3774.0,3075.0,2912.0
31011,2176.0,2176.0,2138.0
46043,1609.0,1506.0,1986.0
48065,1097.0,1131.0,979.0
48385,1912.0,1970.0,2404.0
48271,1663.0,1554.0,1773.0
51600,12.0,21.0,29.0
51610,2798.0,2969.0,3092.0
13101,100.0,125.0,200.0
56011,356.0,343.0,303.0
20089,973.0,868.0,521.0
46105,454.0,454.0,489.0
72107,73.0,34.0,17.0
1063,2897.0,3156.0,3255.0
12043,652.0,673.0,666.0
19143,1846.0,2182.0,2199.0
19001,3034.0,2894.0,2601.0
17171,1030.0,1151.0,1232.0
17069,4763.0,3742.0,4999.0
20185,890.0,818.0,818.0
20153,474.0,593.0,593.0
21105,2717.0,2648.0,2557.0
23021,1025.0,1072.0,959.0
26097,1917.0,1963.0,1945.0
26071,6407.0,5549.0,5449.0
27051,6832.0,6698.0,7954.0
29089,280.0,230.0,210.0
29035,451.0,502.0,518.0
30015,852.0,870.0,816.0
31059,1813.0,1776.0,1886.0
48247,8519.0,8615.0,8538.0
48417,735.0,643.0,490.0
51037,2391.0,2458.0,2643.0
51097,1438.0,1466.0,1352.0
54101,3451.0,3574.0,3931.0
20047,1144.0,1179.0,1144.0
2016,5449.0,6514.0,6780.0
72039,53.0,37.0,21.0
6043,,,
13301,1332.0,1370.0,1408.0
22107,1477.0,1246.0,1361.0
29125,736.0,851.0,690.0
29185,1596.0,1447.0,1394.0
30097,3479.0,3184.0,3104.0
38095,4705.0,4340.0,5208.0
31089,1311.0,1311.0,1152.0
46015,774.0,717.0,661.0
48411,2510.0,2362.0,2114.0
8009,12120.0,12092.0,5864.0
26013,11024.0,10903.0,10708.0
30073,6581.0,8374.0,8357.0
38045,4053.0,3683.0,3831.0
72015,15.0,15.0,15.0
51183,1855.0,1792.0,1837.0
1011,941.0,960.0,842.0
8019,1660.0,1907.0,1979.0
16007,751.0,865.0,751.0
16029,685.0,629.0,615.0
20179,1904.0,1587.0,1111.0
29179,494.0,494.0,558.0
29039,2829.0,3192.0,2390.0
31015,1407.0,1303.0,834.0
31123,646.0,754.0,711.0
31073,905.0,1106.0,1055.0
46049,783.0,696.0,348.0
48243,528.0,528.0,1319.0
48435,1086.0,1033.0,1059.0
51045,1052.0,1033.0,1052.0
53013,301.0,276.0,301.0
53059,339.0,364.0,381.0
55037,4284.0,4354.0,4447.0
51017,1977.0,2170.0,2339.0
15000,,,
5013,925.0,1156.0,1388.0
5073,649.0,725.0,770.0
13197,490.0,467.0,467.0
13283,522.0,420.0,435.0
16037,904.0,1020.0,1112.0
20183,614.0,781.0,642.0
20023,753.0,677.0,753.0
26001,2364.0,2470.0,2345.0
27125,6486.0,6313.0,5771.0
27077,13316.0,12139.0,11952.0
29087,818.0,772.0,749.0
29041,471.0,633.0,619.0
30065,3950.0,3043.0,2612.0
38067,6073.0,6117.0,5940.0
31037,1569.0,1615.0,1671.0
31021,1858.0,1873.0,1904.0
31125,1876.0,1677.0,1535.0
8061,5405.0,5334.0,10811.0
30109,826.0,826.0,722.0
6091,,,
20129,2281.0,1198.0,2783.0
72121,83.0,67.0,51.0
72053,78.0,57.0,49.0
48081,1004.0,1092.0,1270.0
49017,2000.0,2039.0,2118.0
2290,306.0,153.0,210.0
2180,31767.0,29828.0,29758.0
5101,1225.0,1329.0,1419.0
13259,257.0,287.0,362.0
15007,1887.0,1771.0,1706.0
19185,1071.0,1087.0,1149.0
20197,2135.0,1919.0,1702.0
20019,800.0,708.0,800.0
27155,6536.0,6720.0,6505.0
29057,992.0,1243.0,1230.0
37043,1407.0,1451.0,1398.0
31029,1707.0,1478.0,1656.0
31175,1924.0,1876.0,1106.0
35033,1460.0,1792.0,2234.0
46091,1337.0,1520.0,1337.0
46117,807.0,1001.0,807.0
48333,3632.0,2976.0,3899.0
48101,1359.0,1288.0,1359.0
48211,79.0,26.0,52.0
48455,2136.0,2191.0,2143.0
48407,748.0,762.0,773.0
48315,1086.0,1167.0,1248.0
53031,161.0,140.0,133.0
48191,2126.0,2193.0,1586.0
1131,3586.0,3249.0,3509.0
22023,574.0,631.0,660.0
38103,7407.0,11085.0,7955.0
48443,3093.0,3351.0,5284.0
72081,52.0,42.0,42.0
1037,1988.0,2026.0,2091.0
8095,3142.0,3118.0,2743.0
29085,1111.0,1163.0,1142.0
29205,422.0,388.0,405.0
31003,1493.0,1588.0,1477.0
31099,2094.0,1971.0,1986.0
45005,2083.0,2360.0,2429.0
48023,598.0,655.0,2052.0
48079,946.0,876.0,841.0
48343,1170.0,1130.0,1130.0
50001,2714.0,2602.0,3918.0
53023,494.0,449.0,404.0
19177,2853.0,2740.0,2513.0
20025,4614.0,3410.0,5216.0
38049,3342.0,3412.0,2872.0
38063,15005.0,12018.0,14554.0
23000,,,
13061,494.0,776.0,1059.0
13309,242.0,229.0,204.0
29199,571.0,612.0,510.0
38009,4202.0,3884.0,3056.0
46089,4792.0,4960.0,4876.0
46053,1935.0,1935.0,1314.0
46025,1847.0,1900.0,2596.0
46031,881.0,832.0,808.0
48359,758.0,710.0,710.0
48175,1045.0,927.0,705.0
48169,273.0,257.0,305.0
51157,977.0,1058.0,1072.0
51036,1321.0,1709.0,1709.0
30037,1949.0,2071.0,1949.0
35023,3001.0,2716.0,2477.0
38047,1784.0,3514.0,6973.0
10000,,,
12037,1146.0,1072.0,981.0
13043,222.0,194.0,250.0
13263,613.0,613.0,597.0
13065,831.0,725.0,771.0
13007,494.0,625.0,724.0
20109,931.0,716.0,787.0
20199,527.0,593.0,329.0
21165,3344.0,3205.0,3529.0
21075,2061.0,1977.0,1659.0
21201,5123.0,5408.0,5455.0
26003,10090.0,9783.0,9124.0
31167,980.0,963.0,1064.0
31135,1730.0,1833.0,1522.0
31133,1990.0,2105.0,1990.0
36041,8560.0,8424.0,9466.0
46061,753.0,666.0,666.0
46059,1755.0,1849.0,1818.0
48011,1272.0,1272.0,1060.0
48311,1480.0,1750.0,1884.0
48107,1377.0,1377.0,1290.0
32021,11210.0,12231.0,10322.0
48087,1438.0,1370.0,1336.0
72089,488.0,463.0,458.0
48103,980.0,980.0,542.0
8121,4992.0,5196.0,6663.0
8033,2287.0,2238.0,2190.0
13165,496.0,507.0,519.0
20097,404.0,283.0,323.0
27107,9020.0,9757.0,10133.0
30011,3035.0,1438.0,1518.0
38033,6076.0,6076.0,5792.0
38025,5357.0,5470.0,5154.0
38041,11605.0,11004.0,9124.0
38019,7363.0,8852.0,8373.0
31071,1117.0,1168.0,863.0
31147,1310.0,1373.0,1195.0
46017,306.0,459.0,561.0
46003,1490.0,1563.0,1381.0
48295,217.0,217.0,186.0
48045,841.0,970.0,906.0
56045,318.0,289.0,274.0
72147,86.0,65.0,54.0
49000,,,
8109,528.0,615.0,659.0
16059,1507.0,1470.0,1458.0
20207,892.0,1211.0,1147.0
21189,3420.0,3511.0,3465.0
29005,175.0,233.0,214.0
30039,1628.0,1450.0,1154.0
38031,6044.0,5607.0,5421.0
31049,2007.0,2062.0,2118.0
31057,3012.0,2894.0,2185.0
40025,140.0,140.0,94.0
46007,2972.0,2972.0,2437.0
53055,279.0,250.0,233.0
29227,1788.0,1888.0,1937.0
38011,4299.0,1389.0,5192.0
38051,10653.0,10493.0,14417.0
72067,301.0,278.0,243.0
72059,88.0,65.0,56.0
48383,182.0,234.0,286.0
49033,1530.0,1490.0,1651.0
2130,4187.0,3712.0,3309.0
2188,12531.0,11442.0,11363.0
6003,,,
8057,1006.0,1149.0,1293.0
13243,708.0,738.0,590.0
16023,462.0,501.0,1271.0
20075,670.0,551.0,788.0
20203,2501.0,2407.0,2690.0
26095,4880.0,4913.0,4929.0
29171,596.0,703.0,724.0
38029,2654.0,2561.0,2654.0
31181,1921.0,1807.0,1520.0
35011,1316.0,1030.0,1144.0
46095,679.0,679.0,534.0
46111,1323.0,1152.0,981.0
48391,993.0,1022.0,993.0
48119,1050.0,1069.0,1144.0
51049,1279.0,1269.0,1400.0
50013,1797.0,1838.0,1977.0
20039,601.0,566.0,566.0
20101,1433.0,1303.0,1238.0
41023,1556.0,1570.0,1292.0
72125,14.0,14.0,14.0
48095,697.0,697.0,697.0
2070,5533.0,5452.0,5757.0
20065,1974.0,2176.0,2417.0
27031,6571.0,6370.0,3386.0
29045,1103.0,1030.0,1015.0
30107,2963.0,3010.0,2728.0
30055,2764.0,2464.0,2103.0
30079,12535.0,6500.0,5200.0
37177,1818.0,2017.0,2415.0
38023,3975.0,3975.0,3048.0
38043,2581.0,2460.0,2379.0
31007,403.0,403.0,268.0
31143,1247.0,1477.0,1573.0
31103,1241.0,1365.0,993.0
31083,828.0,858.0,828.0
41025,1907.0,1528.0,1691.0
48275,136.0,218.0,300.0
48111,412.0,398.0,343.0
17000,,,
48461,574.0,574.0,520.0
48105,144.0,173.0,202.0
2198,2370.0,2386.0,2192.0
2068,3338.0,4149.0,5246.0
8091,2100.0,2141.0,2282.0
13307,614.0,652.0,652.0
28055,75.0,75.0,75.0
38037,4398.0,2199.0,1979.0
31113,1872.0,1872.0,2406.0
32017,598.0,579.0,502.0
41055,1685.0,1798.0,2079.0
46097,361.0,722.0,722.0
48125,678.0,588.0,498.0
48433,296.0,370.0,222.0
51091,1142.0,1461.0,1598.0
51720,1432.0,1507.0,2060.0
8017,7428.0,6554.0,4315.0
38007,1724.0,1832.0,1832.0
32033,5063.0,5313.0,4666.0
72083,10.0,10.0,10.0
72037,132.0,103.0,66.0
49055,2361.0,2471.0,1955.0
49031,1149.0,1285.0,1487.0
1023,596.0,628.0,628.0
8047,2371.0,2435.0,2499.0
13265,195.0,325.0,390.0
13239,304.0,261.0,391.0
20083,1171.0,1505.0,1616.0
20135,1418.0,2145.0,2182.0
26131,1993.0,2290.0,1941.0
29103,429.0,606.0,631.0
30019,2189.0,2071.0,1953.0
30075,357.0,357.0,357.0
38075,3868.0,3696.0,3223.0
38065,1429.0,1378.0,1429.0
38027,14211.0,10319.0,10363.0
31163,1200.0,1133.0,1200.0
31017,1354.0,1489.0,1286.0
41063,208.0,291.0,291.0
46073,1639.0,1639.0,1341.0
46069,615.0,538.0,461.0
48129,1281.0,1312.0,1129.0
50009,2986.0,2872.0,2775.0
26083,3781.0,3970.0,3875.0
38039,10533.0,10578.0,10578.0
38083,1825.0,2357.0,1977.0
2230,2367.0,2367.0,423.0
20069,1286.0,1687.0,1787.0
48263,131.0,394.0,262.0
48205,18.0,18.0,18.0
2164,0.0,314.0,314.0
20063,1214.0,873.0,797.0
26153,2644.0,2533.0,1890.0
30103,1149.0,2874.0,2730.0
30025,2987.0,2600.0,2284.0
31063,914.0,1028.0,1256.0
31061,1309.0,1141.0,1175.0
31085,1302.0,1518.0,1627.0
31183,2171.0,2171.0,1405.0
32011,3204.0,3105.0,2366.0
41021,941.0,889.0,889.0
46107,2601.0,2415.0,2369.0
46119,1438.0,1366.0,1294.0
48155,693.0,866.0,866.0
48431,775.0,930.0,930.0
48413,1003.0,859.0,967.0
48393,0.0,0.0,117.0
48327,3882.0,4022.0,4022.0
48345,750.0,917.0,750.0
53069,758.0,891.0,847.0
72073,30.0,24.0,18.0
72117,7.0,7.0,7.0
48173,71.0,71.0,71.0
48235,911.0,911.0,846.0
2100,2767.0,3439.0,3597.0
8053,610.0,610.0,610.0
8115,7874.0,8096.0,6050.0
30045,498.0,548.0,498.0
38091,3757.0,3757.0,3862.0
38087,400.0,267.0,533.0
38001,9341.0,12410.0,9747.0
38013,2128.0,1797.0,1939.0
31117,810.0,1012.0,1417.0
31149,1548.0,1916.0,1769.0
35003,1021.0,1304.0,851.0
32029,1746.0,1649.0,1601.0
46063,1156.0,1233.0,1310.0
46021,872.0,872.0,1090.0
48447,266.0,266.0,133.0
48421,99.0,66.0,33.0
32009,3666.0,4124.0,4124.0
2105,13687.0,13315.0,9497.0
31009,0.0,0.0,0.0
31075,1284.0,1124.0,1124.0
31165,172.0,0.0,0.0
40000,,,
72079,109.0,97.0,78.0
72055,15.0,15.0,15.0
2275,16627.0,14988.0,13909.0
8079,650.0,780.0,780.0
16033,710.0,828.0,710.0
20187,698.0,648.0,548.0
31171,2078.0,2078.0,1662.0
31069,435.0,435.0,327.0
41069,751.0,1351.0,1502.0
56027,170.0,170.0,85.0
30033,1908.0,1749.0,1749.0
31115,602.0,602.0,452.0
2282,11054.0,11744.0,12781.0
2195,14207.0,14391.0,13074.0
30051,11297.0,11682.0,11596.0
31091,1613.0,1613.0,1760.0
35021,800.0,1120.0,960.0
8111,17720.0,18269.0,4258.0
48033,612.0,765.0,917.0
2060,6818.0,6818.0,6818.0
2013,2907.0,4435.0,4555.0
1000,,,
4000,,,
6000,,,
8000,,,
15005,,,
16025,723.0,633.0,904.0
18000,,,
20000,,,
20071,2029.0,1786.0,1380.0
21000,,,
24000,,,
29000,,,
28000,,,
30069,1437.0,1232.0,1027.0
30059,644.0,698.0,591.0
30000,,,
38000,,,
31005,0.0,0.0,0.0
32000,,,
36000,,,
39000,,,
41000,,,
42000,,,
72093,16.0,16.0,16.0
72049,385.0,165.0,55.0
45000,,,
46000,,,
46075,1329.0,1550.0,1661.0
48301,0.0,0.0,0.0
48000,,,
48261,743.0,743.0,990.0
48269,0.0,368.0,735.0
49009,4316.0,4211.0,3368.0
51000,,,
50000,,,
55000,,,
54000,,,
56000,,,
22000,,,
27000,,,
16000,,,
37000,,,
19000,,,
9000,,,
