FIPS code,Cumulative deaths
6037,8572
4013,4447
6071,1304
6065,1666
17031,7505
6059,1718
6073,1217
12086,4017
48113,1765
32003,2080
48201,3178
48439,1205
6085,561
36103,2139
42003,741
36081,7424
4019,836
48029,1591
6029,470
25017,2551
39035,832
36047,7583
6067,711
42101,2197
12011,1757
39049,693
18097,1006
49035,487
6019,557
36059,2306
44007,1190
6001,563
25009,1560
47000,105
47157,761
26163,3465
12095,684
48085,309
47037,481
9009,1409
53033,936
40109,384
9003,1716
12057,1011
55079,848
39061,401
9001,1612
37119,491
27053,1259
48121,274
29189,1215
25025,1309
36055,382
6111,204
36119,1581
6013,290
25027,1377
49049,186
36005,5066
13135,568
36061,3255
47093,221
12031,692
12099,1796
35001,442
17043,920
42091,1025
13121,754
26125,1495
34023,1577
36029,995
25005,977
24033,1007
10003,411
24031,1039
37183,328
8041,457
40143,328
42129,317
42133,313
21111,490
6077,549
42017,811
39113,306
17197,691
13067,542
6107,339
47149,201
1073,570
6099,490
34013,2316
16001,296
4021,307
39153,469
34017,1649
26099,1450
12103,966
45045,457
20091,357
47065,223
42071,628
29095,532
34003,2223
6081,183
48453,511
48141,1418
51059,648
53053,298
32031,378
4027,435
34031,1380
31055,454
34025,956
8031,622
25021,1230
8005,510
20173,220
36085,1196
8001,440
18089,537
36067,300
48303,474
26081,472
17097,729
39095,495
53063,300
34029,1229
55133,311
39151,257
18057,227
24005,841
42011,502
13089,499
25023,943
17089,551
12071,626
42045,864
48157,355
27123,607
39017,176
26000,120
25013,979
6053,167
6095,93
34039,1494
34007,746
42077,434
53061,330
12105,735
18003,413
8059,585
41051,335
6025,388
33011,371
48339,237
42029,443
42079,389
48215,2145
42095,370
6075,172
37081,282
49011,75
24003,319
27037,241
26049,529
6097,166
25000,6
53007,31
6061,97
11001,720
37067,189
53077,300
48039,214
5119,330
2020,103
48491,187
24510,635
42051,50
42043,258
12101,329
29183,249
47165,167
34005,575
17119,344
19153,380
51153,244
22051,643
42049,140
34027,922
33015,122
36065,200
47187,103
45083,347
48479,418
27003,268
18141,290
12097,272
21067,130
48329,172
49057,76
39093,132
18157,52
13000,318
39165,100
39099,311
42041,233
36071,556
16027,188
17163,317
4025,152
47125,102
13139,211
55025,142
42019,136
47189,103
6083,145
17201,329
8123,253
40027,141
5143,201
12033,337
42007,203
1089,165
34021,694
53011,136
29077,238
4015,290
42039,49
41067,127
36087,733
16055,102
45079,317
18039,282
36001,174
42125,103
9011,202
12009,486
47163,150
8101,241
39025,60
42081,79
8069,101
12081,400
12127,398
36027,209
37071,203
42055,169
46099,237
45063,249
10005,276
42021,170
12117,301
18081,201
45091,164
13057,122
5007,215
49053,98
34015,333
47179,135
48167,196
47155,54
48309,224
8035,150
42013,122
39041,50
22103,310
17111,187
22033,550
18063,187
22055,172
41047,188
31109,113
44003,164
12069,275
26139,226
18163,172
27163,154
51810,129
6047,207
28033,116
20209,187
55101,232
35045,268
55009,165
37051,127
39085,97
6031,101
48139,141
37035,117
48355,517
28049,229
26161,163
45051,288
53005,150
13245,241
12115,450
6079,54
6039,111
47011,52
13063,213
37179,87
10001,146
37133,54
24021,165
13151,147
17143,170
47009,72
48251,131
42111,42
36063,144
39045,70
39155,198
37097,61
6087,64
12083,428
29510,276
37025,120
39057,97
37063,129
45077,123
12021,312
42107,215
53017,13
22071,660
29099,121
24043,103
39089,102
51107,154
45007,262
12073,167
6007,74
40017,44
39103,76
13313,105
37101,90
26145,327
41005,104
39023,150
6113,98
26065,155
34035,640
4005,193
1117,89
42075,137
31153,66
48027,141
18127,119
23005,82
34001,328
18095,150
28047,130
12113,114
12109,107
20177,183
42027,113
42085,86
1003,145
13117,71
33013,42
48041,127
48367,80
42069,253
47119,94
4017,292
51087,271
12091,191
39139,54
55105,107
45041,235
55131,94
37021,136
49005,17
48061,1153
17167,152
48485,177
6089,64
6017,8
8013,160
37147,59
6101,38
22017,475
47001,43
27137,168
51041,151
17113,78
53025,40
39133,89
17179,148
12005,188
35025,70
28121,136
37159,151
51550,89
6035,7
48441,148
37001,114
36091,26
21199,22
45019,312
30111,146
4003,100
39173,130
1101,263
36093,65
51015,19
48245,199
13223,91
35043,108
47113,132
22073,239
55059,190
47147,65
47141,92
37057,61
24027,166
8077,110
48013,52
29019,36
18067,91
21117,63
32510,39
23031,46
48257,101
48135,180
9005,197
47177,24
12111,380
35013,245
55087,146
13073,93
13077,78
48209,113
54039,174
48423,221
21015,35
12001,110
22019,264
24025,126
18019,99
47031,52
27145,151
47059,80
35031,318
39003,103
55117,85
37129,68
41039,77
18035,120
34011,197
37151,105
48451,160
6055,24
12019,169
55109,22
1125,205
26077,209
27171,69
13153,113
13015,111
15003,215
9015,48
45003,119
5125,83
1097,390
53021,76
5045,70
54003,43
5031,112
9007,224
42033,31
47063,68
55027,105
28081,106
39145,34
42097,176
55127,76
46103,119
22105,153
42089,179
17019,77
47145,40
18167,129
26021,156
19163,121
21227,83
26075,130
47003,49
18059,75
39157,106
22063,112
38017,157
17099,184
47103,26
13097,103
16019,97
37089,85
4001,212
28089,123
39043,88
26093,58
12053,249
17161,207
18105,78
39109,69
44009,102
18037,35
26147,127
54107,32
27109,46
42001,57
40101,44
53067,50
5131,136
27139,72
13051,224
54011,77
47043,48
55073,163
26115,122
37155,114
39119,20
6005,20
13045,105
1055,80
47099,48
18091,117
37045,125
6109,19
48381,147
36007,180
39081,37
51013,166
1103,70
35061,48
48005,121
51760,86
55139,152
40031,50
24001,126
18109,59
42073,95
54061,9
37027,27
47107,60
36083,68
35049,55
36111,118
47105,24
40131,77
8045,24
47073,46
13185,131
13021,250
26121,229
22015,170
25001,211
45013,97
13217,114
18085,62
6041,136
21059,60
28059,144
13157,66
39169,127
2090,19
72021,0
55039,66
2170,11
4023,85
21151,19
37023,73
13215,202
18053,74
17183,76
13059,59
28087,73
48181,138
51700,63
37125,72
35005,73
48375,271
30029,44
1015,135
39029,113
48187,93
41029,53
47167,46
18177,124
13297,86
72127,0
47035,44
24013,153
51710,101
48397,43
40125,26
18005,74
55089,50
39101,86
9013,98
12015,212
17093,67
21093,37
1081,73
17091,140
30049,28
1043,64
37085,88
29043,35
47053,80
42009,72
39143,44
20015,17
16005,49
39141,76
20155,81
47123,49
37109,20
45035,120
29159,50
37161,82
36069,38
47019,75
55063,46
35015,58
1095,66
20169,46
13115,109
36013,12
42087,86
36079,66
26025,159
42127,15
26005,47
8043,12
18011,57
6115,14
48471,76
37049,78
1083,50
37171,52
39063,66
51510,82
36011,14
51650,41
48217,26
47143,41
22079,203
6103,31
29037,46
42063,82
53041,23
30013,82
53057,31
1049,50
13013,60
24017,115
49039,7
49045,11
27141,49
51069,23
51161,44
29091,35
51179,23
56021,43
12017,223
33017,19
47089,43
40119,24
29071,102
48497,59
17107,39
19155,82
18065,46
42005,61
37127,114
34037,206
36075,20
42121,27
5051,131
27019,26
22005,113
37191,129
18107,37
45015,109
45057,77
18043,85
28067,91
17001,67
22097,186
17199,101
6069,22
29187,58
19113,221
30063,45
26087,78
19193,151
1115,62
41017,18
26017,154
18173,81
17037,64
39129,50
30031,30
45073,57
47021,18
21019,29
51165,38
42035,16
40021,14
38015,157
48091,122
51185,8
18145,68
29047,87
39037,73
39167,32
36053,31
39147,26
40145,41
40071,27
18099,62
18023,29
48221,59
55141,42
13295,56
1051,76
37195,89
36009,29
42037,57
21021,0
48427,194
24015,63
47051,41
39087,45
20045,31
37157,23
26091,49
48265,31
5145,65
37077,60
48323,181
51680,44
18093,56
39055,51
4007,114
29097,140
40047,41
55035,75
48361,62
1077,63
25015,175
36101,102
51019,26
55055,51
21145,34
18071,41
46083,57
17051,42
21037,22
34041,177
47029,33
45031,83
54033,27
56037,15
36037,23
48183,132
55031,29
5115,50
5085,69
17007,56
19049,60
28035,93
40137,20
47013,27
48231,70
55071,53
26159,68
27115,10
12085,188
54055,47
36015,79
39077,36
44005,11
17055,40
49021,13
21235,9
39051,36
5033,50
13137,85
28145,27
29031,91
18029,38
19013,194
17115,160
42015,49
1009,50
12119,109
39015,9
17141,56
34019,134
40037,57
50007,55
26045,72
21029,25
40147,52
19061,126
51121,30
12089,64
17095,102
36117,28
42061,72
39033,31
56025,63
1001,43
5069,121
42117,41
47077,38
22109,143
13129,60
27131,47
37135,62
42099,17
51177,59
47117,26
47055,56
47045,63
8089,19
1069,51
12061,150
22057,156
42119,24
13247,69
34033,103
36043,14
54029,18
18133,34
51191,37
49003,21
28073,52
33001,39
39013,32
37111,37
39083,22
51800,87
37019,67
17027,74
13047,35
18069,18
12055,186
29113,17
37167,78
13113,68
28075,159
39149,18
8011,4
5055,47
31079,88
41043,31
20103,36
45085,111
26055,37
12131,41
47041,26
37193,66
39005,36
39039,56
39171,28
17029,66
8085,25
42025,82
27067,48
40079,28
5067,14
55093,28
12107,62
29021,83
21217,10
47151,12
18113,52
53035,32
54081,20
18183,17
17203,40
24045,69
39159,16
39027,35
45075,144
48143,25
13069,82
36023,12
47047,42
20125,18
47185,28
5093,90
17049,46
21125,12
21047,44
26037,32
37163,56
40121,23
42065,20
48349,44
19103,43
47017,43
48277,80
37141,19
40041,42
47131,65
36045,6
40123,16
8029,18
26149,45
42059,9
42123,6
2122,15
21147,1
26117,50
29051,77
18033,46
28109,74
28115,34
53027,20
17121,92
18017,36
6057,34
19169,23
18083,34
25003,112
39097,20
26027,39
20099,7
13095,207
27025,24
37197,21
37099,11
35039,33
40019,16
17073,39
40013,26
17133,56
24037,77
42031,23
12023,106
47129,10
1071,28
17077,49
22045,114
21095,16
23019,15
48291,78
35000,0
20117,18
5035,65
39123,33
47183,41
53047,26
54077,18
13255,90
42083,10
51085,61
51740,73
54025,18
8037,12
21185,44
26073,35
45021,76
27027,69
53071,29
41059,53
1033,53
13285,127
26059,49
21231,5
41071,29
18151,16
47071,33
54037,19
55017,65
17021,54
4009,41
6045,24
18061,29
26057,52
27111,39
36051,20
47057,21
17081,69
17117,50
26157,80
40003,2
47115,22
37181,63
42109,30
39007,65
72025,0
37107,60
44001,57
21207,13
5123,18
18077,24
12051,46
26111,34
17063,36
22001,131
22117,82
47153,5
37031,16
39011,47
36089,28
39009,6
12087,30
17157,32
21195,30
28105,66
37069,37
28139,36
47111,33
51660,40
53015,16
55097,47
16011,35
48097,21
51031,17
47079,28
51143,31
55043,77
42067,32
72031,0
28095,82
39071,18
41035,12
45043,70
45047,90
51770,80
18103,23
53073,52
20161,19
48049,40
40039,21
16065,10
17105,51
55095,21
26063,29
33005,5
13213,36
16083,109
37083,43
1121,64
37105,36
40051,33
8075,49
46029,64
17177,51
19087,20
28151,110
28149,67
37059,13
39059,16
47025,11
48213,63
27085,31
49051,15
40083,5
48149,31
27035,49
21113,39
32005,10
36109,9
40087,20
17137,68
21001,36
39135,26
18051,48
21107,60
40113,21
55021,24
39175,25
13175,121
39031,15
51173,39
18079,25
22099,78
8067,15
47015,5
45059,72
51167,12
48273,57
17195,150
37061,63
55081,20
28011,90
28107,67
47081,22
29213,47
48493,29
53049,3
6033,22
18073,25
2150,1
13233,41
18169,32
40097,22
20035,33
32027,1
19181,25
36035,29
45055,71
27049,36
55033,20
23001,39
39091,21
36121,13
55083,39
47173,7
19187,51
32019,28
39053,15
21211,27
31053,40
39047,25
45033,54
47159,20
18031,55
18001,28
18137,33
23011,20
37093,34
40115,25
6023,14
16017,11
21209,22
22113,82
37169,23
48241,40
54069,29
13277,79
51171,68
19111,21
27059,25
55005,50
1031,26
12035,46
13311,31
32007,31
39107,73
39079,15
42047,13
48199,47
53065,11
55111,26
13275,83
18055,55
40081,30
51047,19
25011,81
27061,29
28043,51
37153,43
40015,37
51003,28
32013,7
21137,20
39117,2
27007,30
27013,22
48465,144
17145,44
39137,61
22119,61
22039,52
48189,110
20113,14
17057,23
23017,12
37003,21
35009,37
36057,22
48071,11
19099,48
17103,59
20037,24
51061,28
38035,56
21089,17
51195,53
55015,31
54049,8
31111,26
19045,50
39021,19
21073,17
49043,5
13127,130
28003,36
34009,124
48203,55
55019,49
5149,36
13147,31
21179,15
41003,9
51155,20
54009,13
18119,17
47097,27
48021,39
48147,47
51067,20
51009,8
20061,7
48163,10
18143,33
5111,52
27041,52
29105,38
37087,53
48171,13
48469,110
53037,23
54079,51
26155,51
29027,17
47049,27
39127,15
20055,34
48373,48
5059,48
27017,29
51683,29
72135,0
35035,33
12000,0
37145,17
37065,78
48473,21
18181,25
17135,21
22067,39
24023,28
17101,22
40139,15
2050,8
13195,22
26023,50
36073,59
48347,91
54057,52
54027,6
17193,15
53000,3
18139,10
18045,19
28137,53
36003,65
40135,16
41033,12
26015,25
37013,58
40111,25
47133,39
18015,14
26067,38
28099,133
36105,40
39073,21
48363,41
72013,0
5009,53
21043,5
26103,48
41053,24
47069,40
47075,31
1045,59
13257,49
40001,13
5139,65
8014,61
20121,7
28071,69
41031,12
17075,42
22043,35
17017,26
16069,41
45071,69
51790,21
17045,30
22089,72
46013,47
13187,20
20051,30
21083,41
28093,58
36019,5
17011,63
56005,22
30093,34
19021,21
17165,33
13039,21
21101,39
39161,32
55075,38
29169,26
28045,49
40009,18
48325,54
5043,9
22101,99
47121,13
51089,45
54099,18
29101,25
17189,13
27169,40
30047,16
37007,18
39069,35
51197,14
13081,36
18175,12
21193,11
22115,70
29023,11
36017,13
51590,55
19033,52
21121,10
37165,50
18121,7
20175,14
22061,64
37047,77
5019,16
5015,24
12007,22
27099,24
33009,7
46135,18
55115,60
21053,10
47171,34
1127,123
28153,25
17083,31
18049,22
22069,54
28061,24
48459,26
51840,6
56029,7
49027,1
12063,107
13261,73
13219,37
18149,31
27119,40
29225,33
35041,19
32023,34
47181,15
47109,35
21167,6
22085,38
55057,8
21071,9
56013,52
20021,12
20059,17
6009,22
13031,56
29001,4
25019,2
19167,39
27083,24
28079,45
37139,37
31019,45
54051,40
16045,15
5005,42
28091,55
28029,42
40049,18
18153,22
6011,8
13035,47
19125,34
24047,42
29131,39
37189,14
40005,2
55045,9
8083,11
33000,0
72137,0
18165,23
20041,14
30081,16
38101,163
40133,15
47033,29
29165,18
37123,44
36077,7
55121,26
21215,2
18027,62
22095,116
29069,14
32001,29
47139,15
47101,17
51199,9
53045,13
5037,32
27009,66
18041,41
28031,62
31025,7
47085,8
51029,10
13207,61
18087,40
26123,27
27005,30
48401,42
40035,4
37117,21
29161,76
5029,10
15009,17
48321,64
48331,10
17005,15
24039,14
20079,22
28117,40
37199,7
48037,112
48463,39
54053,12
17023,22
28007,43
6093,8
13299,81
13055,40
21035,18
39019,12
45067,52
48481,72
55069,50
8117,5
17053,32
13227,18
29029,59
40153,8
48001,55
55085,49
18159,29
22013,40
17033,21
22029,33
24035,27
27021,13
33003,2
51035,31
22047,68
48223,62
51095,25
55061,23
13241,14
46011,24
8073,1
28159,42
72145,0
22009,77
28057,44
28141,47
37037,65
40065,35
2158,3
18179,43
26151,46
48099,22
48467,51
48259,27
47135,22
5071,15
13143,33
20191,12
21177,22
28113,65
40089,49
48249,60
51139,33
27055,6
56039,2
19057,26
24009,43
26107,12
42103,29
45025,57
46093,20
48487,24
54019,40
38059,82
18147,10
21141,36
27097,36
31067,10
56033,13
27157,2
28133,57
37017,22
31001,26
47061,14
51820,10
55135,126
13017,40
26033,10
17185,10
5083,9
13085,11
21009,35
23003,3
28127,57
51093,28
21213,9
36021,59
45023,41
51105,26
18135,30
27015,26
5103,21
13177,33
39065,30
51073,5
6021,12
18117,28
45037,26
47023,25
21069,1
21013,22
28085,73
28017,35
39131,5
48003,19
51187,31
1093,41
13119,25
18021,29
18129,24
27105,42
40091,14
21155,16
29015,13
5063,79
13123,33
20111,55
21081,6
28123,33
48073,69
48371,21
56041,7
17159,24
22077,53
27095,38
5011,9
12039,58
16057,3
35047,2
36107,54
54031,5
55049,6
48389,24
17191,38
18075,20
23009,9
29055,15
47127,4
51005,18
21045,20
1059,34
12121,94
13011,15
21133,2
21161,8
21163,4
26035,28
29201,49
31119,35
36033,9
54083,3
8107,16
16031,20
27093,25
39125,17
1021,46
5023,27
45087,35
49041,6
21239,1
21049,13
21157,18
28083,98
35006,59
46081,27
18007,3
72061,0
8097,2
19139,67
22053,58
29219,6
28101,32
28163,44
28025,28
41027,8
54035,28
13105,34
5135,28
5027,35
19149,42
20009,19
22075,20
38089,42
5091,24
19015,14
19127,53
22031,44
46065,25
48445,35
8025,10
31107,3
49047,7
8087,64
19179,88
18047,28
26061,23
48337,30
55029,14
17181,29
29007,22
8119,7
19097,23
49013,5
26007,21
27023,19
36095,2
48227,50
8003,21
12133,29
19027,26
16075,21
21003,15
27147,9
29195,16
37185,9
51169,24
26041,67
48093,17
5003,18
18131,28
29141,16
36099,14
42057,7
55053,6
40103,5
2185,2
1091,26
5141,6
5113,21
12075,18
13009,74
16039,8
36115,14
39075,48
39001,14
51023,14
40099,6
31097,4
13087,48
17041,21
26043,63
29209,23
28155,17
31177,14
48503,25
48053,20
17187,28
40117,9
21223,0
1039,38
1079,37
19041,10
20133,8
21173,12
29107,35
29207,29
45029,52
47039,17
55129,9
38093,67
55119,18
13293,81
21005,1
24011,10
28027,47
37009,16
48505,9
48499,60
55003,13
17131,22
13171,29
21183,22
26165,16
29177,7
37011,13
40107,15
41019,35
45069,22
48365,38
38077,13
6027,19
8015,22
12003,36
13279,70
13321,40
19085,50
17109,46
21087,10
27153,21
37121,6
46127,27
51001,22
54065,4
27045,0
48279,58
1007,42
5121,37
13029,19
13103,34
19123,32
21051,8
22121,46
26105,15
27079,13
40073,8
27135,11
20053,4
5041,10
12027,48
29175,15
29167,16
37113,9
36049,11
45039,50
51033,8
20115,1
38079,20
13071,51
20085,10
22011,50
29127,23
35017,9
47091,26
54045,54
20205,5
47027,19
1017,57
5021,25
20087,9
37091,42
45089,55
47169,12
17173,31
20149,3
37175,10
39067,3
45011,26
19081,21
21203,7
21099,5
28005,16
36039,18
36113,30
41045,47
51051,4
55113,9
55125,21
27033,8
51159,5
6051,3
29157,15
29215,12
31159,19
39115,24
47007,6
48219,65
53075,26
54005,17
55067,39
21057,2
39121,30
12093,49
13019,30
20005,9
26127,33
27043,5
48353,13
48025,41
51580,3
55001,12
72051,0
5053,10
13305,49
13189,24
16051,13
27047,15
54023,13
21115,11
22087,38
45017,19
45061,40
48177,24
56001,9
35029,36
48307,9
49037,32
5000,0
13111,39
20057,41
21103,3
24019,17
29109,41
29049,49
51520,7
55047,13
5057,9
13027,30
13163,40
15001,43
19047,16
28001,52
31155,10
39105,13
40095,4
48293,20
17149,35
35053,35
1053,32
5133,20
8039,5
12129,20
13225,30
21085,25
27161,12
27091,23
29229,19
28131,18
37053,7
41009,8
42115,37
51163,3
1025,24
8081,18
30001,7
72113,0
6015,2
12049,20
13145,28
13237,31
18125,23
29053,14
46041,7
51065,9
55123,20
27159,10
28041,25
12059,19
13229,32
22003,71
28039,30
37033,8
39111,23
47083,21
47005,25
48297,10
51011,6
54073,5
17025,30
8099,19
31027,8
1107,24
27001,31
29186,2
29009,35
31047,22
42131,29
48077,8
48145,16
53003,16
27129,34
38105,27
5087,9
5001,26
13001,42
19137,13
19191,16
21219,14
21017,1
22059,24
26141,5
37015,25
46102,33
48357,9
51540,31
18009,20
26051,20
55007,16
72105,0
1065,33
5075,33
17035,23
21079,4
22111,62
27065,18
31141,39
40085,1
40069,5
48253,18
48409,93
51690,27
18155,5
30021,20
49029,4
13159,7
19183,26
21229,7
27103,30
29145,40
42105,10
54059,18
17139,17
20159,2
27063,4
48399,14
56043,11
1113,6
8071,3
13211,8
13205,52
16079,23
18111,18
23007,4
48055,40
48449,42
19005,18
19109,23
20073,2
5061,16
5049,18
6063,1
13231,17
17061,39
18025,6
21033,13
21077,9
24029,26
26129,23
48255,19
51193,9
53001,16
54097,4
31105,4
42093,18
13005,24
21205,2
37079,28
40149,3
51115,1
50011,18
51021,6
72087,0
12013,26
17067,21
21153,1
29217,13
48489,61
51141,28
53039,3
56007,12
30043,2
48075,3
5079,20
4012,23
13179,31
18013,8
22127,27
35007,9
46035,52
51145,6
55013,16
54043,7
19079,21
20157,9
46109,26
8125,4
13267,34
13221,14
26133,14
26069,40
29163,11
37115,17
37005,2
48185,41
51750,7
54109,14
17129,6
31145,5
1123,95
13033,17
13169,24
19059,12
17079,13
27039,3
29123,10
29117,19
48287,23
50003,1
54091,9
55091,4
16087,14
17039,21
28051,63
37055,4
35055,35
36031,14
47161,19
48281,12
31043,51
48043,6
16035,5
19051,12
22021,18
34000,0
49023,9
1075,10
19105,34
17085,24
18123,21
20011,3
21097,1
22083,34
51109,9
53051,3
56023,10
29121,5
29149,3
25007,0
72027,0
49015,4
13303,40
13133,28
19129,11
21169,7
54067,6
19011,32
5077,20
55078,9
72047,0
16067,21
20131,43
22027,32
24041,7
26143,26
26047,30
27127,24
28135,29
48395,9
51630,8
17127,19
27073,10
72035,0
72005,0
17087,13
23023,0
36025,7
45027,73
13287,25
26053,29
38071,15
72139,0
37039,15
1099,10
12079,30
13161,34
19083,22
16053,15
21025,3
23029,2
23025,20
26137,20
40023,6
48133,12
48009,4
51071,1
48127,10
1057,18
1109,17
8049,5
13199,19
18171,7
27133,10
28129,17
30053,9
51149,7
5137,25
12123,24
19141,45
21127,4
29133,9
29067,19
28077,15
30041,29
37173,5
41065,19
41011,4
48457,8
54041,3
56015,12
55023,11
47095,11
5047,22
16013,10
20167,17
21027,4
29003,13
29147,18
47087,17
48419,39
48165,23
48059,11
51685,8
19145,11
46121,17
72063,0
72099,0
1013,44
5107,18
17125,32
22093,41
29083,18
40141,8
40105,7
45001,23
46027,11
51137,9
51083,25
53029,20
46023,10
51530,2
1061,16
13107,51
21041,6
21225,7
26089,4
40151,3
51101,5
19035,17
31157,41
72119,0
72115,0
1133,25
1067,8
13149,8
13025,19
29143,26
48425,6
55137,14
18161,2
72123,0
72101,0
13075,22
13023,33
13091,58
13291,40
19147,2
19029,37
27089,11
31039,8
31131,2
42023,1
48117,46
51077,22
54095,2
22037,90
29033,8
29081,7
72041,0
1019,24
5109,6
13093,24
18101,11
28013,15
28103,17
41013,6
48161,20
48233,34
54047,3
17047,4
38097,16
48229,5
72091,0
12125,65
19017,38
19031,16
17147,6
31173,7
33007,13
45049,35
48153,17
51117,37
21191,1
27167,5
30067,4
51640,31
72029,0
6049,0
12045,24
13049,19
17065,8
20027,17
21171,18
21109,18
21221,2
26109,23
29221,34
28097,30
30003,57
40061,7
40011,2
48377,13
48123,46
48477,57
51127,5
51027,24
54063,11
21063,1
72071,0
72043,0
13083,8
19117,6
22041,72
26019,13
27057,34
28037,6
28053,21
40063,8
47175,5
48015,14
51099,8
54103,15
29013,10
38005,16
23013,4
5025,16
5129,7
8113,0
19075,14
22007,26
26031,27
26101,12
28065,21
41061,12
41041,16
55103,13
30089,3
40053,5
46037,15
72001,0
8023,2
17123,7
20029,19
20107,2
28161,30
31095,0
35027,10
48415,27
51125,4
51043,4
51775,26
55099,4
19093,17
30017,8
72065,0
72033,0
19043,28
19197,12
21065,0
27113,11
29093,1
29119,18
37131,27
31151,3
40067,2
48067,42
55107,11
56003,15
13125,2
30027,13
1047,34
5017,29
8051,7
8007,0
13155,16
19121,8
16041,8
21175,0
26029,8
28023,55
31185,6
45053,24
48035,16
17175,11
19065,14
29075,15
46051,20
40043,2
2110,5
5065,7
5097,13
16085,1
20123,2
20001,7
20013,17
21031,16
29151,6
29073,28
32015,4
48239,18
51730,31
20143,8
72143,0
72097,0
49025,1
12047,12
19171,55
20031,10
29135,16
41015,2
48089,12
48019,11
55065,5
54085,7
54071,1
20193,6
16049,15
21187,3
22049,35
28147,32
31081,13
51670,9
51053,14
13053,3
19063,23
30087,26
72057,0
49007,7
1029,15
13131,32
13281,34
19135,15
19189,26
20163,9
21159,10
21149,19
21123,1
21139,4
21197,0
21237,1
22065,16
28015,17
37041,19
41007,2
47137,16
48115,42
8063,8
17015,28
26113,7
27011,2
27101,5
48501,18
17169,6
1087,25
5117,12
23027,17
27143,4
29063,17
31033,9
33019,5
35051,20
39163,7
48289,19
56009,7
5147,1
13167,32
19055,27
19157,21
27149,6
30035,22
37143,4
45009,38
48285,47
20127,3
20139,6
46005,33
72141,0
72075,0
49001,2
8021,4
12065,13
19107,18
29139,6
30085,42
37149,13
40029,3
41049,7
48305,11
51570,26
50027,2
54015,3
16073,18
72131,0
12041,20
20141,1
21119,9
27121,3
36123,8
40077,4
41057,0
42053,2
46125,47
48047,27
51007,7
22025,19
51678,3
31000,2
44000,66
1005,30
13079,8
19115,23
19175,12
19101,16
19067,26
19091,16
22123,25
26009,8
29061,9
28009,19
30077,5
31137,7
40075,10
48057,10
72017,0
8065,0
16021,5
29065,6
29181,8
40033,7
46067,14
48131,27
48313,16
53009,4
56019,5
31041,14
20145,5
35019,3
4011,3
13273,34
19023,15
20151,17
21135,22
22091,4
29223,4
38053,10
31169,2
40059,3
41001,4
46115,20
48207,5
51175,40
51133,9
54093,0
13003,9
28069,19
5039,8
19195,2
27151,13
28111,29
31101,2
36097,7
50025,5
50019,3
19019,15
55051,17
72011,0
72129,0
72003,0
72069,0
1129,23
5089,11
19165,20
16003,3
21233,9
21061,13
27071,8
27069,14
29025,3
37137,5
31179,5
48069,12
54001,5
40007,2
46101,14
17013,1
31161,9
72077,0
5127,5
8093,4
13271,35
19069,17
16061,5
16015,2
21055,3
26079,9
27173,13
29155,20
29011,7
28063,12
48507,24
50021,8
50023,5
55011,6
20095,5
72133,0
30083,9
1105,9
1111,29
13319,18
19131,19
19037,10
19077,22
20067,14
21131,1
29079,18
40057,0
45081,27
48007,21
48317,12
48437,11
51119,11
54007,1
27165,5
8103,2
51135,24
72045,0
1041,32
13253,12
13269,13
13317,10
19095,19
19151,4
16047,14
17153,2
22125,25
27117,18
37073,10
38055,18
31013,8
31139,18
46019,16
48341,41
48299,6
48195,12
51147,16
51620,17
72085,0
13191,9
13315,31
19089,15
19161,10
29197,1
28019,10
45065,9
46057,29
47067,4
48179,29
30071,9
48137,2
1027,29
5095,5
13289,19
13099,39
19159,6
19133,13
26039,5
35028,0
46047,10
46079,12
48387,20
48083,13
51103,2
51735,3
54021,0
26011,24
72149,0
13235,30
19073,6
16009,4
18115,7
20147,12
22035,14
29137,5
29017,11
29173,4
38061,15
31051,5
48369,29
48051,13
48335,7
51063,17
51079,4
55077,17
21039,1
38003,22
16071,0
17003,5
72007,0
8027,0
13201,3
13183,5
16043,12
20017,3
21023,3
29153,5
28021,18
40129,6
46123,10
48403,13
51057,2
72023,0
72103,0
2240,3
1085,31
5105,5
5099,19
19007,33
16081,2
17059,4
21143,5
26135,14
35037,6
40127,6
46033,8
46129,13
48379,11
50017,1
55041,22
54089,12
30007,2
56035,5
72153,0
16077,4
29115,11
28157,22
37187,9
46045,3
48017,11
54017,3
17009,8
40045,0
2000,0
72019,0
5081,37
12077,14
13193,16
13209,10
19053,2
19039,6
17151,1
20171,9
23015,2
27075,13
30105,7
37075,11
37095,5
31127,7
40055,8
46071,8
48405,21
48031,7
48267,5
48495,9
51111,3
56031,8
30061,0
56017,1
30005,20
30057,3
38021,32
72111,0
8055,12
19119,21
20081,1
29211,9
29059,14
28119,7
30023,10
30101,8
31093,8
35057,3
48429,11
48159,11
48063,19
51075,7
51830,8
51181,5
16063,8
20105,1
49019,1
1119,23
8105,5
13181,11
20201,8
26085,6
30009,7
38057,9
46055,5
48193,13
51113,4
51595,29
6105,2
31035,4
38099,20
35059,7
2261,3
13173,10
13109,13
19071,5
19173,8
19025,8
29203,9
28143,19
31031,4
31121,8
46039,6
46137,7
48151,6
48351,17
48319,2
50015,1
54075,9
17071,5
20007,2
30091,3
30095,8
72009,0
72109,0
1035,15
20003,2
21011,2
37029,4
38069,21
31045,18
42113,2
46077,13
48475,8
48197,6
51131,31
51081,16
51025,8
50005,2
53019,1
54087,5
20093,8
40093,4
31087,2
72151,0
72054,0
12029,11
12067,20
13141,47
20181,7
20043,5
20077,15
21091,9
27087,6
38073,11
31023,9
31129,1
31065,4
46009,21
46085,9
48225,19
48283,14
48109,3
54013,0
54105,1
20119,4
31077,0
2220,0
13037,11
19009,6
17155,0
20137,24
20189,5
21007,2
21181,3
22081,28
26119,7
27081,1
27029,10
29111,2
37103,15
38085,10
46087,21
48237,9
48483,7
53043,4
20033,2
38081,5
41037,2
20165,5
72095,0
13251,15
13249,2
19003,2
20049,0
20195,6
21129,17
29129,1
28125,17
30099,3
31011,3
46043,6
48065,4
48385,10
48271,3
51600,10
51610,6
13101,3
56011,6
20089,2
46105,4
72107,0
1063,20
12043,11
19143,5
19001,16
17171,1
17069,4
20185,5
20153,3
21105,3
23021,1
26097,1
26071,37
27051,7
29089,2
29035,6
30015,3
31059,6
48247,10
48417,0
51037,6
51097,2
54101,0
20047,8
2016,0
72039,0
6043,4
13301,8
22107,3
29125,6
29185,4
30097,5
38095,10
31089,10
46015,6
48411,11
8009,0
26013,28
30073,3
38045,16
72015,0
51183,13
1011,20
8019,2
16007,2
16029,11
20179,7
29179,2
29039,8
31015,2
31123,8
31073,1
46049,10
48243,1
48435,5
51045,1
53013,4
53059,1
55037,12
51017,0
15000,2
5013,1
5073,4
13197,10
13283,15
16037,2
20183,1
20023,10
26001,11
27125,3
27077,1
29087,7
29041,2
30065,7
38067,9
31037,17
31021,7
31125,5
8061,1
30109,4
6091,0
20129,8
72121,0
72053,0
48081,9
49017,7
2290,4
2180,0
5101,24
13259,17
15007,1
19185,21
20197,2
20019,3
27155,2
29057,8
37043,5
31029,3
31175,3
35033,0
46091,4
46117,2
48333,8
48101,5
48211,1
48455,9
48407,17
48315,17
53031,1
48191,3
1131,19
22023,4
38103,4
48443,1
72081,0
1037,4
8095,4
29085,6
29205,1
31003,3
31099,4
45005,9
48023,6
48079,5
48343,8
50001,4
53023,1
19177,11
20025,5
38049,18
38063,10
23000,0
13061,3
13309,19
29199,2
38009,19
46089,1
46053,24
46025,2
46031,6
48359,2
48175,7
48169,16
51157,2
51036,7
30037,0
35023,5
38047,7
10000,0
12037,4
13043,35
13263,8
13065,14
13007,6
20109,5
20199,1
21165,1
21075,4
21201,3
26003,2
31167,4
31135,11
31133,1
36041,1
46061,3
46059,2
48011,4
48311,1
48107,17
32021,4
48087,3
72089,0
48103,9
8121,10
8033,0
13165,34
20097,1
27107,8
30011,4
38033,0
38025,7
38041,3
38019,4
31071,4
31147,12
46017,10
46003,8
48295,6
48045,2
56045,2
72147,0
49000,1
8109,4
16059,9
20207,2
21189,4
29005,4
30039,2
38031,19
31049,0
31057,4
40025,0
46007,6
53055,0
29227,0
38011,4
38051,7
72067,0
72059,0
48383,6
49033,0
2130,0
2188,0
6003,0
8057,0
13243,31
16023,0
20075,0
20203,4
26095,0
29171,1
38029,10
31181,3
35011,0
46095,1
46111,3
48391,17
48119,3
51049,4
50013,0
20039,1
20101,3
41023,1
72125,0
48095,3
2070,1
20065,2
27031,0
29045,4
30107,6
30055,0
30079,2
37177,3
38023,2
38043,7
31007,0
31143,9
31103,0
31083,0
41025,1
48275,10
48111,15
17000,0
48461,6
48105,8
2198,1
2068,0
8091,3
13307,2
28055,4
38037,7
31113,0
32017,1
41055,0
46097,6
48125,6
48433,3
51091,0
51720,0
8017,3
38007,0
32033,3
72083,0
72037,0
49055,0
49031,2
1023,20
8047,1
13265,0
13239,1
20083,4
20135,13
26131,15
29103,1
30019,5
30075,5
38075,12
38065,2
38027,6
31163,4
31017,1
41063,3
46073,15
46069,0
48129,5
50009,0
26083,2
38039,2
38083,2
2230,0
20069,4
48263,1
48205,0
2164,0
20063,20
26153,3
30103,1
30025,1
31063,1
31061,2
31085,0
31183,0
32011,0
41021,1
46107,2
46119,3
48155,4
48431,1
48413,5
48393,1
48327,3
48345,3
53069,0
72073,0
72117,0
48173,1
48235,0
2100,0
8053,0
8115,2
30045,0
38091,1
38087,0
38001,2
38013,1
31117,0
31149,2
35003,3
32029,2
46063,0
46021,1
48447,2
48421,3
32009,0
2105,1
31009,0
31075,2
31165,0
40000,0
72079,0
72055,0
2275,0
8079,1
16033,0
20187,2
31171,0
31069,0
41069,0
56027,1
30033,2
31115,0
2282,0
2195,1
30051,1
31091,1
35021,0
8111,0
48033,0
2060,0
2013,0
1000,0
4000,0
6000,0
8000,0
15005,0
16025,0
18000,320
20000,163
20071,1
21000,0
24000,52
29000,0
28000,0
30069,1
30059,7
30000,0
38000,0
31005,0
32000,0
36000,195
39000,0
41000,0
42000,0
72093,0
72049,0
45000,0
46000,0
46075,0
48301,0
48000,0
48261,2
48269,0
49009,0
51000,0
50000,0
55000,0
54000,0
56000,0
22000,0
27000,59
16000,0
37000,0
19000,0
9000,0
