FIPS,12/16/2020,12/17/2020,12/18/2020
6037,567249,581519,597386
4013,266196,269744,274026
6071,137548,144455,151113
6065,131822,135751,141062
17031,360117,363261,366020
6059,112893,115260,118367
6073,114248,116852,120463
12086,264673,267255,269716
48113,166230,167612,169860
32003,146723,148411,150467
48201,212686,214180,215779
48439,124420,126245,128261
6085,51233,52414,53885
36103,77681,78850,80047
42003,43007,43857,44684
36081,105740,106764,108112
4019,54957,55801,57250
48029,97536,99142,100078
6029,54681,55801,56687
25017,61640,62721,63998
39035,58427,59363,60299
36047,103969,105006,106355
6067,52182,53185,54003
42101,84061,85033,85733
12011,122883,123991,125338
39049,71538,72583,73651
18097,60483,61376,62368
49035,95917,96864,97748
6019,47316,49173,49918
36059,72904,73757,74658
44007,51871,51871,51871
6001,40026,40751,41548
25009,47846,48769,49616
47000,22586,23093,23944
47157,58127,58757,59370
26163,78331,78997,79656
12095,65975,66786,67577
48085,37433,38228,39127
47037,52439,53221,53933
9009,40539,41146,41723
53033,55637,56268,57134
40109,50569,51120,51811
9003,39151,39787,40611
12057,67060,67801,68739
55079,84661,85504,86133
39061,44346,45052,45723
9001,49422,50036,50614
37119,53076,53526,54463
27053,80696,81200,81645
48121,32285,33121,33822
29189,62531,63160,63872
25025,46365,47013,47701
36055,24946,25643,26389
6111,27936,28643,29404
36119,60540,61111,61827
6013,32526,33072,33713
25027,33974,34619,35313
49049,58955,59749,60392
36005,73010,73685,74405
13135,48257,48941,49541
36061,53872,54426,55158
47093,26179,26658,27402
12031,51936,52674,53275
12099,73998,74789,75572
35001,35608,36137,36552
17043,55941,56512,56881
42091,29656,30172,30755
13121,48414,49072,49716
26125,56343,56825,57285
34023,38339,38857,39220
36029,34181,34757,35507
25005,27551,28002,28515
24033,48718,49068,49565
10003,27602,28075,28235
24031,40500,40747,41172
37183,36126,36338,37328
8041,36323,36752,37225
40143,40757,41196,41816
42129,15148,15545,15793
42133,18232,18556,19039
21111,45622,46109,46556
6077,33849,35010,36428
42017,25183,25496,26036
39113,30147,30676,31218
17197,47257,47899,48272
13067,36410,36985,37583
6107,27390,27790,28130
47149,23828,24221,24821
1073,43287,44254,45086
6099,28266,28667,29040
34013,42329,42666,43038
16001,32597,33123,33610
4021,22597,22926,23143
39153,22903,23394,23872
34017,38429,38675,39076
26099,46225,46561,46883
12103,38783,39337,39846
45045,30814,31435,32319
20091,33964,33964,35086
47065,22532,23126,23691
42071,23025,23464,23951
29095,48529,48907,49254
34003,41641,42008,42401
6081,19645,20089,20479
48453,43836,44381,44796
48141,93859,94240,94530
51059,37693,38091,38477
53053,22348,22694,22876
32031,31321,31650,32040
4027,23447,23550,24103
34031,36414,36690,36988
31055,48112,48619,49045
34025,26465,26824,27157
8031,43344,43765,44197
25021,21684,22015,22536
8005,33883,34227,34651
20173,34248,34248,35106
36085,29167,29504,29854
8001,36030,36396,36782
18089,35536,35970,36329
36067,16054,16429,16860
48303,37528,37786,38273
26081,40253,40571,40856
17097,44099,44533,44858
39095,21988,22440,22718
53063,22429,22649,22761
34029,27191,27522,27864
55133,33841,34176,34478
39151,16584,17089,17459
18057,19846,20184,20584
24005,34702,35002,35283
42011,19047,19401,19698
13089,32635,32997,33361
25023,19430,19731,20152
17089,37747,38080,38407
12071,35353,35759,36145
42045,25218,25450,25757
48157,30201,30938,31382
27123,34503,34750,34961
39017,22095,22488,22796
26000,20124,20264,20430
25013,21402,21772,22232
6053,19905,21107,22255
6095,14269,14713,15008
34039,33375,33588,33750
34007,24539,24872,25116
42077,16105,16525,16758
53061,19047,19328,19622
12105,31996,32432,32809
18003,24770,25059,25241
8059,26471,26831,27074
41051,22210,22453,22652
6025,19756,20003,20208
33011,13861,14149,14325
48339,22007,22241,22578
42029,16437,16646,17052
42079,13883,14417,14716
48215,48386,48386,48304
42095,13151,13459,13642
6075,19445,19863,20152
37081,20878,21086,21420
49011,20928,21314,21608
24003,20730,20941,21223
27037,27798,28025,28246
26049,19452,19731,19943
6097,15702,16024,16024
25000,12619,12790,12859
53007,4340,4374,4432
6061,10301,10554,10776
11001,25602,25830,26104
37067,17224,17429,17734
53077,16715,16885,17256
48039,17845,18097,18413
5119,20546,20834,21209
2020,20980,21181,21380
48491,18091,18522,18833
24510,28586,28853,29020
42051,4964,5233,5360
42043,11312,11523,11780
12101,18385,18733,19017
29183,24477,24839,25096
47165,13216,13383,13676
34005,17630,17812,17941
17119,18388,18707,18933
19153,38254,38518,38897
51153,21678,21969,22173
22051,27355,27741,28045
42049,9026,9247,9466
34027,17339,17547,17721
33015,8332,8546,8709
36065,8368,8695,8912
47187,14557,14786,15062
45083,16568,16775,17211
48479,23131,23503,23723
27003,27164,27329,27470
18141,22123,22307,22478
12097,22057,22353,22593
21067,21160,21304,21489
48329,10022,10032,10022
49057,16361,16650,16838
39093,11879,12162,12438
18157,12873,13080,13239
13000,24341,24580,24816
39165,12889,13156,13372
39099,12229,12458,12658
42041,8188,8354,8555
36071,20114,20324,20717
16027,18675,18893,19082
17163,16875,17086,17212
4025,8489,8696,8936
47125,9178,9442,9716
13139,15454,15641,15963
55025,31910,32200,32454
42019,7036,7172,7352
47189,10204,10397,10597
6083,13957,14190,14376
17201,22350,22488,22663
8123,17723,17946,18088
40027,15984,16260,16579
5143,18497,18843,19088
12033,19256,19475,19762
42007,6593,6894,7041
1089,18177,18655,19043
34021,16725,16897,16998
53011,11612,11720,11860
29077,16926,17106,17209
4015,9012,9253,9536
42039,3986,4040,4126
41067,13776,13991,14217
36087,24555,24787,24983
16055,10591,10751,10937
45079,23734,24122,24450
18039,21145,21292,21440
36001,8405,8613,8821
42125,7018,7153,7252
9011,8562,8716,8940
12009,18301,18511,18729
47163,8949,9080,9315
8101,11869,11990,12150
39025,9510,9769,9975
42081,4273,4440,4524
8069,13465,13639,13782
12081,19389,19612,19879
12127,19072,19334,19569
36027,9642,9800,9959
37071,12812,12917,13237
42055,7063,7152,7293
46099,23455,23618,23759
45063,14155,14408,14660
10005,12780,12976,13079
42021,7437,7552,7667
12117,15757,15938,16097
18081,9922,10112,10274
45091,12976,13078,13440
13057,13092,13311,13562
5007,14777,15010,15247
49053,12475,12684,12837
34015,11898,12052,12164
47179,8460,8632,8796
48167,17753,17983,18170
47155,6993,7146,7359
48309,16570,16818,16947
8035,13871,14035,14180
42013,6551,6644,6756
39041,9211,9366,9549
22103,12904,13106,13258
17111,17023,17186,17380
22033,22865,23189,23427
18063,9356,9530,9674
22055,14660,14838,15040
41047,11892,12038,12184
31109,20140,20265,20471
44003,8436,8436,8436
12069,12727,12966,13157
26139,17082,17251,17350
18163,13110,13252,13449
27163,17203,17316,17451
51810,13452,13652,13840
6047,15120,15443,16026
28033,12433,12561,12746
20209,13834,13834,14105
55101,17786,17970,18108
35045,8265,8354,8485
55009,25997,26067,26276
37051,11592,11782,12050
39085,10560,10743,10899
6031,13758,14073,14289
48139,10403,10609,10876
37035,9159,9269,9466
48355,26781,26951,27141
28049,12228,12361,12498
26161,12501,12620,12730
45051,17640,17826,18099
53005,10286,10408,10593
13245,12524,12729,12911
12115,16189,16389,16537
6079,8090,8269,8460
6039,8269,8441,8574
47011,7352,7520,7763
13063,12474,12621,12761
37179,10055,10201,10401
10001,7442,7599,7676
37133,7319,7383,7518
24021,9081,9241,9380
13151,10873,11036,11251
17143,11634,11813,11934
47009,7823,7982,8222
48251,8658,8864,9031
42111,3636,3708,3780
36063,6258,6384,6582
39045,8254,8422,8594
39155,9060,9275,9432
37097,7629,7692,7845
6087,6361,6536,6689
12083,15218,15433,15647
29510,15331,15471,15616
37025,9068,9201,9371
39057,8076,8235,8406
37063,13066,13162,13323
45077,8699,8817,9017
12021,20294,20482,20629
42107,5898,6083,6190
53017,2343,2360,2383
22071,18307,18498,18682
29099,13600,13760,13871
24043,6213,6350,6457
39089,8754,8937,9073
51107,12193,12297,12386
45007,10248,10393,10578
12073,17202,17365,17524
6007,5668,5765,5906
40017,9016,9153,9272
39103,7635,7800,7941
13313,9830,10048,10265
37101,9528,9649,9841
26145,11074,11216,11424
41005,8539,8716,8831
39023,7697,7859,7973
6113,6531,6649,6800
26065,11362,11488,11622
34035,11102,11222,11292
4005,9451,9595,9744
1117,13360,13581,13756
42075,7252,7357,7469
31153,14122,14303,14430
48027,10642,10753,10876
18127,11058,11201,11371
23005,5433,5545,5692
34001,10023,10174,10280
18095,7471,7621,7729
28047,8990,9181,9262
12113,9147,9270,9463
12109,10697,10868,11025
20177,10126,10126,10393
42027,7919,8022,8078
42085,4751,4834,4939
1003,11357,11554,11721
13117,8696,8829,8983
33013,3553,3688,3777
48041,12771,12884,13037
48367,6680,6803,6932
42069,6862,7021,7125
47119,7724,7893,8060
4017,9980,10030,10116
51087,10260,10345,10488
12091,11023,11146,11260
39139,6009,6165,6308
55105,11625,11820,11951
45041,8561,8739,8962
55131,11903,11992,12102
37021,7247,7359,7520
49005,9720,9908,10026
48061,27742,27926,28113
17167,12229,12343,12422
48485,8937,9085,9186
6089,6927,7000,7121
6017,4319,4412,4494
8013,13266,13360,13508
37147,9674,9778,10001
6101,5290,5369,5449
22017,15532,15768,15909
47001,4461,4550,4705
27137,11406,11467,11561
51041,11129,11220,11409
17113,10361,10470,10580
53025,5240,5308,5418
39133,6033,6138,6239
17179,8880,9019,9118
12005,10104,10295,10443
35025,5791,5866,5918
28121,7542,7636,7741
37159,7319,7403,7593
51550,7890,8031,8168
6035,3685,3732,3861
48441,9731,9856,9931
37001,8846,8919,9082
36091,3716,3809,3908
21199,2835,2941,3090
45019,22277,22508,22721
30111,12876,12979,13062
4003,5494,5622,5746
39173,6999,7110,7218
1101,14315,14532,14695
36093,4014,4153,4268
51015,2436,2497,2536
48245,12056,12160,12279
13223,6663,6816,6949
35043,6935,7091,7210
47113,6816,6920,7063
22073,11907,12274,12444
55059,12501,12630,12750
47147,5210,5339,5520
47141,7293,7494,7622
37057,6896,7045,7182
24027,9855,9912,10027
8077,7759,7928,8101
48013,2543,2556,2637
29019,12177,12287,12402
18067,5567,5656,5797
21117,7220,7398,7549
32510,4028,4150,4385
23031,3647,3711,3736
48257,7446,7588,7731
48135,10977,11085,11085
9005,6270,6385,6515
47177,3498,3642,3732
12111,12319,12475,12653
35013,15689,15826,15961
55087,16269,16377,16502
13073,8010,8147,8347
13077,6843,6937,7036
48209,9581,9581,9794
54039,7282,7412,7503
48423,11502,11595,11658
21015,6366,6534,6619
12001,14323,14468,14585
22019,12121,12244,12400
24025,7442,7514,7590
18019,7043,7161,7246
47031,4045,4145,4249
27145,16133,16209,16285
47059,4402,4547,4657
35031,8650,8745,8856
39003,7095,7243,7318
55117,10883,10987,11120
37129,8373,8435,8570
41039,5836,5900,5992
18035,6732,6845,6892
34011,6450,6550,6635
37151,6804,6867,6995
48451,10911,11014,11126
6055,4455,4544,4646
12019,9452,9562,9679
55109,5793,5828,5914
1125,16165,16374,16564
26077,11257,11368,11445
27171,10057,10129,10195
13153,6117,6267,6424
13015,6470,6599,6703
15003,16667,16780,16884
9015,3921,3998,4153
45003,8066,8117,8272
5125,6373,6485,6583
1097,22824,23074,23210
53021,7932,7997,8120
5045,6210,6319,6422
54003,4745,4916,4981
5031,8667,8823,8940
9007,5153,5263,5367
42033,3039,3092,3173
47063,4736,4873,4977
55027,10320,10366,10425
28081,6540,6595,6675
39145,3475,3557,3629
42097,3883,3999,4021
55127,8550,8657,8760
46103,10218,10295,10379
22105,8066,8163,8246
42089,4871,4983,5068
17019,12631,12694,12802
47145,3458,3520,3598
18167,8075,8176,8277
26021,8542,8587,8659
19163,13149,13197,13337
21227,8825,8899,9007
26075,6870,6991,7093
47003,3893,3951,4020
18059,4254,4331,4407
39157,5227,5386,5456
22063,7549,7718,7829
38017,18952,19039,19165
17099,7629,7679,7727
47103,2678,2710,2786
13097,7006,7087,7158
16019,9461,9523,9574
37089,4091,4179,4287
4001,6622,6673,6731
28089,6114,6196,6327
39043,3920,4024,4098
26093,7200,7262,7340
12053,6177,6267,6374
17161,10085,10179,10255
18105,7159,7236,7346
39109,6401,6514,6615
44009,3713,3713,3713
18037,3633,3703,3777
26147,6259,6326,6397
54107,3813,3913,3993
27109,8278,8359,8423
42001,3196,3280,3406
40101,5516,5577,5638
53067,4031,4108,4168
5131,8297,8382,8475
27139,10285,10357,10412
13051,12088,12180,12317
54011,4134,4221,4306
47043,3873,3937,4026
55073,12067,12147,12210
26115,6924,6984,7057
37155,8485,8556,8645
39119,4251,4409,4486
6005,1748,1788,1846
13045,6726,6772,6866
1055,8441,8683,8821
47099,3721,3778,3834
18091,6320,6441,6555
37045,5428,5512,5642
6109,1994,2076,2119
48381,12864,12986,13071
36007,6692,6764,6893
39081,2712,2782,2835
51013,7594,7661,7710
1103,8966,9129,9268
35061,4248,4370,4408
48005,4607,4653,4653
51760,7845,7905,7961
55139,16001,16122,16235
40031,5970,6030,6118
24001,4848,4919,4983
18109,3537,3607,3692
42073,3387,3429,3536
54061,4319,4422,4512
37027,4636,4685,4815
47107,3630,3696,3777
36083,2789,2904,2991
35049,6556,6612,6673
36111,4547,4614,4736
47105,3207,3301,3413
40131,5285,5391,5499
8045,3197,3242,3349
47073,2890,2971,3040
13185,7425,7496,7572
13021,8765,8836,8918
26121,8828,8917,8984
22015,7569,7712,7801
25001,4178,4240,4324
45013,8397,8548,8660
13217,4876,4945,5040
18085,6132,6183,6205
6041,8751,8804,8851
21059,4824,4920,4996
28059,7624,7711,7779
13157,4420,4524,4618
39169,4963,5057,5153
2090,4446,4477,4570
72021,4960,5044,5154
55039,10348,10464,10543
2170,5647,5714,5778
4023,5097,5158,5228
21151,5125,5206,5238
37023,5241,5270,5356
13215,8322,8413,8485
18053,4198,4256,4341
17183,5148,5219,5489
13059,9057,9131,9224
28087,3430,3507,3603
48181,5516,5604,5666
51700,4854,4911,4996
37125,3974,4032,4116
35005,6019,6047,6091
48375,14495,14549,14645
30029,8116,8220,8268
1015,8290,8458,8592
39029,5212,5340,5396
48187,6137,6181,6342
41029,5039,5117,5191
47167,4593,4673,4755
18177,4533,4626,4664
13297,4248,4327,4405
72127,9735,9854,9998
47035,3457,3574,3677
24013,4310,4410,4468
51710,7572,7635,7684
48397,4953,5090,5181
40125,4560,4626,4675
18005,4716,4803,4876
55089,6424,6452,6497
39101,6080,6136,6185
9013,4050,4124,4197
12015,6207,6313,6384
17093,7591,7695,7755
21093,5296,5409,5453
1081,9050,9188,9283
17091,10020,10078,10117
30049,4059,4139,4168
1043,6059,6160,6238
37085,5043,5111,5213
29043,4840,4898,4968
47053,4209,4288,4372
42009,2509,2533,2573
39143,2856,2926,2981
20015,4480,4480,4646
16005,5773,5821,5845
39141,3606,3662,3738
20155,6377,6377,6538
47123,3039,3126,3212
37109,4443,4487,4571
45035,7109,7271,7378
29159,3716,3773,3790
37161,3380,3452,3534
36069,2203,2283,2367
47019,3700,3768,3816
55063,9695,9790,9856
35015,3829,3867,3926
1095,8138,8231,8322
20169,3521,3521,3718
13115,6603,6686,6781
36013,2458,2496,2624
42087,2872,2928,2965
36079,3919,3975,4035
26025,7263,7319,7375
42127,1175,1209,1241
26005,5185,5244,5298
8043,3864,3903,3952
18011,3641,3737,3798
6115,3122,3212,3260
48471,5407,5417,5470
37049,4080,4209,4361
1083,5668,5817,5920
37171,3606,3645,3723
39063,3756,3866,3926
51510,6367,6421,6456
36011,1697,1798,1884
51650,3553,3636,3678
48217,1935,1953,1964
47143,2465,2526,2634
22079,7302,7348,7396
6103,2557,2627,2688
29037,4868,4935,5008
42063,3502,3518,3560
53041,1932,1994,2023
30013,6122,6197,6250
53057,2741,2844,2907
1049,6187,6289,6360
13013,4305,4382,4463
24017,5289,5322,5383
49039,1902,1902,1933
49045,3854,3908,3991
27141,7141,7198,7263
51069,3050,3135,3169
51161,3879,3952,4020
29091,2099,2116,2124
51179,4207,4257,4307
56021,6547,6566,6629
12017,5699,5774,5877
33017,2416,2475,2628
47089,3115,3166,3238
40119,5100,5167,5222
29071,5850,5919,5970
48497,3272,3356,3430
17107,2451,2470,2499
19155,7598,7641,7730
18065,3484,3554,3602
42005,2610,2646,2715
37127,5235,5266,5415
34037,3511,3555,3616
36075,2547,2598,2675
42121,1803,1841,1885
5051,4775,4833,4930
27019,6002,6045,6093
22005,6885,6991,7048
37191,6689,6718,6814
18107,2365,2422,2447
45015,8202,8306,8414
45057,4391,4474,4642
18043,4328,4406,4450
28067,4483,4536,4602
17001,5594,5670,5711
22097,5896,5957,6036
17199,4548,4627,4679
6069,2642,2687,2760
29187,5911,5996,6048
19113,15634,15685,15842
30063,5779,5799,5828
26087,3553,3604,3701
19193,11600,11629,11743
1115,5567,5648,5720
41017,3342,3389,3443
26017,5613,5676,5744
18173,4401,4440,4518
17037,6021,6089,6155
39129,5187,5235,5285
30031,8537,8659,8735
45073,4399,4514,4601
47021,2248,2316,2378
21019,2642,2671,2702
51165,3035,3145,3189
42035,1403,1447,1457
40021,2996,3070,3119
38015,13237,13274,13324
48091,5420,5499,5571
51185,1689,1737,1772
18145,2874,2925,2955
29047,5615,5677,5719
39037,3592,3666,3709
39167,2389,2418,2469
36053,1684,1724,1761
39147,2853,2934,3004
40145,3502,3597,3672
40071,2547,2605,2635
18099,4086,4121,4170
18023,2703,2756,2789
48221,3051,3118,3218
55141,5412,5474,5535
13295,3364,3424,3497
1051,5238,5357,5471
37195,4819,4851,4938
36009,1868,1905,1976
42037,2078,2151,2153
21021,1691,1609,1638
48427,5250,5300,5405
24015,2948,2984,3024
47051,2864,2922,3001
39087,2945,2998,3026
20045,5740,5797,5859
37157,3798,3832,3923
26091,3566,3644,3702
48265,1824,1881,1983
5145,3731,3835,3932
37077,3136,3177,3224
48323,5603,5679,5725
51680,3499,3548,3565
18093,2659,2728,2772
39055,3389,3446,3494
4007,3761,3826,3886
29097,9267,9330,9393
40047,4734,4749,4761
55035,8785,8835,8882
48361,4594,4735,4806
1077,5344,5427,5530
25015,3038,3090,3148
36101,2531,2586,2663
51019,2498,2550,2565
55055,6663,6704,6764
21145,3833,3881,3910
18071,3316,3364,3413
46083,6220,6265,6332
17051,2432,2463,2480
21037,3778,3896,3938
34041,3236,3289,3323
47029,2228,2276,2330
45031,3830,3938,4056
54033,2123,2205,2269
56037,2574,2649,2696
36037,1721,1767,1823
48183,5974,6064,6099
55031,3046,3092,3122
5115,4485,4547,4657
5085,3412,3472,3531
17007,4635,4677,4700
19049,7285,7341,7414
28035,4581,4642,4712
40137,2318,2350,2391
47013,2141,2194,2232
48231,3285,3285,3285
55071,6399,6448,6531
26159,3732,3764,3801
27115,2078,2094,2229
12085,6967,7072,7165
54055,1935,2006,2060
36015,3848,3918,3991
39077,2712,2761,2856
44005,1965,1965,1965
17055,2746,2806,2847
49021,2684,2737,2774
21235,2216,2285,2346
39051,2201,2235,2287
5033,3812,3858,3921
13137,2972,3030,3096
28145,2323,2358,2390
29031,5933,5995,6040
18029,3188,3252,3304
19013,11950,12004,12114
17115,7431,7502,7536
42015,2566,2639,2654
1009,4035,4118,4184
12119,4154,4221,4313
39015,1875,1913,1957
17141,3598,3659,3691
34019,3156,3185,3227
40037,3340,3374,3419
50007,2150,2219,2255
26045,4118,4164,4237
21029,3699,3704,3745
40147,2630,2663,2729
19061,10109,10148,10193
51121,4565,4618,4650
12089,3847,3919,3980
17095,3545,3599,3634
36117,1790,1848,1881
42061,2338,2409,2459
39033,2105,2175,2215
56025,6032,6074,6121
1001,3570,3647,3698
5069,5820,5949,6023
42117,1637,1671,1691
47077,2453,2492,2529
22109,5229,5299,5350
13129,4140,4205,4268
27131,4973,5015,5108
37135,4514,4528,4593
42099,1219,1256,1283
51177,3872,3916,3974
47117,2305,2330,2404
47055,2014,2050,2131
47045,3792,3840,3883
8089,1390,1427,1456
1069,6308,6448,6526
12061,5667,5725,5831
22057,5539,5587,5638
42119,2279,2323,2354
13247,3362,3413,3459
34033,2280,2303,2331
36043,1279,1314,1367
54029,1378,1441,1477
18133,2003,2043,2102
51191,2408,2463,2496
49003,2958,3038,3092
28073,3568,3610,3646
33001,1352,1406,1428
39013,2603,2671,2708
37111,2525,2551,2624
39083,2165,2240,2284
51800,3312,3354,3379
37019,3714,3761,3802
17027,4040,4070,4117
13047,2732,2811,2879
18069,2026,2059,2069
12055,4420,4470,4494
29113,3147,3202,3225
37167,3635,3689,3738
13113,3992,4046,4096
28075,4294,4357,4409
39149,2851,2924,2986
8011,701,800,846
5055,3889,3943,3978
31079,5464,5498,5534
41043,2180,2237,2275
20103,4553,4553,4698
45085,4952,4984,5052
26055,2646,2683,2716
12131,4281,4320,4390
47041,1718,1766,1799
37193,3316,3338,3368
39005,2078,2129,2196
39039,2241,2307,2332
39171,1878,1928,1948
17029,3865,3909,3936
8085,1712,1746,1773
42025,2053,2102,2123
27067,5085,5117,5151
40079,3015,3048,3090
5067,2477,2529,2556
55093,3238,3283,3324
12107,3321,3386,3437
29021,5648,5693,5718
21217,1456,1501,1545
47151,1616,1657,1685
18113,3512,3549,3590
53035,3228,3296,3362
54081,2166,2212,2236
18183,2123,2148,2171
17203,2398,2428,2454
24045,4018,4054,4095
39159,2923,2995,3064
39027,1881,1925,1966
45075,4519,4603,4617
48143,2534,2573,2648
13069,3544,3578,3608
36023,1561,1613,1655
47047,2798,2838,2900
20125,1671,1671,1782
47185,2330,2391,2430
5093,3918,3963,3992
17049,3502,3533,3563
21125,3099,3127,3176
21047,3617,3650,3679
26037,3499,3556,3599
37163,4287,4327,4396
40121,2393,2404,2451
42065,1508,1534,1560
48349,3216,3279,3331
19103,10440,10476,10529
47017,2322,2360,2360
48277,3216,3216,3371
37141,2329,2362,2402
40041,2432,2446,2508
47131,3227,3279,3315
36045,1121,1161,1216
40123,2533,2542,2566
8029,1179,1200,1230
26149,3242,3260,3301
42059,1207,1224,1246
42123,888,956,968
2122,3343,3365,3425
21147,763,807,844
26117,2690,2714,2755
29051,7090,7150,7174
18033,2621,2648,2668
28109,2083,2139,2177
28115,2641,2684,2717
53027,1576,1615,1679
17121,3145,3182,3209
18017,3718,3793,3832
6057,2149,2173,2203
19169,7520,7568,7642
18083,2591,2628,2655
25003,2330,2360,2379
39097,2486,2542,2577
26027,2859,2888,2911
20099,1407,1407,1501
13095,4249,4290,4331
27025,3848,3877,3911
37197,2034,2061,2087
37099,1865,1897,1923
35039,1866,1941,1973
40019,2179,2231,2261
17073,3352,3382,3391
40013,3338,3383,3442
17133,2651,2697,2729
24037,2789,2827,2867
42031,1661,1689,1722
12023,5253,5320,5376
47129,1169,1186,1262
1071,4543,4594,4640
17077,3292,3313,3334
22045,4291,4321,4366
21095,1312,1324,1333
23019,1444,1483,1520
48291,3674,3713,3755
35000,3128,3204,3237
20117,752,752,781
5035,3832,3875,3909
39123,1883,1950,1982
47183,2640,2680,2726
53047,1541,1564,1573
54077,1147,1188,1237
13255,2882,2958,3004
42083,1136,1187,1237
51085,3062,3085,3128
51740,3677,3722,3760
54025,963,1025,1066
8037,2961,2982,3030
21185,3204,3250,3328
26073,3084,3113,3156
45021,2698,2711,2744
27027,5864,5896,5920
53071,2752,2783,3014
41059,4981,5014,5073
1033,3988,4034,4090
13285,4436,4490,4536
26059,2271,2303,2324
21231,876,946,1019
41071,2273,2300,2319
18151,2157,2187,2223
47071,2246,2274,2317
54037,1914,1961,1990
55017,5593,5628,5662
17021,2336,2357,2381
4009,2673,2706,2740
6045,2108,2134,2159
18061,2138,2157,2211
26057,2162,2183,2221
27111,3930,3972,4006
36051,1206,1270,1318
47057,1449,1476,1522
17081,2465,2517,2555
17117,2877,2915,2952
26157,2289,2315,2347
40003,805,816,824
47115,1559,1590,1630
37181,2266,2288,2338
42109,1505,1559,1582
39007,3299,3347,3417
72025,2794,2844,2895
37107,2735,2762,2844
44001,1816,1816,1816
21207,879,914,951
5123,2471,2484,2513
18077,1785,1828,1839
12051,2897,2929,2949
26111,3631,3638,3678
17063,3488,3522,3552
22001,4597,4642,4682
22117,2709,2772,2809
47153,880,921,956
37031,2252,2298,2354
39011,3159,3198,3253
36089,1409,1464,1511
39009,2700,2731,2775
12087,3890,3935,3969
17157,2872,2911,2938
21195,2369,2425,2489
28105,2950,2985,3018
37069,2532,2557,2642
28139,1680,1708,1732
47111,2242,2281,2332
51660,3905,4000,4028
53015,1941,1978,2039
55097,5487,5523,5551
16011,3359,3378,3399
48097,1748,1779,1856
51031,1603,1637,1649
47079,2008,2031,2073
51143,2245,2262,2319
55043,4288,4320,4330
42067,1072,1095,1145
72031,4218,4272,4332
28095,2547,2580,2613
39071,1724,1778,1812
41035,1457,1476,1539
45043,3309,3455,3544
45047,3676,3760,3840
51770,4693,4754,4797
18103,2356,2396,2422
53073,2984,3050,3077
20161,4396,4396,4494
48049,2256,2274,2324
40039,2551,2559,2579
16065,4978,5005,5019
17105,2812,2840,2860
55095,2765,2785,2821
26063,1343,1373,1388
33005,978,1003,1019
13213,2368,2418,2470
16083,7524,7571,7600
37083,2401,2424,2474
1121,4545,4578,4625
37105,2951,2987,3035
40051,3340,3369,3408
8075,2884,2966,3002
46029,3204,3228,3237
17177,2953,2989,3013
19087,2352,2364,2383
28151,3738,3754,3778
28149,2219,2243,2269
37059,1685,1723,1750
39059,1594,1651,1667
47025,1308,1329,1370
48213,3098,3141,3186
27085,2875,2884,2915
49051,2814,2830,2865
40083,2062,2086,2114
48149,1144,1156,1173
27035,4297,4314,4340
21113,2345,2379,2403
32005,1619,1636,1663
36109,1637,1671,1710
40087,3041,3078,3121
17137,2739,2763,2777
21001,1066,1086,1103
39135,2331,2372,2404
18051,2645,2671,2690
21107,2306,2323,2357
40113,2472,2493,2526
55021,4172,4216,4239
39175,1255,1282,1316
13175,3039,3068,3127
39031,1363,1434,1444
51173,1439,1479,1497
18079,1455,1490,1513
22099,3294,3330,3367
8067,1920,1950,1988
47015,1140,1168,1194
45059,3029,3111,3147
51167,1221,1242,1265
48273,1535,1543,1555
17195,4348,4378,4429
37061,3793,3824,3868
55081,3156,3192,3224
28011,2908,2941,2993
28107,2781,2800,2824
47081,1576,1606,1644
29213,3488,3525,3538
48493,1782,1800,1862
53049,487,492,503
6033,1364,1375,1399
18073,2131,2158,2189
2150,763,774,792
13233,2873,2916,2946
18169,2362,2385,2399
40097,2051,2076,2113
20035,2129,2129,2202
32027,308,312,318
19181,3373,3403,3442
36035,921,948,981
45055,3453,3505,3547
27049,2693,2726,2753
55033,3414,3462,3491
23001,2075,2104,2132
39091,2061,2085,2104
36121,939,974,1013
55083,3807,3856,3877
47173,1045,1045,1069
19187,4153,4159,4208
32019,1829,1858,1873
39053,1363,1405,1416
21211,2652,2707,2720
31053,3415,3440,3471
39047,1446,1483,1516
45033,1973,2022,2086
47159,1765,1799,1837
18031,1827,1850,1889
18001,2338,2362,2390
18137,2090,2132,2161
23011,1330,1359,1391
37093,2376,2409,2447
40115,2191,2216,2263
6023,1357,1374,1387
16017,1481,1523,1563
21209,2200,2218,2239
22113,3063,3090,3116
37169,1570,1601,1643
48241,1227,1250,1284
54069,2067,2102,2137
13277,3032,3063,3101
51171,1799,1826,1843
19111,2621,2645,2673
27059,2443,2459,2481
55005,4172,4220,4264
1031,3065,3126,3155
12035,3137,3179,3215
13311,1677,1714,1760
32007,3490,3520,3578
39107,3613,3645,3667
39079,1755,1803,1830
42047,938,967,1021
48199,2799,2848,2896
53065,1036,1060,1059
55111,4234,4299,4332
13275,2312,2357,2403
18055,1595,1622,1654
40081,1767,1793,1816
51047,2603,2645,2655
25011,1030,1075,1094
27061,2488,2517,2540
28043,1748,1779,1807
37153,2316,2344,2373
40015,2438,2447,2466
51003,2351,2394,2408
32013,706,706,706
21137,1169,1207,1236
39117,1467,1492,1512
27007,2660,2698,2731
27013,4746,4765,4793
48465,3756,3791,3791
17145,1514,1538,1554
39137,2937,2978,3004
22119,2418,2440,2459
22039,2359,2372,2407
48189,4784,4817,4841
20113,1966,1966,2187
17057,1962,1997,2030
23017,765,813,846
37003,2109,2133,2174
35009,3680,3711,3739
36057,857,868,892
48071,2430,2479,2479
19099,2611,2617,2647
17103,2431,2450,2481
20037,2941,2941,3048
51061,1931,1965,1994
38035,9004,9033,9064
21089,1919,1924,1967
51195,1593,1622,1647
55015,4721,4742,4775
54049,1310,1347,1382
31111,2793,2814,2845
19045,3836,3863,3896
39021,1554,1589,1610
21073,1872,1887,1921
49043,2695,2732,2760
13127,4677,4731,4773
28003,1873,1885,1915
34009,2042,2070,2082
48203,2163,2192,2202
55019,2792,2828,2848
5149,2013,2054,2094
13147,1187,1220,1254
21179,2565,2598,2621
41003,1127,1152,1190
51155,1110,1152,1170
54009,1069,1083,1097
18119,1059,1089,1106
47097,2388,2420,2441
48021,3280,3313,3359
48147,1499,1520,1546
51067,1994,2025,2036
51009,1159,1179,1183
20061,1477,1477,1528
48163,1599,1613,1638
18143,1653,1687,1706
5111,2036,2073,2102
27041,3227,3245,3262
29105,2279,2291,2318
37087,1656,1691,1741
48171,1191,1208,1233
48469,5431,5477,5515
53037,1452,1466,1473
54079,2528,2560,2580
26155,2610,2634,2669
29027,3403,3437,3473
47049,1553,1593,1631
39127,1462,1526,1549
20055,5266,5295,5312
48373,1935,1948,1948
5059,3238,3277,3295
27017,2400,2408,2432
51683,2612,2625,2643
72135,1937,1955,1992
35035,1914,1942,1958
12000,3179,2925,2937
37145,1322,1331,1356
37065,2924,2940,2985
48473,1615,1643,1675
18181,1893,1934,1985
17135,1531,1555,1587
22067,1801,1842,1878
24023,1227,1244,1258
17101,1488,1511,1558
40139,2750,2764,2777
2050,2001,2023,2029
13195,1518,1554,1566
26023,2795,2816,2842
36073,923,950,988
48347,2676,2699,2707
54057,1900,1941,1961
54027,682,724,753
17193,911,933,954
53000,1322,1487,1344
18139,910,943,972
18045,1284,1296,1316
28137,2135,2158,2174
36003,1451,1468,1502
40135,2115,2135,2165
41033,883,907,936
26015,2730,2745,2761
37013,2068,2097,2138
40111,2149,2175,2216
47133,1816,1864,1893
18015,1098,1107,1121
26067,3053,3080,3115
28099,2635,2675,2698
36105,2510,2551,2601
39073,1133,1158,1186
48363,1575,1587,1600
72013,1405,1434,1508
5009,2224,2273,2298
21043,1073,1096,1123
26103,3360,3378,3400
41053,1657,1677,1695
47069,2569,2600,2622
47075,1951,1970,2000
1045,2897,2952,2990
13257,1872,1908,1959
40001,1540,1560,1586
5139,1909,1949,1994
8014,2511,2544,2564
20121,1456,1456,1514
28071,3733,3752,3798
41031,1195,1204,1230
17075,2121,2134,2152
22043,1222,1237,1249
17017,1368,1395,1398
16069,2769,2812,2846
45071,2532,2579,2589
51790,1179,1218,1255
17045,1177,1197,1219
22089,3067,3157,3224
46013,4120,4159,4178
13187,1568,1615,1635
20051,2935,2935,3066
21083,2270,2300,2314
28093,2567,2587,2610
36019,731,738,749
17011,2549,2575,2585
56005,3511,3524,3900
30093,2680,2721,2757
19021,3435,3465,3502
17165,1433,1472,1495
13039,2144,2170,2192
21101,2538,2568,2613
39161,1450,1482,1484
55075,3638,3683,3705
29169,2202,2217,2231
28045,1564,1624,1644
40009,1670,1676,1680
48325,2400,2419,2445
5043,1204,1243,1248
22101,2671,2690,2724
47121,755,774,810
51089,2241,2259,2283
54099,1391,1417,1442
29101,2958,2988,3021
17189,1032,1045,1061
27169,3345,3370,3382
30047,1352,1361,1364
37007,1198,1207,1226
39069,1492,1524,1543
51197,1033,1052,1061
13081,1160,1183,1210
18175,1173,1197,1220
21193,1380,1415,1429
22115,1770,1799,1832
29023,2618,2631,2636
36017,917,928,945
51590,2021,2041,2075
19033,4063,4085,4127
21121,1534,1523,1549
37165,2281,2302,2331
18121,1037,1046,1057
20175,3330,3393,3417
22061,2978,3037,3070
37047,3080,3125,3162
5019,1127,1150,1179
5015,1813,1854,1871
12007,1648,1674,1691
27099,3128,3143,3187
33009,880,916,924
46135,2271,2291,2313
55115,4248,4287,4318
21053,616,641,665
47171,1194,1217,1237
1127,4567,4648,4698
28153,1498,1505,1522
17083,1701,1723,1740
18049,1221,1234,1253
22069,2490,2518,2548
28061,1115,1130,1156
48459,1412,1452,1462
51840,1379,1410,1443
56029,1697,1722,1762
49027,718,718,738
12063,4197,4268,4306
13261,1514,1515,1536
13219,1697,1735,1781
18149,1345,1358,1388
27119,3086,3100,3105
29225,2171,2193,2216
35041,1272,1301,1321
32023,1702,1716,1792
47181,2195,2224,2238
47109,1663,1709,1742
21167,1009,1141,1166
22085,1853,1863,1881
55057,2234,2254,2290
21071,1583,1603,1631
56013,3776,3796,3810
20021,1481,1481,1509
20059,1453,1453,1486
6009,799,821,848
13031,4029,4045,4067
29001,1384,1400,1419
25019,622,638,647
19167,4122,4138,4166
27083,2630,2663,2683
28079,1662,1698,1737
37139,1356,1388,1457
31019,4057,4087,4106
54051,1711,1724,1741
16045,1295,1308,1326
5005,1736,1762,1794
28091,1498,1518,1543
28029,1985,1997,2024
40049,1896,1928,1949
18153,1446,1467,1476
6011,1034,1050,1063
13035,1362,1404,1422
19125,2390,2413,2459
24047,1772,1787,1816
29131,1850,1864,1892
37189,2341,2356,2377
40005,1080,1095,1114
55045,2093,2130,2167
8083,1034,1060,1088
33000,627,605,648
72137,1945,1967,1996
18165,1001,1019,1040
20041,1004,1004,1042
30081,1944,1965,1976
38101,8184,8204,8222
40133,1506,1523,1545
47033,1393,1422,1451
29165,2068,2103,2128
37123,1666,1685,1708
36077,941,958,969
55121,2848,2861,2886
21215,876,901,906
18027,2045,2063,2077
22095,2297,2324,2346
29069,1963,1970,1975
32001,1180,1213,1213
47139,928,944,979
47101,1017,1031,1051
51199,1159,1181,1213
53045,1230,1279,1301
5037,1125,1149,1172
27009,3632,3654,3678
18041,1929,1948,1963
28031,1615,1631,1656
31025,1477,1498,1512
47085,979,991,1018
51029,1187,1188,1205
13207,1289,1304,1325
18087,1860,1872,1886
26123,2062,2075,2089
27005,2524,2548,2559
48401,2196,2235,2273
40035,1233,1253,1277
37117,1079,1096,1139
29161,2195,2215,2232
5029,969,994,1033
15009,1078,1085,1127
48321,1598,1655,1688
48331,1164,1181,1193
17005,1384,1390,1402
24039,1504,1520,1549
20079,2226,2226,2316
28117,1798,1817,1846
37199,828,867,894
48037,3526,3560,3607
48463,1433,1451,1453
54053,836,856,872
17023,1027,1045,1053
28007,1469,1490,1509
6093,993,1001,1019
13299,2841,2882,2900
13055,1506,1536,1556
21035,2091,2105,2111
39019,865,900,921
45067,1601,1627,1693
48481,2101,2137,2143
55069,2355,2378,2391
8117,1882,1890,1915
17053,1037,1056,1082
13227,1410,1438,1463
29029,2859,2874,2898
40153,2203,2216,2227
48001,4030,4134,4149
55085,2704,2729,2746
18159,884,901,928
22013,1036,1057,1072
17033,1404,1424,1433
22029,1255,1264,1296
24035,1378,1386,1406
27021,1793,1808,1827
33003,673,693,701
51035,1267,1281,1292
22047,2387,2407,2434
48223,1999,2029,2057
51095,1421,1458,1502
55061,1994,2017,2042
13241,837,851,895
46011,2769,2784,2793
8073,701,742,744
28159,1567,1612,1628
72145,1429,1460,1491
22009,2398,2425,2443
28057,1891,1932,1960
28141,1359,1369,1389
37037,2623,2635,2671
40065,2177,2184,2204
2158,662,669,670
18179,1724,1739,1765
26151,1296,1322,1340
48099,2896,2962,3030
48467,2220,2240,2255
48259,1208,1232,1271
47135,693,718,734
5071,1521,1555,1584
13143,1595,1611,1649
20191,1143,1143,1176
21177,1681,1702,1719
28113,1919,1939,1964
40089,2543,2558,2595
48249,2417,2431,2449
51139,796,814,831
27055,1029,1044,1058
56039,1958,1974,1990
19057,3303,3323,3344
24009,1924,1939,1968
26107,1557,1564,1575
42103,1130,1157,1183
45025,2066,2099,2117
46093,2074,2088,2097
48487,1125,1143,1167
54019,1407,1429,1448
38059,4473,4488,4506
18147,1180,1204,1226
21141,1484,1509,1528
27097,2770,2790,2805
31067,1690,1704,1712
56033,2359,2377,2390
27157,1366,1374,1374
28133,2163,2167,2190
37017,1584,1611,1630
31001,2120,2128,2139
47061,1002,1030,1045
51820,912,945,959
55135,4491,4507,4530
13017,1265,1280,1306
26033,1142,1178,1190
17185,887,914,924
5083,1214,1224,1238
13085,1430,1453,1486
21009,2334,2338,2351
23003,358,382,401
28127,1745,1774,1796
51093,1245,1261,1279
21213,1012,1029,1046
36021,1258,1288,1315
45023,1917,1960,2026
51105,1185,1197,1213
18135,1681,1695,1714
27015,1849,1870,1883
5103,1103,1128,1159
13177,1230,1259,1274
39065,1481,1507,1519
51073,682,689,702
6021,1234,1254,1273
18117,987,1012,1024
45037,1425,1425,1449
47023,1259,1271,1281
21069,552,578,584
21013,1551,1586,1607
28085,2248,2265,2291
28017,1338,1355,1381
39131,1197,1215,1230
48003,1271,1271,1308
51187,1109,1126,1138
1093,1779,1813,1841
13119,1479,1512,1538
18021,1640,1659,1669
18129,1609,1619,1642
27105,3417,3435,3449
40091,1072,1079,1108
21155,1371,1399,1417
29015,1101,1114,1132
5063,2395,2438,2459
13123,1523,1540,1561
20111,3080,3080,3168
21081,1016,1039,1069
28123,1862,1873,1892
48073,2791,2807,2833
48371,1147,1169,1192
56041,1363,1372,1399
17159,1103,1123,1145
22077,1701,1726,1752
27095,1914,1922,1935
5011,737,756,772
12039,3556,3577,3607
16057,2021,2032,2051
35047,650,660,677
36107,1407,1421,1439
54031,553,578,585
55049,1575,1601,1625
48389,1383,1392,1394
17191,1164,1170,1199
18075,1393,1407,1414
23009,455,469,472
29055,1459,1470,1478
47127,560,568,583
51005,541,556,562
21045,704,722,736
1059,2953,2978,3011
12121,3569,3614,3641
13011,1023,1042,1068
21133,755,787,814
21161,773,789,810
21163,951,961,972
26035,1051,1079,1102
29201,3114,3141,3157
31119,3549,3575,3617
36033,485,502,540
54083,947,969,977
8107,928,941,945
16031,2404,2424,2433
27093,1766,1774,1780
39125,1012,1035,1047
1021,2631,2645,2676
5023,953,979,998
45087,1365,1387,1389
49041,1138,1138,1161
21239,1098,1118,1122
21049,1252,1266,1296
21157,1242,1275,1303
28083,2356,2388,2408
35006,1949,1962,1987
46081,2368,2378,2397
18007,643,656,676
72061,2232,2260,2295
8097,726,731,779
19139,3343,3360,3384
22053,2038,2048,2068
29219,1457,1471,1484
28101,1349,1369,1395
28163,1821,1829,1936
28025,1130,1145,1158
41027,621,643,670
54035,941,949,973
13105,1416,1431,1455
5135,917,947,953
5027,1359,1377,1393
19149,3154,3178,3208
20009,1965,1965,2037
22075,1482,1504,1528
38089,3907,3909,3942
5091,2394,2423,2441
19015,1673,1682,1707
19127,3803,3813,3862
22031,1541,1558,1578
46065,1891,1903,1911
48445,1199,1199,1199
8025,1466,1498,1565
31107,618,622,629
49047,1056,1077,1094
8087,1937,1962,1980
19179,2896,2905,2941
18047,1014,1035,1057
26061,1887,1898,1907
48337,1069,1161,1185
55029,1959,1986,2017
17181,1457,1477,1490
29007,1404,1451,1474
8119,881,888,906
19097,1692,1697,1706
49013,725,745,763
26007,1006,1018,1034
27023,1166,1182,1194
36095,378,392,401
48227,3656,3649,3668
8003,833,860,868
12133,1712,1744,1757
19027,2206,2228,2237
16075,1893,1904,1926
21003,943,967,977
27147,2371,2383,2399
29195,1828,1845,1855
37185,983,983,994
51169,1026,1044,1063
26041,2799,2814,2823
48093,821,824,879
5003,1089,1120,1131
18131,685,700,727
29141,1343,1350,1364
36099,509,532,551
42057,547,558,564
55053,2130,2148,2169
40103,784,803,810
2185,709,723,739
1091,1566,1579,1596
5141,584,599,634
5113,1069,1085,1098
12075,1624,1648,1656
13009,2887,2899,2914
16039,1121,1141,1161
36115,606,619,625
39075,1775,1796,1805
39001,1113,1132,1145
51023,1022,1040,1052
40099,894,910,932
31097,451,458,463
13087,1793,1805,1831
17041,1642,1658,1680
26043,2045,2059,2074
29209,1457,1470,1492
28155,625,632,642
31177,1488,1504,1515
48503,1248,1274,1301
48053,1767,1793,1806
17187,1346,1363,1376
40117,808,834,853
21223,332,337,340
1039,2633,2683,2699
1079,1671,1705,1738
19041,1442,1455,1467
20133,962,1006,1006
21173,1213,1237,1256
29107,1821,1839,1866
29207,1928,1941,1945
45029,1716,1734,1747
47039,1111,1152,1169
55129,990,998,1007
38093,2911,2927,2941
55119,1658,1672,1682
13293,1727,1757,1798
21005,746,778,790
24011,1187,1190,1195
28027,1769,1780,1795
37009,1032,1041,1060
48505,788,798,828
48499,1792,1810,1820
55003,940,948,958
17131,974,990,996
13171,888,916,941
21183,1316,1344,1358
26165,890,911,925
29177,933,960,970
37011,1201,1224,1236
40107,1216,1226,1247
41019,1228,1239,1253
45069,1719,1726,1740
48365,873,880,887
38077,1432,1449,1462
6027,452,468,490
8015,852,881,898
12003,2230,2246,2256
13279,1877,1923,1938
13321,914,922,941
19085,1289,1297,1306
17109,1813,1840,1849
21087,645,648,667
27153,2130,2139,2153
37121,726,740,786
46127,1453,1470,1481
51001,1533,1545,1553
54065,482,499,518
27045,939,954,966
48279,1535,1552,1563
1007,1548,1577,1601
5121,1236,1256,1278
13029,1689,1706,1720
13103,2388,2394,2427
19123,1499,1515,1566
21051,1288,1294,1325
22121,1602,1619,1641
26105,842,857,871
27079,1813,1825,1839
40073,1147,1159,1168
27135,1528,1539,1550
20053,954,954,983
5041,784,804,822
12027,2644,2694,2707
29175,1469,1484,1498
29167,1679,1688,1704
37113,1110,1122,1151
36049,603,617,630
45039,1236,1242,1264
51033,838,842,857
20115,582,582,590
38079,1712,1742,1764
13071,2843,2869,2890
20085,916,916,962
22011,1622,1639,1687
29127,2155,2164,2185
35017,682,711,736
47091,1642,1666,1679
54045,1261,1292,1322
20205,520,520,537
47027,706,740,758
1017,2076,2090,2116
5021,1162,1178,1189
20087,962,962,1017
37091,1169,1181,1204
45089,1894,1927,1961
47169,2041,2043,2062
17173,1651,1659,1668
20149,866,866,908
37175,712,730,745
39067,474,506,534
45011,1181,1233,1287
19081,1064,1068,1088
21203,731,736,745
21099,1139,1128,1150
28005,764,769,777
36039,914,922,953
36113,775,804,812
41045,2658,2670,2687
51051,519,524,530
55113,1090,1101,1116
55125,1508,1523,1541
27033,1156,1165,1176
51159,562,573,598
6051,744,748,772
29157,1749,1758,1768
29215,1174,1218,1245
31159,1041,1045,1049
39115,548,569,573
47007,1380,1401,1431
48219,1727,1735,1761
53075,2585,2606,2613
54005,841,859,873
55067,1802,1813,1819
21057,336,343,353
39121,869,885,891
12093,2215,2218,2231
13019,896,909,930
20005,1099,1099,1144
26127,1505,1524,1529
27043,795,810,817
48353,992,1013,1035
48025,2368,2382,2396
51580,302,305,309
55001,1324,1339,1344
72051,1005,1015,1076
5053,792,820,838
13305,1827,1843,1869
13189,1132,1142,1158
16051,1896,1907,1917
27047,1819,1838,1847
54023,606,624,636
21115,1007,1016,1016
22087,2074,2085,2101
45017,702,716,725
45061,1029,1035,1065
48177,1498,1499,1519
56001,3353,3354,3368
35029,2185,2194,2206
48307,412,419,423
49037,1275,1285,1296
5000,2822,2786,2814
13111,1218,1226,1239
20057,4948,4948,4989
21103,689,696,708
24019,1182,1194,1212
29109,2153,2169,2183
29049,1121,1138,1145
51520,709,716,724
55047,1611,1623,1637
5057,1049,1070,1091
13027,867,872,881
13163,1149,1166,1173
15001,1765,1780,1789
19047,1973,1981,1996
28001,1633,1644,1669
31155,1587,1599,1618
39105,684,702,710
40095,958,982,992
48293,1107,1119,1144
17149,1218,1232,1242
35053,812,821,841
1053,2333,2365,2379
5133,1910,1921,1940
8039,841,849,857
12129,1834,1852,1893
13225,1282,1288,1300
21085,1139,1150,1163
27161,1589,1608,1620
27091,1447,1465,1479
29229,935,946,950
28131,993,1015,1023
37053,513,522,540
41009,695,713,719
42115,813,836,842
51163,423,430,434
1025,2137,2154,2174
8081,466,478,483
30001,707,720,720
72113,1224,1275,1301
6015,587,605,643
12049,1907,1941,1948
13145,1199,1220,1231
13237,1143,1166,1181
18125,742,760,772
29053,1369,1379,1399
46041,1202,1206,1214
51065,647,655,661
55123,1395,1415,1427
27159,1035,1038,1047
28041,890,894,904
12059,1356,1411,1416
13229,1348,1380,1393
22003,2275,2319,2333
28039,1523,1534,1557
37033,988,993,1005
39111,570,579,585
47083,707,712,721
47005,1043,1056,1075
48297,677,693,693
51011,547,558,566
54073,219,228,234
17025,1110,1121,1130
8099,893,904,912
31027,525,525,537
1107,1499,1531,1554
27001,942,945,949
29186,1286,1296,1303
29009,1667,1676,1687
31047,2281,2284,2296
42131,618,628,636
48077,544,556,567
48145,959,977,999
53003,848,857,868
27129,1199,1210,1215
38105,3785,3807,3831
5087,852,869,894
5001,1132,1143,1158
13001,1456,1477,1490
19137,647,658,666
19191,1242,1253,1269
21219,562,567,572
21017,732,737,770
22059,1068,1076,1081
26141,450,455,461
37015,1073,1080,1096
46102,1835,1844,1849
48357,822,826,834
51540,2036,2048,2050
18009,790,802,806
26051,1070,1076,1088
55007,870,882,888
72105,741,748,760
1065,1221,1236,1260
5075,1356,1370,1386
17035,823,847,853
21079,826,839,848
22111,1602,1615,1629
27065,865,869,876
31141,3390,3403,3408
40085,749,761,771
40069,671,689,698
48253,2050,2098,2115
48409,2062,2062,2062
51690,862,871,876
18155,407,405,415
30021,853,887,890
49029,690,708,708
13159,659,669,686
19183,1663,1690,1720
21229,775,781,791
27103,1924,1941,1949
29145,3202,3230,3255
42105,448,461,468
54059,1151,1172,1186
17139,1114,1128,1141
20159,649,649,685
27063,704,719,725
48399,720,730,742
56043,662,665,690
1113,2539,2561,2580
8071,389,399,402
13211,962,984,1001
13205,1147,1166,1182
16079,693,707,733
18111,749,761,768
23007,365,372,384
48055,2181,2193,2206
48449,2329,2352,2305
19005,1046,1056,1067
19109,1402,1410,1423
20073,373,373,373
5061,965,977,1005
5049,683,715,740
6063,385,397,405
13231,983,1008,1038
17061,1035,1047,1053
18025,496,506,511
21033,826,822,825
21077,399,402,407
24029,589,594,613
26129,790,811,820
48255,1159,1163,1199
51193,589,593,599
53001,1516,1535,1548
54097,661,675,683
31105,295,303,307
42093,739,787,849
13005,852,857,866
21205,1033,1060,1067
37079,1368,1396,1417
40149,606,615,626
51115,247,251,257
50011,417,424,437
51021,390,395,401
72087,473,479,491
12013,1021,1051,1058
17067,1166,1172,1183
21153,669,670,670
29217,858,869,876
48489,1566,1581,1592
51141,617,633,651
53039,378,387,402
56007,873,878,882
30043,660,672,687
48075,1131,1139,1138
5079,2696,2704,2712
4012,1102,1114,1139
13179,1735,1750,1776
18013,556,574,594
22127,1150,1152,1161
35007,422,430,439
46035,2601,2617,2623
51145,651,656,661
55013,1023,1035,1038
54043,578,596,617
19079,1339,1353,1376
20157,493,509,509
46109,879,887,897
8125,464,484,488
13267,1283,1293,1314
13221,688,711,733
26133,737,746,752
26069,1005,1025,1031
29163,1148,1159,1171
37115,681,694,707
37005,515,519,529
48185,1642,1658,1687
51750,1348,1364,1368
54109,977,988,995
17129,637,655,659
31145,844,855,866
1123,2131,2141,2162
13033,1403,1419,1430
13169,936,946,964
19059,1602,1611,1626
17079,815,822,829
27039,1077,1087,1092
29123,1073,1084,1090
29117,926,935,942
48287,756,772,790
50003,325,340,350
54091,516,530,537
55091,607,613,620
16087,895,900,917
17039,782,794,802
28051,1490,1494,1505
37055,812,818,831
35055,1019,1032,1040
36031,402,414,422
47161,738,745,762
48281,594,601,626
31043,3367,3373,3383
48043,820,826,826
16035,765,772,777
19051,584,585,597
22021,785,815,828
34000,961,972,1006
49023,628,628,633
1075,912,922,941
19105,2495,2502,2509
17085,1263,1276,1304
18123,1025,1043,1061
20011,762,762,799
21097,622,631,638
22083,1563,1591,1602
51109,691,709,714
53051,368,384,387
56023,798,801,817
29121,826,838,844
29149,485,491,493
25007,403,412,412
72027,597,611,621
49015,474,489,495
13303,1247,1252,1258
13133,864,887,908
19129,1217,1223,1226
21169,541,545,550
54067,521,529,538
19011,1892,1901,1917
5077,1340,1357,1354
55078,669,680,683
72047,784,786,799
16067,1913,1915,1935
20131,1261,1261,1285
22027,878,892,901
24041,975,986,999
26143,853,872,888
26047,1161,1164,1168
27127,1218,1239,1246
28135,1112,1113,1121
48395,747,765,773
51630,860,865,883
17127,789,792,800
27073,530,541,546
72035,573,581,592
72005,641,653,675
17087,882,891,897
23023,256,272,288
36025,534,538,547
45027,1562,1597,1636
13287,546,552,557
26053,977,983,988
38071,1363,1373,1388
72139,1506,1525,1548
37039,1089,1091,1123
1099,977,997,1024
12079,1428,1448,1455
13161,1082,1091,1094
19083,1346,1355,1376
16053,2117,2127,2132
21025,488,492,501
23029,264,276,290
23025,598,610,625
26137,922,923,938
40023,848,875,908
48133,687,693,724
48009,430,438,448
51071,440,452,459
48127,506,506,558
1057,1246,1271,1294
1109,1786,1802,1813
8049,560,567,576
13199,914,931,947
18171,401,431,438
27133,978,983,984
28129,880,891,913
30053,919,930,948
51149,1616,1636,1645
5137,627,637,652
12123,1774,1797,1810
19141,1489,1491,1500
21127,576,592,601
29133,1062,1080,1086
29067,543,551,555
28077,849,857,866
30041,1508,1521,1527
37173,520,526,538
41065,710,720,751
41011,609,614,632
48457,670,674,690
54041,359,369,383
56015,925,925,931
55023,1522,1531,1542
47095,1321,1331,1338
5047,958,967,981
16013,1499,1511,1516
20167,683,683,683
21027,553,555,561
29003,986,998,1004
29147,2211,2224,2224
47087,845,854,867
48419,981,992,994
48165,1113,1113,1113
48059,590,606,625
51685,836,840,847
19145,1300,1307,1311
46121,1105,1111,1119
72063,877,891,906
72099,635,648,678
1013,1368,1384,1393
5107,1089,1113,1126
17125,883,891,896
22093,1164,1176,1196
29083,1289,1333,1347
40141,458,461,468
40105,535,544,562
45001,1140,1149,1175
46027,1527,1535,1546
51137,738,758,774
51083,957,969,981
53029,809,829,844
46023,1046,1048,1056
51530,417,424,426
1061,1453,1471,1483
13107,1551,1565,1582
21041,461,474,493
21225,847,850,862
26089,530,539,555
40151,732,733,751
51101,360,367,383
19035,1111,1119,1130
31157,2925,2930,2944
72119,791,799,806
72115,395,403,414
1133,1692,1714,1727
1067,1037,1061,1081
13149,510,516,519
13025,907,914,920
29143,1507,1518,1521
48425,605,614,625
55137,1969,1975,1982
18161,384,396,406
72123,354,360,364
72101,695,705,721
13075,1044,1057,1080
13023,804,810,828
13091,1194,1207,1224
13291,1235,1245,1264
19147,770,772,776
19029,952,959,972
27089,641,647,652
31039,712,716,732
31131,911,915,923
42023,98,104,105
48117,2156,2185,2200
51077,659,668,681
54095,250,254,260
22037,2316,2331,2353
29033,574,585,592
29081,551,563,570
72041,546,561,586
1019,1240,1262,1274
5109,524,533,547
13093,587,591,595
18101,493,499,501
28013,928,951,972
28103,834,843,848
41013,364,368,378
48161,842,848,854
48233,1082,1094,1101
54047,755,773,786
17047,335,338,341
38097,875,882,884
48229,351,363,374
72091,660,668,688
12125,1333,1342,1343
19017,2148,2155,2169
19031,1270,1279,1297
17147,927,937,948
31173,643,649,649
33007,429,439,453
45049,982,987,995
48153,487,489,494
51117,1125,1139,1144
21191,531,543,553
27167,544,549,554
30067,800,803,820
51640,690,706,709
72029,865,877,886
6049,265,267,271
12045,1166,1179,1186
13049,904,908,920
17065,502,512,523
20027,553,553,572
21171,852,865,868
21109,759,767,771
21221,535,554,554
26109,1521,1533,1542
29221,1640,1652,1661
28097,902,908,916
30003,1973,1997,1997
40061,733,734,738
40011,548,551,561
48377,559,560,565
48123,1361,1371,1370
48477,1258,1270,1294
51127,496,499,501
51027,608,608,616
54063,491,505,516
21063,739,735,743
72071,520,530,556
72043,352,357,366
13083,660,671,682
19117,434,441,454
22041,1877,1903,1913
26019,598,608,616
27057,1306,1324,1331
28037,475,491,501
28053,648,651,657
40063,694,701,706
47175,475,493,505
48015,811,840,851
51099,555,559,562
54103,541,549,562
29013,698,708,716
38005,909,914,935
23013,283,291,294
5025,490,496,502
5129,424,430,437
8113,302,317,337
19075,965,973,994
22007,1175,1186,1197
26031,660,669,675
26101,517,524,544
28065,680,685,701
41061,921,934,935
41041,785,793,799
55103,1017,1034,1037
30089,360,371,383
40053,299,302,304
46037,492,494,497
72001,231,248,254
8023,146,146,147
17123,519,527,532
20029,777,790,802
20107,421,421,438
28161,857,860,866
31095,508,522,525
35027,947,951,959
48415,1775,1810,1810
51125,266,268,270
51043,293,305,307
51775,1047,1047,1043
55099,934,945,952
19093,647,649,659
30017,894,899,906
72065,549,561,581
72033,587,591,612
19043,1277,1285,1289
19197,1432,1443,1454
21065,580,587,590
27113,848,847,863
29093,320,322,325
29119,1535,1548,1553
37131,939,947,950
31151,1663,1667,1679
40067,328,337,340
48067,1199,1206,1213
55107,1063,1071,1076
56003,634,652,670
13125,136,138,138
30027,809,815,819
1047,2555,2577,2594
5017,1327,1334,1344
8051,561,569,583
8007,422,423,426
13155,531,544,553
19121,849,854,872
16041,833,849,855
21175,441,450,452
26029,789,798,807
28023,1056,1085,1096
31185,1179,1191,1194
45053,1194,1212,1222
48035,678,680,683
17175,394,407,409
19065,1205,1211,1226
29075,543,556,559
46051,787,791,799
40043,352,360,361
2110,972,972,981
5065,1097,1117,1128
5097,420,425,431
16085,350,358,365
20123,341,341,353
20001,513,513,542
20013,929,929,955
21031,700,706,717
29151,1086,1093,1101
29073,600,605,611
32015,337,343,349
48239,973,979,1006
51730,1242,1249,1255
20143,351,351,371
72143,906,915,930
72097,834,856,871
49025,290,297,301
12047,1084,1099,1105
19171,1649,1663,1679
20031,415,415,449
29135,1390,1411,1417
41015,224,225,234
48089,885,892,900
48019,444,448,469
55065,1255,1260,1270
54085,265,272,277
54071,193,202,209
20193,858,860,863
16049,902,913,922
21187,327,332,336
22049,1282,1296,1302
28147,886,890,904
31081,653,663,670
51670,733,741,749
51053,770,775,784
13053,2147,2163,2168
19063,894,900,909
30087,985,994,1000
72057,362,364,373
49007,959,970,984
1029,923,941,943
13131,1118,1131,1150
13281,672,681,691
19135,527,533,548
19189,1046,1054,1060
20163,446,446,446
21159,569,586,593
21149,489,495,497
21123,717,733,741
21139,424,426,428
21197,609,613,625
21237,261,265,266
22065,1188,1199,1203
28015,863,873,883
37041,733,739,748
41007,472,475,481
47137,476,483,487
48115,1325,1325,1325
8063,402,405,410
17015,1232,1245,1253
26113,396,399,403
27011,410,416,417
27101,710,717,719
48501,679,690,690
17169,493,499,499
1087,882,891,897
5117,433,435,442
23027,319,324,334
27143,944,953,957
29063,709,716,718
31033,652,663,678
33019,332,344,348
35051,473,477,482
39163,406,415,421
48289,657,661,666
56009,740,744,747
5147,279,285,291
13167,586,590,608
19055,1561,1565,1572
19157,1121,1123,1133
27149,627,631,634
30035,1250,1266,1269
37143,423,429,435
45009,855,875,881
48285,1610,1614,1628
20127,299,339,339
20139,680,680,729
46005,2438,2441,2447
72141,398,415,449
72075,469,474,480
49001,257,268,277
8021,268,272,282
12065,856,864,872
19107,740,743,750
29139,432,436,443
30085,1335,1352,1357
37149,575,582,589
40029,380,388,395
41049,755,760,764
48305,462,462,462
51570,520,536,539
50027,312,325,326
54015,211,216,222
16073,823,831,838
72131,654,659,670
12041,876,888,901
20141,154,154,163
21119,662,672,676
27121,655,660,663
36123,378,386,395
40077,389,397,411
41057,212,224,239
42053,181,185,187
46125,902,907,917
48047,531,537,539
51007,322,322,327
22025,734,743,753
51678,451,460,467
31000,1175,1186,1184
44000,8408,9489,10011
1005,1309,1318,1328
13079,323,327,343
19115,975,983,992
19175,958,966,963
19101,864,870,879
19067,1210,1219,1227
19091,884,888,895
22123,786,800,813
26009,559,571,575
29061,424,424,425
28009,579,586,590
30077,771,774,774
31137,663,673,677
40075,483,483,485
48057,1127,1128,1155
72017,378,386,402
8065,378,383,385
16021,456,459,473
29065,634,638,644
29181,624,627,627
40033,354,359,363
46067,666,669,673
48131,746,753,763
48313,1031,1041,1044
53009,600,616,627
56019,427,431,433
31041,588,589,597
20145,872,872,888
35019,224,228,237
4011,341,342,347
13273,503,513,518
19023,1168,1172,1178
20151,621,621,638
21135,658,653,665
22091,621,633,637
29223,599,607,611
38053,987,996,1006
31169,332,340,343
40059,322,322,322
41001,376,378,385
46115,663,666,674
48207,242,275,279
51175,1066,1071,1073
51133,334,337,344
54093,244,252,255
13003,666,677,682
28069,606,615,621
5039,399,405,412
19195,450,456,463
27151,741,750,757
28111,757,764,769
31101,504,506,529
36097,400,406,420
50025,345,350,360
50019,247,255,256
19019,1340,1349,1360
55051,495,500,506
72011,380,391,412
72129,730,744,757
72003,539,545,553
72069,645,660,666
1129,1052,1073,1084
5089,534,538,547
19165,876,879,881
16003,159,164,173
21233,658,664,672
21061,489,489,496
27071,502,508,515
27069,330,330,331
29025,480,487,491
37137,476,479,488
31179,822,833,845
48069,713,732,742
54001,575,577,591
40007,279,281,281
46101,500,503,507
17013,348,350,349
31161,350,352,356
72077,688,692,701
5127,482,487,491
8093,320,335,339
13271,707,711,722
19069,826,827,840
16061,313,316,317
16015,210,216,224
21055,311,311,312
26079,453,455,460
27173,797,805,812
29155,1217,1220,1224
29011,713,718,723
28063,432,434,445
48507,798,808,817
50021,329,334,337
50023,835,840,844
55011,934,942,944
20095,491,491,519
72133,199,207,207
30083,762,779,787
1105,769,776,786
1111,1154,1163,1166
13319,520,531,537
19131,919,927,945
19037,978,979,988
19077,860,867,875
20067,878,880,889
21131,390,395,403
29079,610,620,624
40057,187,189,193
45081,896,907,913
48007,619,627,629
48317,460,460,463
48437,575,582,588
51119,219,220,225
54007,187,190,205
27165,998,1004,1009
8103,237,245,247
51135,827,827,854
72045,335,339,346
1041,803,820,829
13253,604,609,622
13269,464,470,473
13317,532,539,554
19095,1071,1079,1090
19151,656,662,668
16047,1090,1098,1099
17153,506,515,520
22125,881,879,889
27117,842,847,850
37073,294,302,308
38055,1105,1106,1111
31013,730,731,742
31139,497,499,504
46019,818,821,828
48341,1988,1992,1996
48299,483,504,513
48195,487,496,517
51147,949,951,966
51620,612,616,618
72085,568,580,590
13191,448,458,461
13315,452,485,500
19089,639,645,654
19161,981,987,994
29197,176,177,176
28019,432,441,445
45065,408,409,416
46057,564,567,570
47067,266,279,282
48179,1589,1601,1613
30071,376,383,388
48137,173,174,177
1027,1034,1041,1052
5095,380,393,399
13289,307,315,327
13099,746,750,753
19159,320,333,334
19133,514,515,521
26039,437,438,444
35028,219,224,233
46047,412,412,418
46079,953,959,965
48387,362,370,371
48083,308,311,314
51103,278,279,279
51735,246,255,261
54021,258,262,267
26011,557,563,569
72149,408,414,414
13235,512,519,523
19073,601,603,611
16009,342,352,365
18115,303,307,323
20147,536,536,549
22035,903,909,912
29137,465,468,470
29017,919,921,925
29173,586,588,590
38061,1145,1148,1161
31051,457,458,459
48369,1016,1033,1032
48051,847,861,865
48335,418,428,429
51063,429,433,438
51079,432,449,449
55077,1252,1254,1261
21039,261,265,268
38003,1182,1194,1201
16071,230,230,231
17003,313,318,319
72007,406,410,416
8027,133,134,142
13201,456,457,463
13183,386,400,418
16043,834,840,843
20017,215,215,215
21023,234,236,242
29153,348,346,348
28021,629,631,640
40129,233,235,235
46123,598,599,599
48403,292,304,334
51057,291,295,295
72023,338,349,354
72103,396,398,401
2240,373,372,375
1085,880,889,894
5105,326,337,350
5099,528,534,541
19007,885,888,898
16081,641,645,651
17059,256,262,268
21143,260,268,269
26135,278,278,280
35037,314,316,317
40127,477,483,501
46033,639,642,644
46129,580,584,587
48379,415,422,429
50017,287,289,290
55041,841,846,855
54089,334,343,346
30007,256,265,268
56035,553,554,562
72153,391,399,408
16077,520,521,523
29115,390,389,392
28157,487,489,494
37187,371,372,379
46045,310,313,315
48017,694,702,703
54017,178,183,190
17009,393,395,403
40045,280,283,283
2000,218,215,223
72019,532,535,549
5081,710,716,720
12077,657,664,666
13193,399,405,405
13209,469,470,478
19053,388,388,392
19039,565,571,578
17151,155,159,161
20171,528,528,535
23015,213,226,234
27075,505,506,507
30105,623,625,626
37075,321,324,326
37095,217,220,228
31127,429,430,433
40055,330,332,336
46071,254,254,255
48405,413,413,422
48031,250,250,257
48267,179,180,183
48495,491,501,507
51111,218,218,222
56031,398,398,406
30061,120,129,134
56017,200,202,205
30005,579,581,584
30057,468,468,468
38021,615,623,630
72111,251,258,268
8055,244,244,247
19119,1152,1176,1178
20081,333,333,345
29211,609,616,618
29059,659,662,669
28119,553,556,561
30023,809,814,814
30101,660,663,663
31093,425,430,434
35057,412,419,425
48429,525,536,538
48159,378,388,388
48063,658,665,668
51075,519,522,524
51830,338,340,343
51181,213,217,218
16063,416,421,423
20105,153,153,172
49019,371,384,385
1119,700,733,738
8105,301,316,342
13181,372,378,386
20201,375,375,388
26085,267,268,271
30009,653,656,656
38057,964,970,972
46055,204,212,216
48193,378,380,392
51113,239,249,251
51595,374,376,377
6105,240,245,251
31035,493,498,506
38099,1545,1549,1560
35059,175,178,182
2261,309,309,311
13173,442,450,458
13109,592,596,602
19071,433,433,438
19173,508,508,513
19025,1146,1149,1153
29203,388,391,392
28143,675,679,684
31031,234,240,242
31121,525,532,533
46039,381,383,385
46137,278,280,280
48151,204,206,206
48351,343,349,353
48319,191,195,204
50015,206,211,216
54075,303,304,309
17071,365,367,368
20007,249,249,253
30091,338,341,343
30095,500,502,509
72009,247,254,261
72109,152,153,158
1035,793,798,805
20003,458,458,469
21011,393,401,438
37029,235,236,245
38069,470,470,473
31045,516,516,521
42113,113,115,117
46077,490,492,497
48475,694,717,729
48197,188,231,233
51131,381,383,384
51081,967,968,970
51025,533,538,542
50005,194,198,206
53019,149,153,157
54087,244,248,253
20093,458,458,465
40093,629,632,637
31087,157,157,157
72151,349,372,381
72054,250,275,298
12029,1012,1024,1032
12067,1391,1401,1402
13141,560,562,564
20181,520,522,527
20043,607,607,632
20077,378,378,391
21091,371,376,384
27087,365,365,366
38073,515,515,517
31023,692,693,696
31129,283,286,286
31065,336,338,340
46009,1432,1436,1439
46085,505,505,507
48225,950,966,973
48283,468,500,543
48109,265,274,277
54013,112,112,115
54105,164,167,170
20119,361,361,365
31077,166,169,173
2220,247,249,255
13037,351,352,352
19009,340,340,342
17155,296,296,296
20137,1146,1146,1151
20189,488,488,489
21007,202,203,206
21181,212,217,222
22081,621,621,628
26119,259,260,272
27081,431,433,433
27029,616,619,623
29111,494,496,501
37103,331,338,348
38085,568,572,574
46087,637,644,646
48237,349,352,357
48483,320,320,326
53043,218,218,221
20033,124,124,134
38081,398,400,398
41037,179,179,180
20165,317,317,323
72095,135,138,143
13251,525,526,528
13249,201,202,206
19003,218,219,224
20049,84,84,87
20195,273,273,275
21129,1002,1012,1014
29129,116,116,116
28125,360,362,368
30099,279,281,282
31011,385,390,393
46043,346,348,353
48065,251,255,259
48385,170,171,175
48271,119,120,129
51600,250,253,261
51610,146,146,147
13101,329,329,333
56011,359,360,371
20089,132,133,133
46105,247,247,251
72107,372,377,384
1063,565,574,583
12043,728,732,734
19143,597,598,599
19001,516,526,538
17171,285,289,289
17069,185,185,188
20185,249,249,256
20153,285,285,285
21105,211,213,215
23021,83,86,90
26097,356,358,359
26071,780,783,785
27051,347,348,350
29089,575,580,590
29035,351,352,353
30015,320,326,327
31059,390,394,396
48247,269,283,286
48417,138,138,138
51037,315,315,318
51097,127,137,139
54101,111,114,118
20047,222,222,227
2016,165,167,169
72039,401,403,411
6043,183,185,188
13301,247,247,251
22107,247,250,253
29125,424,429,432
29185,402,410,418
30097,301,305,305
38095,243,249,251
31089,583,584,611
46015,618,620,622
48411,368,376,376
8009,159,162,162
26013,546,550,554
30073,366,366,368
38045,446,447,447
72015,117,123,126
51183,667,672,667
1011,742,747,752
8019,235,237,241
16007,236,237,237
16029,482,482,482
20179,352,352,360
29179,211,213,214
29039,475,481,483
31015,160,161,161
31123,390,391,393
31073,140,140,142
46049,304,306,307
48243,93,94,94
48435,347,353,361
51045,119,121,123
53013,70,72,72
53059,153,153,163
55037,406,406,407
51017,100,105,107
15000,286,286,286
5013,181,187,191
5073,295,301,306
13197,272,277,282
13283,406,414,421
16037,188,189,190
20183,187,187,190
20023,243,243,253
26001,304,310,321
27125,282,285,286
27077,138,140,141
29087,313,316,316
29041,287,289,294
30065,259,260,261
38067,690,693,694
31037,1386,1391,1396
31021,499,500,502
31125,341,343,343
8061,56,58,61
30109,107,108,108
6091,32,32,32
20129,195,195,195
72121,141,147,150
72053,431,435,443
48081,340,344,348
49017,268,268,270
2290,198,199,201
2180,262,264,264
5101,504,510,516
13259,649,657,657
15007,135,136,137
19185,338,340,346
20197,356,356,369
20019,121,121,127
27155,182,187,191
29057,330,335,338
37043,316,316,320
31029,299,302,302
31175,234,235,237
35033,73,74,75
46091,232,237,240
46117,257,258,259
48333,205,209,211
48101,124,128,129
48211,304,306,306
48455,301,314,315
48407,404,407,407
48315,236,237,238
53031,199,201,204
48191,194,194,195
1131,799,805,810
22023,339,348,345
38103,386,386,391
48443,52,52,52
72081,327,337,348
1037,445,451,454
8095,214,216,218
29085,407,408,410
29205,268,272,275
31003,385,391,407
31099,545,546,551
45005,479,485,492
48023,154,158,158
48079,190,190,192
48343,427,431,433
50001,225,226,226
53023,72,72,72
19177,422,425,429
20025,176,176,180
38049,513,514,515
38063,390,390,394
23000,13,14,9
13061,162,163,166
13309,437,438,442
29199,216,217,217
38009,589,589,593
46089,168,169,170
46053,464,469,471
46025,295,297,297
46031,434,436,437
48359,100,102,104
48175,248,248,252
48169,234,234,235
51157,123,132,131
51036,162,162,163
30037,36,37,38
35023,215,216,217
38047,200,201,203
10000,105,118,119
12037,852,853,854
13043,631,633,636
13263,257,261,262
13065,554,560,560
13007,140,141,142
20109,264,264,265
20199,158,158,158
21165,153,153,153
21075,332,336,338
21201,114,112,123
26003,268,270,275
31167,274,286,291
31135,197,199,201
31133,146,152,152
36041,73,75,77
46061,296,298,300
46059,307,308,309
48011,96,96,98
48311,47,48,48
48107,299,300,304
32021,169,178,178
48087,196,197,197
72089,246,250,254
48103,476,477,478
8121,302,326,327
8033,45,45,47
13165,514,519,520
20097,131,131,133
27107,400,402,402
30011,132,134,136
38033,190,192,192
38025,341,343,344
38041,264,265,265
38019,404,404,405
31071,119,120,124
31147,434,434,441
46017,403,404,405
46003,390,392,393
48295,189,191,194
48045,81,82,83
56045,436,438,443
72147,60,60,60
49000,520,583,511
8109,240,241,245
16059,450,450,451
20207,94,94,96
21189,265,266,267
29005,253,255,255
30039,153,153,153
38031,525,528,530
31049,63,64,66
31057,88,89,90
40025,90,96,101
46007,342,344,346
53055,74,74,70
29227,105,106,106
38011,282,284,284
38051,300,301,304
72067,197,198,207
72059,144,148,147
48383,343,348,348
49033,57,57,58
2130,225,226,227
2188,386,388,388
6003,64,64,64
8057,29,29,29
13243,379,385,388
16023,146,147,146
20075,175,175,177
20203,176,176,178
26095,185,186,186
29171,183,187,187
38029,361,364,364
31181,265,265,267
35011,76,78,79
46095,211,212,212
46111,299,300,300
48391,397,399,403
48119,122,123,125
51049,181,181,183
50013,55,56,56
20039,223,223,228
20101,113,113,113
41023,161,161,164
72125,213,216,223
48095,188,190,191
2070,112,112,111
20065,190,190,196
27031,99,99,100
29045,341,342,344
30107,120,120,121
30055,128,132,133
30079,122,123,123
37177,159,159,161
38023,135,135,135
38043,241,242,244
31007,23,23,23
31143,333,334,335
31103,34,36,38
31083,165,167,168
41025,121,121,122
48275,151,154,154
48111,481,481,482
17000,331,316,292
48461,222,225,234
48105,478,483,483
2198,65,66,68
2068,58,58,60
8091,138,139,140
13307,68,69,70
28055,136,139,140
38037,167,167,169
31113,58,58,58
32017,252,252,252
41055,29,29,29
46097,215,216,216
48125,109,110,111
48433,57,58,59
51091,32,32,38
51720,109,112,119
8017,85,85,86
38007,46,46,46
32033,314,314,323
72083,96,96,97
72037,138,146,148
49055,63,63,63
49031,56,56,56
1023,459,470,473
8047,105,106,112
13265,47,48,48
13239,90,91,92
20083,155,155,157
20135,300,300,323
26131,300,300,300
29103,144,143,144
30019,136,136,136
30075,94,94,94
38075,269,269,271
38065,142,144,144
38027,388,387,389
31163,147,148,149
31017,190,195,202
41063,76,76,76
46073,252,253,256
46069,130,130,130
48129,224,224,224
50009,74,74,75
26083,83,83,83
38039,285,285,287
38083,95,96,96
2230,15,15,15
20069,452,452,508
48263,45,52,52
48205,279,281,281
2164,154,155,155
20063,316,316,325
26153,204,206,211
30103,39,39,39
30025,263,263,263
31063,129,132,134
31061,185,186,186
31085,50,50,50
31183,23,24,26
32011,28,28,28
41021,28,31,31
46107,291,291,291
46119,102,102,102
48155,61,62,63
48431,85,86,88
48413,203,203,206
48393,36,36,36
48327,142,146,151
48345,56,58,59
53069,44,44,43
72073,137,137,140
72117,185,186,189
48173,72,77,78
48235,63,65,64
2100,20,20,22
8053,12,12,12
8115,118,118,118
30045,72,73,74
38091,151,152,155
38087,24,24,25
38001,189,190,194
38013,192,192,192
31117,19,18,19
31149,91,92,98
35003,53,53,53
32029,65,65,65
46063,87,87,87
46021,109,109,109
48447,46,45,46
48421,104,104,106
32009,27,27,27
2105,52,52,52
31009,16,15,15
31075,23,23,23
31165,25,25,25
40000,70,86,74
72079,109,117,119
72055,105,105,105
2275,23,23,24
8079,38,38,38
16033,53,53,53
20187,155,155,157
31171,42,42,43
31069,85,85,86
41069,11,12,12
56027,135,137,137
30033,67,69,69
31115,34,34,34
2282,0,0,0
2195,28,28,28
30051,97,97,97
31091,46,46,46
35021,7,7,7
8111,25,25,25
48033,16,17,18
2060,0,0,0
2013,40,40,40
1000,0,0,0
4000,0,0,0
6000,0,0,0
8000,25,25,25
15005,0,0,0
16025,56,56,56
18000,0,0,0
20000,0,0,0
20071,89,89,90
21000,0,0,0
24000,0,0,0
29000,0,0,0
28000,0,0,0
30069,10,10,10
30059,110,110,110
30000,0,0,0
38000,0,0,0
31005,16,16,17
32000,0,0,0
36000,0,0,0
39000,0,0,0
41000,0,0,0
42000,0,0,0
72093,53,53,53
72049,20,20,20
45000,0,0,0
46000,0,0,0
46075,63,63,63
48301,1,1,1
48000,0,0,0
48261,20,21,21
48269,5,5,5
49009,12,13,13
51000,0,0,0
50000,8,8,9
55000,0,0,0
54000,0,0,0
56000,0,0,0
22000,388,388,398
27000,405,453,475
16000,2,3,2
37000,6,939,410
19000,482,466,439
9000,713,647,662
